,Component_1,Component_2,Component_3,Component_4,Component_5,Component_6,Component_7,Component_8,Component_9,Component_10,Component_11,Component_12,Component_13,Component_14,Component_15,Component_16,Component_17,Component_18,Component_19,Component_20,Component_21
0,0.23746308144944145,-0.1816003866677734,-0.2658553089588624,0.7910728484990928,0.17324289029825624,0.02147279172316057,0.009202234252478266,-0.7303595095116812,-0.2564035067580764,0.4823432597204903,-0.456894193609906,-0.6117044458292388,0.886298785946851,-0.03776572320566938,0.16256818519375818,-0.4930947358170089,0.7629752720371337,-0.7010132083649178,-0.23233228309750723,-0.6591787882858308,-0.23395672989883343
1,-1.6363234056869926,-0.5917412538500033,-2.234247948440043,1.089628553936627,-2.644011521871645,2.241033212277954,-0.9290988055126653,0.0033766427164435733,0.16952423837315722,1.3235822982115437,-0.07273760750841422,-1.8732017954635405,0.27735970696439516,-1.795361983978593,-0.7349147416191013,0.3464117240096854,0.3543858355668099,-0.7062216608734829,-1.1513131977804085,-0.4309352558267703,-0.06274417861154047
2,1.4959188152190865,0.7389856797617823,1.1749293993320022,-0.4745413404353328,2.7222106306043075,-2.2799333367025834,0.8818179695873422,-0.39290269070518347,-0.23600702888452083,-1.0762635126245186,-0.33939155353801537,0.7579786579710328,0.5268186655841806,1.0642573141242413,1.2807846599154122,-1.0687800394827134,0.38708320989504863,-0.0006925769505683416,0.8709431007980276,-0.21352301418857988,0.1784683688991446
3,-0.8993155997367814,-0.26818991348728355,-1.9157296912902126,0.18093208488045054,-0.8875806216337823,1.1154546202400661,0.06860339654025366,-0.288748992009806,-0.02765612546553269,-0.09133400909940054,-0.14303837286758003,-1.0879176859815105,0.4882341498696801,-1.4322189065745117,0.22171992632582477,-0.4534396514988445,0.28574131201373587,-0.6745895932613744,-0.7249457915915744,-0.9267362823875294,-0.04220547887585332
4,1.886468873628196,-0.03383693967884047,-2.672379012544353,-0.20566095464790976,-1.3682792217458932,1.4610613958184346,1.5917956326035332,1.296777332646237,-0.7174553419814406,-0.6446530139359979,1.3942246859113554,0.43743996679189917,1.1585207695559896,-0.6676694572603453,-1.4322375751069218,-0.8293903779862907,-1.528987513108009,-0.25443858540912323,-0.47957791877687167,1.3825260168644737,-0.15648070520326407
5,-2.203763361696241,0.8484466114914249,-0.8181847476105973,-1.5460419776979504,0.4187589495083059,-1.2810657777266397,2.9785121996537307,0.13216106337300934,1.1942503665460549,0.92498906013766,-0.7846646703921377,0.48132925023286915,-0.91943433172384,-0.6785937616170585,-1.3766227349443816,-0.8992180442204233,0.8043499680907242,1.0701926090990257,1.3586743515746222,0.31718132940562266,0.15024516789285497
6,-0.169208820300926,-1.1006633576476155,0.7932799528308282,-0.7892570999569272,-0.6097413781934782,0.37794825924872827,-0.09306510704561347,1.326284484886845,0.32531124262722394,-0.5195874104909424,-0.11927172109061385,-0.4606437208045978,-0.14669582882189922,0.5739443472449384,0.05860804641524506,1.8568769636806413,-1.2406585497609122,-1.487569964712852,-2.039410821829693,-0.19311187013847067,0.24081365977869246
7,2.035764739275306,0.20306157168121464,0.4002864394720432,0.9402241504019466,-0.8162044060439837,2.1770915868732206,0.1287858888261805,0.2906185232777325,0.09690018283988794,0.9895790360844133,0.06496362492421452,-0.9136284040000549,0.4788315474594913,0.17324710878471927,-2.370802189351995,-1.030079712438834,-0.793537757117358,-0.795169591348119,0.13017474553815767,-0.056346721299676994,-0.16381696515115476
8,-1.4715363528579948,0.5690217936552094,0.4475738555047032,-1.1031305549419927,-0.2780298057274961,1.151178250675404,-0.7119627952524241,-0.03281434760785091,-0.7612123986162505,1.173363809207854,-0.797227428252469,1.7055511642383336,1.204870825352131,-0.11405633064445117,0.09398344812214307,0.27203226003478254,1.5178358312588587,-1.5351495525921472,-0.06388288849878451,-0.9908170386426631,0.09709492455057459
9,0.8216223165919351,-0.22447267602318827,1.1909876805648567,0.24751689953220396,0.05199627509389224,0.11123108127277928,-1.2432125193767365,0.6054009365474411,-1.279876891400153,0.7871881676504834,-1.6373044982442566,0.06767187779614872,-0.885943247832156,1.3814403623199536,0.8264847288423521,0.5281774055391988,1.60209748870337,-1.1068405275435178,1.3209822426887712,1.4453669583699964,0.17475074990017378
10,-1.3302218961279777,-0.33637071530212886,-0.6055662572419686,-0.5450017094799835,0.47636648101448376,0.45314779673394784,-1.2298295844713503,-1.8077909141293438,1.062841489369186,0.6091156552236944,-0.6325883784415884,-0.17767547653120497,1.5425594397295137,0.4003059539315734,1.3718300494106037,-0.8345957553174227,-0.8812248857271759,2.133448798842572,-0.6205098700395315,0.511977134892755,-0.1733622547119681
11,-2.1747313705342695,-0.43130282823208177,2.1623521064837607,1.4126373945869315,-0.8943938103821003,-1.4207443701660143,0.7313070508899525,0.2829833105795623,-0.20630346688875892,-0.9085136084121065,-0.27945161655973266,1.4397433532723518,1.7760670880414313,1.6783973634288625,-0.529201847077327,0.15439698491372517,1.5132427014004084,-0.2685062592308417,-1.3411664460466584,0.33328587554949923,-0.23454879335424864
12,-1.9687988440463897,2.4182594677824225,0.2981661703235611,0.3332185017202567,2.034280856087357,-0.8409521659108237,-0.8423811249218324,0.5536754567330099,-0.03526101957657093,0.6952753722854936,0.7042276167633591,-0.49920955891446933,-1.7390455821484911,0.2960553027215064,-0.16218079787255146,1.002013343629775,0.19563104083362404,1.450543116211575,-0.01012597714669361,-0.013816002180094464,-0.007729884505380236
13,-0.7471733191477054,-1.6605612277449353,0.01315601380102387,0.33351010440292783,0.531267529661806,-1.0136183519647723,-0.13562665716850889,1.6656294709680175,1.3917326901750493,0.10863225539034786,-2.6548759183941737,-0.24584624137986277,-1.0007485069643172,-2.5466739086607797,0.01212902893740186,-0.6481251896516274,0.6498086670997664,-0.8957376867128314,1.1661487023430845,0.7028906353130359,-0.06235317698673122
14,0.21758483278361,3.4192018639725363,0.09762282959990301,-0.33090876139723036,0.6293039530464004,0.4488606198650919,1.1253401509189564,-0.4013580003137506,0.2166003064535426,0.037039272498940866,-2.130866190592273,-0.8140633650517828,1.9153530011374982,1.9570643034577466,0.7954895404070121,0.3210403371650231,0.14834361136783625,-0.37203942187066413,0.7349837710007031,0.3283775162490948,0.24879136745048683
15,0.21132331025819745,-0.4664885294713717,0.0012073009124477167,0.8555616582595075,2.052395480532684,-0.6817102844177291,-0.4354701604198486,1.4334482873291103,0.41497735419952375,0.3689270846562358,-1.989271085725776,-0.8026865382666433,0.15999621949471976,0.8764131530771434,0.5260068771977097,-0.6557590103244243,1.1120330034021928,-0.14366271147627319,-0.35311628804574985,0.42012067379710893,0.10731935526470941
16,-0.2873996516241742,0.1283313549664794,-1.0767218457912915,-0.07725615807509068,1.1734660193621373,1.1450105728202054,-0.06046227738817215,-2.7454313161486636,0.6684180214300934,-1.6110123223876518,0.6006464299135682,-1.0934929241168805,-0.8177892911518907,0.9895340838702296,0.9976156283048003,-1.189240781342195,1.5671030803930075,0.08453598813646096,0.8919003728387047,-0.25310878402129794,-0.12091530813472302
17,1.1870362569418431,-0.46985672626229696,1.0168882464438562,0.26734183826139973,0.5756329053267245,0.2414072014785991,-1.319076488538757,-0.47422583911782734,0.2354756964827424,0.1064357944923275,1.164631826654981,-0.006476984137942251,-1.447859558986372,-1.5221791225706536,-1.1378400972222715,0.37099804166787614,1.5539287956077916,2.688542636522733,-1.3328953875272058,0.43842064403778946,0.11451663922351384
18,0.5658722457314208,-1.5435799645143116,-0.3493310583344807,0.8148552504717762,-1.1573532443092114,-1.0074784928008025,-1.0149209080502197,-0.10481822223290979,-2.3872340740703146,-0.02756614951624881,-1.5023588581292358,1.2430424608715769,-0.9198933313993245,2.127214772215688,0.039557835886651335,0.7168695631273618,-0.933301663926544,0.21716620746050358,-0.6775070498038706,0.07993913751609272,-0.22350421881435006
19,-1.5136693026454557,-1.8763599068386554,-0.015878616889836026,0.9372925775056131,0.4895718041043308,-0.548556248220611,1.5309284115414354,2.5464439818035287,-0.6072807582267159,1.3554346685160632,1.1615411825258142,-0.157216461454268,-1.1835311913632938,0.3808135254844503,1.0004282488531258,-1.3403353376962626,-0.464962697278563,-0.4808313101186592,-0.9385823875857596,-0.6782503994298744,-0.04445087020463357
20,1.9205992449772848,1.7888156139614138,-1.7079182651480287,-0.20170871295842835,1.3292115840598997,0.49625529007308083,-1.7794583697397444,0.01185976342700149,-0.8102045890455724,0.3029166164879836,-0.06284102811762075,0.9466506543058824,1.705367545839129,1.3826426217570362,0.25892131417299735,0.3968369855952524,0.6911606823859557,1.9259022010802456,-1.6670663110520925,0.8498979573083917,-0.1459887048652293
21,-0.5701258096148354,1.9206203008825198,-0.6319835654212148,0.22027298599086093,1.118944986153208,-0.9741581938381451,0.07907404485208883,0.12022632939708609,-2.3974921228786896,-0.6725196416401026,0.9548799242546165,-1.540267910279002,-1.029896424287846,0.8506199412353036,-0.049072556861987277,0.3846974090785384,-0.3407121625242196,-1.0166957481955792,0.2247209794725625,0.6807150967817764,0.09494832369576003
22,2.1798424644616343,0.8223574514925924,-1.7667460443676788,-1.6892493633802068,-0.9874422735588669,0.9701280985995197,-0.3003453332268545,-2.154943103763944,-0.8406244710389069,0.6630963725958184,1.8098805137875955,0.8796589013824444,-0.06052092615413839,0.2554887718575593,-0.45110279213459703,1.0887552093883155,1.5013193223209509,-0.06152115214616474,0.17657769543865015,-1.2073147351727873,-0.05436679382889696
23,-0.04652169445169272,-1.8056891916591944,0.28676991138247215,-1.2797794835421155,-0.027945862047362872,0.5519811591775764,-1.6277688442633405,-0.5484510232110597,0.09686214774878908,1.1392771485500388,0.7996218004605998,1.008049155445129,-0.16495240445784803,-0.6761558903563167,1.109636534429291,-0.3292505268568818,1.5932853089477534,0.606137798342068,-0.7668498880959681,1.7997186770586704,-0.004913238664939331
24,1.5184724881467575,1.2609295363083262,0.763400087862582,0.008246500424975621,-0.7385216603791603,2.1073768437451763,0.5512724082228184,0.3807808120317948,0.7461052271289291,0.8806378763370265,-0.6496989753566038,0.028922245663437256,-0.3276466717811579,-1.2927212347135595,-1.1995159098356691,1.0300740999904894,1.7561435417661193,0.3859385235584989,-1.3983173383258103,0.0035790328808803125,0.05990730988019988
25,1.8366590546894925,-1.1984002604259458,1.8412519325121453,-1.2181904008661864,-2.7919596012198173,-0.1647884018999274,0.34204186156525174,-0.17779257238911053,0.2618449937790301,-0.9291014372306088,0.01277229384047853,0.10660342600176548,0.5669135089521644,-1.6696438165023733,0.4205201979261514,0.44590639188806724,0.9508687689450854,0.17148375079614042,0.4584459123678501,1.065674221521974,0.02963034640811131
26,1.9354677653578645,-0.19399540165931875,0.7516423936981025,-0.9197729342853844,1.1356109585022283,-1.5350133597006883,1.3828349547933707,2.694603637605683,-1.8530838586712228,-0.4485829528354982,-0.8470459916612993,0.644891541174,-1.4095593551959673,0.4971982142451214,-0.6847676198892182,0.062061059455962964,0.43480923570760205,-0.40450485136655623,0.25707712805885086,-0.6861782991032982,-0.09276075602195184
27,0.20010495609530934,0.6141726093095433,0.10213634883405591,1.706865496648344,1.9392049244948162,0.8461534582116282,1.3906235155355327,0.07732858183988041,-0.18360515380531936,0.552297532782733,-0.6996195725740493,-0.544859481931548,-0.9258180806539508,2.1476095678919167,-0.7086085690253394,-0.7292752081232625,0.02290197488334239,-1.875973372338278,-0.20904120263452583,-0.19860748207933818,-0.013656922713266493
28,-0.3501728875269529,0.8805459902089098,1.7220398823478942,0.011599458677342446,-2.5602494075817814,-0.44019142449936244,1.3002553037603037,2.040428272848265,-0.11622810426924035,-0.12067774197717067,0.7106233464650844,-0.2235664549069069,0.6473753229341228,0.4594617275944207,-0.4214089789530926,1.9515578050693476,0.8772466192416465,0.417635414920513,-0.4261496141482583,0.9373552078271911,-0.3007347109616525
29,-0.5421794946655791,-1.5786683526238199,-1.2436851040102002,-0.05867237204729145,2.2205899752595735,0.13666229044417075,0.015908336356664606,1.4686291526082351,-0.9952108410072634,-0.2384152644403888,1.1046100191983297,0.4532757098107452,0.4767529115971691,0.9351548755999962,0.709895251728323,1.1497266629510488,0.9656515861358137,-0.11662722094044206,-2.031937057486224,-0.3624372501839565,-0.06860925417816915
30,1.1817135683883786,0.21756334491665433,0.7604123799374588,-0.8423638663225603,-2.268629042887432,0.21046716810631275,-0.5668995104596556,-1.6615278335539463,-0.5322851793778373,-0.5813206712052192,-1.236223185716951,-1.222646555528309,-1.1464390172444228,0.5852191878609935,1.173676171802375,0.614176617180344,-0.16936159066994713,-1.267299549577421,2.544483168844485,-0.40687814973047404,-0.1783675967523828
31,-2.3135013267052713,0.40235184905461574,2.500270952881387,1.8723568588824873,-0.7669034046537008,-2.995480283892693,-2.1760319848919654,0.687691726581282,-1.6549296946947658,0.768377104122365,0.674778068921997,-0.24855201824526374,-0.40979351162420696,0.0061831859963233544,0.3456449152336864,-0.7361743186824641,0.8296905855984132,0.9410068095118576,0.4720491933555581,-0.5676650924942467,-0.24185120354062062
32,-0.8585656313568424,-2.315504409272547,0.20992278994403077,-0.33776840524281526,-1.0289194956429426,-0.0932126708678156,1.1324551515771644,0.01388414913410947,0.7839669410410112,1.3168903808291326,-0.512753934954794,-2.1845190016698846,0.4266238055323467,1.0792191409155523,-0.8016085865619306,-0.5092783272432078,-0.1613399052819441,-0.03805320225291577,0.5573403970044714,-0.03554312812924404,-0.06832605002779205
33,-2.1938794067386125,0.1740820328485933,-0.8225273151417577,0.7193460364577671,-0.42262932660739844,1.654079758205769,-1.241046836433293,1.8819505265853647,-1.1048328748820675,0.3131148317769179,0.8921986574933388,0.8890027946409129,-1.7264771515355415,0.8559907728654582,-2.0096821660803172,0.917379501439491,0.5313168872239963,0.18028691572233052,0.1254055786226812,1.4971050942803874,-0.13806274331098262
34,-0.7203515755111625,-0.37790146312033146,1.1625423615246138,0.7574800165023532,0.29041085639365094,1.7621834956645523,0.9136784084601797,0.23775827861029125,1.5402665285555643,-0.09353649698308462,1.3581860184677648,0.4322437339491651,-0.7034831765927698,1.3611828567870186,0.32007998673780536,0.996606406312436,-1.530700141560921,-1.0606651445666573,-1.101115708756084,-1.2082414938784265,-0.14277135928397997
35,1.1102228293121201,1.2584831776096226,-1.0018314127888117,-0.14335014934512144,-0.7309039359204973,2.561448690245274,-1.4132076034480912,0.5562476646302369,-2.108040902005402,-1.4234991663088499,0.4675946076179715,0.7393076398697255,0.27177640546900506,1.0393017697041627,-0.36092052581695266,-0.5611211273108215,-1.5055877735088148,-0.7315278144919817,0.07209986119585138,-0.6032358623011908,0.3343017230072847
36,-0.9176821666794756,1.1853852183278086,-0.7815309612495193,-0.9966663476836515,0.3756019275898385,-1.2885435859095784,2.2595139539978866,-0.17387979318116586,0.8047241698059956,1.6194983660558377,-1.0588371798233773,0.6246816658835507,-0.5715894587853292,0.09646001318046984,-1.3927117079969125,-0.0903501403739192,1.2478204343509987,1.3635167904424212,1.5497403727821626,0.42226135563436723,-0.12270648062142364
37,-1.6560545702161038,-0.0837145567941666,0.31905287030785934,-0.8182213462010925,0.5295487986230063,-2.272078830616977,0.9363273091927584,-0.7809081175667442,1.661207827989994,0.4741670925818451,0.10113300704631939,-0.38369391260106356,-1.676271964175119,1.3040862840071301,-0.6752715932141388,-0.23527614152176957,-0.5295686687955853,0.3915814813636547,-1.3545451475844705,-0.2879106481330208,-0.01611296911892098
38,-2.0945923980107235,0.35944859588541705,0.24660560106170826,0.6420927819243073,-0.8415583599953085,0.6202311385784177,-0.6903910318724341,-1.4270219799943822,-1.395189791326177,-0.9135258659115847,0.3840014581731956,0.4020916595531618,-0.5227341624032504,0.09787744807648291,-1.1764206934276136,-0.6822444838238497,-1.6912204443730245,0.8861705703663719,-0.8760921162116714,0.9551176074059191,-0.167225164475577
39,1.226149522302058,1.1433540948335956,0.3790838790840467,-1.472006401237199,-0.38482320967680533,0.11922566667110159,-0.6910843547944495,0.2841488512246931,-1.256828621010458,-1.015882383515181,-0.15512442930460296,2.379520376137381,0.7653408266064687,0.5099219499789018,0.7158918164566566,0.22863885381365112,0.31081395169694287,-0.766956210324003,-0.9651606279603462,-0.31136440625828693,0.283105229077928
40,-0.9698434839995955,-0.7560683900938803,1.332254874973163,0.3162421827744921,0.41857245338572524,-0.214892135176839,-0.8212246244338729,0.803987965206208,-0.752629845140322,1.0710410357638345,-1.3362525595643062,-0.022387346547435582,-0.5335025984222224,1.1389026636054191,0.7361756913560868,0.3612019343368173,1.1871198546676742,-1.3834114614432627,0.9157777332499006,1.2712160024167394,-0.2181173662959434
41,-0.48763997055048064,-0.19433692732211139,0.12022474355550918,-0.21415806000761536,0.9957365593962195,2.4280473751253924,0.9685606021464902,-0.5472529765199126,1.9633270312685331,1.2583598673340322,0.6442375766839006,-1.3536721487067322,0.8256555284210918,0.6400604910914713,0.24572610879932275,-1.4746533580450958,-1.2284086334921376,0.8773341640754801,0.8709317262779104,-0.670500549167576,-0.2785179227911712
42,-2.360995002603754,-1.3017793509750277,1.3004887683308373,0.2828444097954414,-0.49250630861957406,-0.27967027616178763,-0.5341309031537415,-0.4525293844410194,-0.48113539343504147,0.8655293411417888,1.4024503910465578,-0.9094747977709252,-0.21032735726538962,-1.411779497946767,-0.7417980411763516,1.7533169942278224,0.6611187550959616,-1.0645656731013704,-0.6859454985537746,0.05608802350253854,-0.0943474597074499
43,1.5675802171741435,0.03787332383949067,-0.6554321533651563,-1.91353721771793,0.4522728480648442,-0.44493351631463873,0.23186999363905758,-0.36406532740149483,-0.1052464217808366,-0.4732892054051724,3.3761668474999404,-0.6595416720913512,-0.560432601905306,0.34638484304425227,-0.15339718892802243,0.5050895246181395,0.6632904468019816,-0.49490981067752204,-1.6059075897635011,-0.962861904252012,0.01075038877888144
44,1.61338770873528,-2.0878523076133715,0.9331824556430789,0.014512059399074647,0.9919443867359634,0.970324823364216,-0.12271893813530936,-1.3545403785917924,0.9581036874297245,2.143131067790528,3.0701950529497046,-0.21814894150078937,-0.6392613584163163,0.7521393493597748,-0.43556146915050664,0.587051748352224,0.35450653456635517,0.3499688054893387,-0.43073455565055846,0.25561802977212406,-0.30950133923183537
45,2.364595718112585,-0.3827896894304324,0.48889449056639017,1.713366480639216,2.4338554086969966,1.1352246916920332,-1.4510821004351706,1.7746392820033128,-1.1928417709473467,0.5252311273679939,-0.2117562302341282,-1.1334822051178666,-0.015535786736709642,-0.11561401551465361,0.2680145336363889,-0.10168023993509423,-0.07230367300539925,-0.5582169952652671,0.04156761611421477,-0.1541262675230661,-0.1263665342943502
46,-1.1457898119644616,-0.07322512119787802,-0.7018936002343399,1.336348636164537,-2.304806526349759,-0.7897892939679706,0.9823085140540572,-1.1029450417652433,1.264899460517737,-0.3238003264905605,-2.267889169815328,0.06621465809769826,1.1922646483656234,1.2338225054154823,0.22742980256521703,-0.4830918338046949,0.5795212041784596,1.0238727718068799,-0.14324453263317616,-0.20821785612156443,0.2435248787712231
47,0.8174364512223562,1.0343402310789225,-0.3451923608537415,-0.5877637976595442,2.0417411792413627,-1.2628911801535043,-0.3950175149535973,-1.28312718341144,0.14255338817427263,-1.1522067629448756,-0.9725782347799663,0.40843697539949625,0.29184742082527465,-0.5691558429689821,-0.10517735019237902,-1.4406712867971962,-1.4038140362758147,-1.3344449052416802,-0.13367747710145952,-0.5003706452605626,-0.22767148978652604
48,-1.4636301508082203,-0.16762953112327142,0.1790954654289846,-3.3695049169655915,-0.777781610208529,0.442245496757891,0.14984509501030918,-0.8195941016755104,-0.6381676143154871,-0.5178068733480795,1.186305288250514,-1.4861950995163948,0.14942772478749639,0.555080324271796,-1.7701212089896416,-0.6767996964821925,0.3148519199675536,-0.9406126119550444,1.2159322435589481,0.3093817040635224,0.13505267302097437
49,-1.2006371661407074,-1.9915454118302511,1.0021466920549895,-2.4293217913492042,-0.4453008695494941,1.5330173155160143,0.5933262046992284,-0.5038734293703999,0.9820845307922986,1.0325980980911484,-0.8633520680530773,1.3870728840125433,-0.2306325995276119,0.3811704586751219,0.920316373648535,-0.5781747779637809,0.5531778441331887,0.07641740029497923,0.8909289764621232,1.4524945965039426,0.06089633937468575
50,-1.2157311774519637,-0.09348767454330807,-0.01662666036084129,0.9012999755171773,1.2093148705135626,1.4271999468400158,-1.2507254081027113,-0.18740079099982224,-0.8818575939647515,1.5282937796862122,-0.1956194846163221,0.221669750680712,0.8426869376861567,-2.096426746481709,0.6061465495783208,-1.124157087340313,-1.4904073274013823,0.689045258139944,-2.2739011493823353,-1.2506885136961738,0.08259327139445782
51,-1.4236718996179036,0.0268376274225571,-1.9780396454943163,1.3521632829150898,0.7292858572562624,-0.5093206985864314,-0.7847744759682987,0.520321075152774,0.5741387979569343,-0.9206411070999874,-0.632890485686567,2.2592834257617813,-0.9348986923224125,0.5285575404456848,0.7882317516589932,-0.5871165026316576,-1.0424253115847015,0.650497326320697,-0.4389791311191851,-0.4873968732854621,-0.2395538025255636
52,0.019533656224604876,-1.1238510034610878,0.8105477951695905,-1.1468737283105337,-0.11558926335851956,0.3381556813895615,1.4308402018666455,-0.5343900709390028,-1.108582071600508,-0.1489591543619212,0.15974359382720663,1.3131925410510488,0.7497498195230734,-2.0275730867537347,1.67660212855388,0.8683899634643867,-0.8933335562752839,-1.500621551661043,-0.11423136579142723,-0.7830383147049943,-0.25233458405466874
53,0.34958189387978017,1.2640259820110427,0.7927944847811973,0.8989558564087728,-1.0357322495375139,-1.7321561363894629,-1.1093684110004451,1.4347393914907842,-0.5678227783085045,-0.8721829650719458,2.1032639371650426,-1.227643474998937,-0.5673068617415417,-0.07300986201968068,0.16081555309499992,-0.8977385406330881,0.2316349755178494,1.3477067033207062,-0.7532661581485206,0.321209052599074,-0.2631853834176065
54,-0.9666457116120661,-0.1083302098365504,1.1424442008137032,-0.6831277847915191,-0.6957296808669624,-0.6843605893362722,0.05680777263954006,-0.9458859021161431,-0.5839357113586238,1.2506592157450394,0.6907967388679825,-1.6113368788784586,1.266705440639418,-0.6946221423601185,-0.19497232396402064,-0.19964142313020627,0.9277891883264586,-0.5643326824149082,-0.4945679291518146,-1.0332826532367243,-0.14270834438274937
55,2.103224329610454,0.9947284805493956,-1.4786423809988407,-0.6528155817612546,-1.8158230486200766,-0.4530457866236834,-0.22741614847288988,0.8603941109634948,1.5086932660940695,-1.3302853294322423,-0.8725514838401438,-0.8555084346592153,1.1240099027832497,0.5917534728710003,-1.417020263218406,-0.48032270434589286,0.7272291222636033,2.3663889513763126,-0.2909995082231378,-0.4359635928949405,0.11606853047019863
56,-0.2353058921806678,-0.4339618678684857,0.21118276128287758,1.5272640861286142,0.3386941604057423,-1.2796204560840925,1.3341600664431048,1.236589589796487,-0.27297697979165053,0.30868194817216854,-1.1788196996265092,-0.1954870515061008,0.8607317747758708,0.4681623896125776,-1.283415431797265,-1.1406845374504855,1.3878952345207618,-0.23266496079137167,-1.7396487855791771,0.5023758505123209,0.14739148441539981
57,-0.8880861977321046,-0.9097689428321569,-1.0056459798543151,-0.7372459713667144,0.6953188243645134,-0.5421513447661312,1.0313071170617258,-0.6379211594267322,-1.4289036806915059,-0.6550689088101986,0.5109113151462897,0.38127194512704826,-0.5450499828750434,0.3286701988657874,-0.7405441542625838,-1.0533997875601246,-0.4035315856983595,2.4690602387576153,-0.11479417964631762,-1.27747759276868,0.16507494523853014
58,-1.6904927268921417,-0.25249329970372497,-1.7880259432296328,0.5028377157322541,2.5900371597516085,0.061902616515685155,2.1306716463633975,-0.048945044441138806,-0.47643632371096056,0.8844657080737507,-0.7080429462069026,-0.7577862712245226,-0.14054513390104795,-0.004811716869060398,1.305833510657248,0.21363228452927174,0.8873463225097902,-0.036513004700525244,0.3981864448569383,1.2098473637891818,-0.2215592817864553
59,0.2832525916232315,-1.8407126663508344,-0.6786861060090961,-0.4431628221724641,-0.22865283874389486,0.4006484832625442,-0.5511801696794005,-1.8266204371996495,-0.484266616587266,-1.4612447578556318,-0.10311303034885495,-0.1130210526990449,0.6006945263574831,0.2073909775497278,0.4402311262327225,0.02625527321356863,-1.3905208611898132,0.24748804065483399,2.8614813761531055,0.3141409853041388,-0.016965783075836557
60,-0.36994452291118146,-1.456361203349099,1.032510494174892,0.967905105452988,0.5494821401777377,1.0609266171009777,-0.8093586499754373,0.02594042995540327,0.16797062866807078,0.42917872024358483,1.7696494645311904,-0.2679681222808591,0.4814591729429091,0.45649046517640446,-0.929540005429324,-0.081714939239653,0.32446333048588727,-0.7773158841709332,-0.1732752070534444,-0.6918026334290556,-0.09924312734847258
61,0.8960031256351625,0.23044951543115255,-0.6173068042483686,-1.3263308410940196,0.11390001475220302,-0.13523377953049037,-0.42648482059529635,0.17431071723777308,1.0835023885007158,-1.9221847407938355,0.3530708638461347,-0.23612543482687604,-1.2559264618042105,0.8748100563126426,-0.7534583730695138,0.011356141744528616,-0.7687871048724717,-0.363864489609779,1.5368333432015102,0.24024036348183747,0.2059008515690091
62,0.8862913673389671,-1.3106942636828876,-0.11178209848264604,1.3253758612309694,-2.434258825527502,-2.124146752373294,-0.8505805983140055,-0.7559478850435757,-0.7975537018216293,0.451556501858048,0.5132204265078114,0.12433588953527859,-1.561073047768732,0.011036514939962402,1.661039042850782,0.22531558011148883,-0.15085580890296535,0.1754583112813876,0.05365675340995351,0.7817147892118511,-0.0957768019457133
63,-0.7774343599770863,0.46504959027488363,0.33708185132722196,1.117815912259688,-1.3917202583381885,0.8746242034759197,2.5111566386642217,-0.2460132772547669,-0.10601339491019925,-0.3499249033657409,0.2763206322479913,-0.4918315770614577,0.31266669683619674,1.9978897816049728,-1.191250052898011,-0.671295339086678,-0.9629708449739437,-1.1692076386931796,-1.0804075335026282,-0.034974331846074416,-0.22245820659139287
64,-1.5107767511770718,-1.5529480266470346,0.8989415798091746,0.5164134543288198,0.686772523799973,-1.1549661628422483,0.08067930072435667,-0.30201229439407873,-0.41349150591451656,-1.129833009004356,-0.31819840107289105,1.764926045534024,0.8086456157942937,1.239563639000618,0.6756482316830124,1.0690396535238347,1.3737928648315816,0.13305213486278697,0.5008413107317913,-0.6153880593202286,-0.16437387252645572
65,-0.8808018354916229,0.1808128532561758,-1.4753993412139559,-0.42138398490744955,-1.3697290504031057,-1.0969680855341006,-0.35881762144263574,1.1713526329984194,-0.5872858763917912,-0.14131396263123563,-0.5555993952507335,-1.334091529508267,-0.43623807022749334,0.8682832687387255,0.7547104966017618,0.14687564578167864,0.11644137214116612,0.8300069873454662,0.755345754522798,0.8161083772482354,0.04297306500883641
66,1.1189601785641168,-1.3495213266582073,1.072105104576102,1.3030911690531317,0.4321132426753966,1.156506540569293,1.4220752064654407,1.0161166056820221,0.24781737607015997,-1.2346511749177134,-0.11888372252744016,-0.6747400074915351,-0.14024909693075052,0.06934264891088866,0.9250824997219764,0.8400393141752973,-0.966074054584781,-1.4854758136737625,-0.7767660442264571,0.9033380751474445,0.05048388355948119
67,-1.100860064213473,2.344431018890885,0.7614329948879474,-1.3062528180265636,2.4217343299787606,-0.5851635715971624,1.5419952912291441,0.24831486207563538,0.9413733948898667,-1.5697276505099986,0.026307068392035383,-0.9968609999793407,-1.1123965999187022,0.6017771522042997,0.25591457229885584,-0.42903405267065087,0.11536192033731807,-0.9709085372041205,-0.29448081910813617,0.0431380935868639,0.06826490065536014
68,1.3844109506283515,1.0452855208827307,-1.1266944293987669,0.9205665890426765,-1.4109243032674945,0.9881441035004513,-0.51803225157632,-0.0688499116054118,-0.4978128583296037,-0.5472692951962889,0.02925321531096374,-0.36328489464889835,-1.4603195369822055,0.28684073975181407,-1.3756885668959773,-0.6008901647277503,0.6231780498961678,0.13240763666926053,1.4221246281618685,0.037609470254948846,0.1111705926032343
69,-1.9635446031943267,-0.24807664268536747,0.3411800875233329,1.130274583173375,-1.282240042818056,-0.9839702431268315,-0.5371714075817268,-1.2438886564880756,-1.1381570629678361,-0.6537985096082313,0.076204768785626,-1.3941585014160933,-0.14157626049153793,-2.046788571392723,1.5299534839834137,0.28879279606448066,-0.504262986410727,-0.6520383426473833,-0.5007814793262766,-0.12661603266476154,-0.2500716642314456
70,1.8694910119033479,-0.48951735995278645,-0.3913004565882064,-0.5255901189016193,-0.9819528099828329,-1.4448913391225584,1.0370906516305374,-1.6533331189032843,2.697253593113787,-1.0526103885047036,1.1466025376006543,0.5365311005135409,-0.43046611259496004,-1.3357126734516025,-0.322068059704537,0.903370358834127,0.9769697169068148,1.7013488939122996,-0.7715595050834945,-0.5987123981438565,0.28896646954668176
71,2.159614639783816,0.16246758729861852,2.6557778940834833,0.016133058976060176,-0.4656514970314576,-0.2322876988505229,-0.6771541585585317,-1.0233552152458147,-1.5373110795390337,-0.403652989635812,-1.3420158618555011,2.1274740148143567,2.1046413983015326,0.5265008647483115,0.6476836358233227,0.6804870553880751,0.7081063583130596,0.437021454983665,-1.2225209636137484,0.3450871299193084,-0.2291309284084466
72,0.7175789829666164,0.3779440457588357,0.05616086938883335,-0.7668262427633448,0.476374985173296,0.1304117821171761,0.034853232845874375,-0.16155077632307932,1.9710795611659138,0.048013628226266085,0.6702890290465808,2.659999627732167,0.011440446082884567,1.3664095228596373,-0.37939823242332676,0.016569922664328617,1.0365995134763086,0.8409109678667287,-0.6662037837305481,1.224888236856451,-0.3216503496310335
73,-1.933888828129877,0.6007760603454652,0.013220988999200918,0.4489597966837822,0.3826758208665493,-0.9064584158804195,1.565316842329909,-0.5002878242944975,-0.15710259970151283,0.34462951839255784,1.7631361029707469,-0.8462399871923472,-0.549951323538175,-0.18234476233813426,1.3998825898691798,-0.020240304394027908,-0.02131217904840149,-0.02810442370751622,1.1930792412078672,0.28477720147462565,0.05490610716261783
74,2.3304893906562616,-0.3299205777116133,-0.5325387013480594,-0.4985830978534682,-1.4692323297069965,-0.6519378120137987,0.4367105083186238,1.5208148823128629,1.911077442065937,-1.9093572338165665,-0.04805094479976433,2.0105721182343066,-0.9308630985896855,-0.4755641327164817,-0.1119283947991644,0.3646392600972363,0.6347613208829707,0.17017301399276147,1.3226633125358247,-1.0004348029614762,-0.23608193924791887
75,0.287713583216653,0.03342718544338192,0.20404163668267378,0.0993241775561011,1.0278831229462078,-0.08751123003674294,0.7029547966553156,0.603288736319509,0.10342912717391939,1.0933278975166074,-0.06369147433511695,0.9936991751032958,-0.7127030288259218,-0.789904818351358,-2.0398821112677243,0.9975424969322407,0.5806778479950462,-0.18171039452651158,0.22249162286551255,-0.30822484614584283,-0.09902825256208615
76,-0.6784922585336628,0.3653918402639146,-0.5282185814674789,1.8776770407519938,-0.4073882805360094,0.960355558058098,-0.6825307476895796,0.29159061183242335,-0.8238753179937267,1.0478587840384492,-0.08876034639383697,1.1023085124058287,-1.3712913121657946,-0.04085210357472387,-1.2946863723322983,-0.9165866142090072,0.4243503388430656,-0.965501456522096,0.37551761624917657,-1.8255351154899913,0.23274867629527818
77,-1.5935893924063846,-2.3938621158224764,-1.824730907269141,-0.5271048002725351,-0.2973993926752569,-1.6607088191027115,1.2834364181608091,-0.34219507625359485,0.9557768978502686,1.2572381843015576,-0.20039924580121576,-0.3331769996366551,0.7021222652983834,-0.6804307046994101,-1.1883400495894623,0.7450143741052236,0.6851520990743069,1.6025453516182337,-0.3483552523204873,-0.2990377324299115,0.12593390286232872
78,-2.1151276458743964,-2.371592171361234,-1.0753373338432324,-0.16272372837092966,0.16452248521974677,-0.07608757727731397,-1.3996055795279176,0.1496530784975428,1.7466440642189818,0.33790646831915894,-0.2739457589991097,-1.7356988034462373,0.6828435308857314,1.105257408221395,0.06675937500410309,-0.9566741965886606,1.516357073714554,-0.2891390805415273,-0.2770620201788284,1.2213114355172514,0.05252390892091496
79,1.5804075324174902,2.271407640206951,-0.2989243763861967,1.0111034591260013,-0.7039653931765916,-0.2604158786275404,-0.5709458719868143,-1.0408679617726502,-1.5458225043045417,0.8857956947326644,0.5581635904745572,0.07945689009013693,0.7765247441928477,-2.4714339051494085,-0.29668571635835056,0.0892139480818007,-0.5362569530983328,-1.0984523328302538,-0.4006157427331857,-0.2613217410343517,-0.37771224012930216
80,0.488889976673003,1.41929525052199,-1.300439605623104,-0.5090450354466463,0.6529083278828918,1.2637583140887692,-1.6740410328376787,1.1492103778235976,-0.190353727964953,-0.07745199463835391,-0.7846867028059327,1.179403710979076,-0.344557360091,0.10150852289984935,0.1496471533894455,-0.674959912202132,-1.0012597783475825,-0.5229083223142161,-1.0669573236804621,0.9561692369806711,-0.12559147170952314
81,-1.70840411449737,-1.1476219907210803,0.17183789536481622,0.38698115496167684,2.4164314438423538,-0.9615354313953275,0.07844058983058029,-0.06851985376184741,0.9453117170899233,1.5011484521217602,-1.7728574413477072,1.384634821182474,0.6692902964627613,-0.30364139627626424,0.49687792127478997,1.722108227755597,1.0455325569419671,-0.57640941130819,0.4797065692431177,1.120639962349203,0.24517165367650934
82,0.9773125344305196,0.823367569160458,2.082678445163268,-0.8970590452873005,-0.1598093795614555,0.582773258544691,-0.5324097275370089,-1.9190774765771335,1.9579387835716664,0.11107145601135064,0.7793895271122746,-1.2593603630641734,0.7752175092515489,-0.054384240914824356,-1.3789687784426226,0.9965364070610975,-0.5522390493480082,0.9437763168881697,0.4604489153547013,-1.2211113834268965,0.4172271463184957
83,0.44927431048968675,-1.3315212709291309,-0.03901963905003632,-0.3713966937909798,1.5140119949056579,-0.23442762312048732,-0.9843706453406393,-0.377429773591098,-1.193449353011357,-0.47769654137353534,-0.6441812226309364,0.5652069011112251,0.9402630237028848,-0.3968452039031776,1.0814014346522738,-1.3009918554265953,0.6485144977175769,0.4725614318349108,0.3823133604927656,-0.4374198705429107,0.027016579501299407
84,1.9959668281203762,0.706173455368331,0.5805297647033126,-1.6446862303991872,-0.1659251839304579,-0.02732858002700555,-2.9154480933677993,-1.4261995286997449,1.3589566951312808,1.0486075643058905,-0.9120934384055014,0.9805797426115427,0.8340951553346533,1.4751436497989165,1.1331267429436525,0.25819038661134636,0.81783616316269,1.1018318295994234,0.0018615414648432728,0.4048060256889932,-0.30832217422118413
85,-1.0779027060740458,-0.6238812913387309,0.7305182230360878,1.5964397407046438,1.272991057966212,1.4429662285909055,1.7866150601935842,-0.9695472148022569,-0.7539159569941603,0.2224542830892664,-2.2515566183437876,-0.6945360625807564,-0.036721866451310446,0.7813182155721887,-0.25764261596562227,1.3134644038030854,0.06899871110006424,1.0227274430557125,-0.8565896531030665,-0.13711164706406265,-0.034724031517509524
86,-0.3255224014612862,0.23214277738549455,-0.19811431917643588,-0.1756573933895733,-0.36544166068526224,0.5027933304194356,-0.28646613287850947,-1.7324022799965575,1.6259394592672227,0.7944424188871223,0.4040098867469626,0.911987019913902,-0.5883166238579838,0.27626286302140624,0.2640787126259296,-1.6322795148684546,0.8714962019762834,0.13874004764765707,0.3888455686637511,0.5972391100291473,-0.03379160777471412
87,0.8806535316311704,-1.4981459553784264,1.366958791658608,-1.7154624792344224,0.2899548218662112,0.3287133872281027,-0.17131643096919538,-1.1073930327165995,-0.26621554232452416,0.768030671521245,0.2594484077298087,0.09462297685038205,2.734512411123584,1.2821025691874806,0.397085470236451,0.7031950660139843,-1.3985271633386833,0.1884990592345567,0.23108267238688124,-0.6527137794861024,0.3009974104760864
88,0.5084596128662396,0.27905550468000306,0.7649161904558581,0.03092832207598118,0.6687540508250303,-0.2817921847670291,0.46205187694287897,0.40107024469135266,0.39735302864674965,-0.3059155603861745,0.8243455560580839,-0.7167743760920018,0.794265991564187,1.7300183752083953,1.4796296339614066,-0.6672290313730417,-0.840469368975416,-0.295753802520513,-0.09931494913659725,0.10398867088516014,-0.05030756233493302
89,2.093347045984575,-0.4200775431222954,-0.2650750003577545,-1.0339207583745138,-1.0918547988945955,0.5704941240712895,2.1425705382980063,1.3229319176430079,-0.1756142969865324,-1.4889322905072082,0.5598074675894763,1.0723444262382538,-1.3100366887029027,1.2147978247484224,-0.9371455338216131,0.3849625634871562,1.8796593417772725,-0.6586004805103256,-0.19788518073625336,-1.6852100295160624,-0.2126319085050749
90,0.6510890384390088,-1.288883399510659,-0.6119436433035791,-1.2759460308052555,1.2257903003909347,-0.3242187295976456,-1.2111085737316556,1.2141877086442057,0.2933007368332247,-0.9358346752535049,-0.3768451132068867,-0.5138205483468884,0.14904293164774837,1.4529445010950879,-0.6273143164811401,0.9372086674807473,-1.8930953729387976,0.43629490692574757,0.4098841862361145,-0.6635207969430633,-0.15547021925654045
91,2.0362199727042745,-0.21920933286052338,-1.1661583652536276,0.715618301725008,-1.216615640067214,-0.7899188307794706,-0.3300501507439735,-1.1373792893219248,0.03601412443005279,3.26983081606116,0.30748278798318374,-0.10151900990990231,0.944519921694959,-0.9067469010609388,-0.14605005128638437,-1.5268371787630497,-0.4754664590575873,0.3292634552962563,0.23116741018971493,0.5643049100621547,0.43222159974846913
92,2.087627251413322,-0.8771380012390586,-0.7093496537373488,0.6605397874957727,0.6885203099519499,-0.3058800275380449,-0.7809711674936521,-0.12465673632833364,0.03745047445381767,-0.5956657099337986,-0.35817276729157016,-1.28037452638737,-0.21337911150405778,0.013865972880906182,-0.09070654105972056,-1.0384701844298005,-1.6155157252109724,-0.04194130540849258,-0.4013509059743064,2.7665925013162807,-0.2154963845774244
93,-1.6986598709007885,-0.5918911253299541,0.2686940585017496,-0.17815528339683873,0.09990997819829076,0.42907948566759524,-0.47547618176357154,-0.09843871658970811,-0.7546316801211325,0.26740065251384865,0.7239495147201158,-0.14709747787642422,1.105486292070859,0.5537757529174221,0.27549572576444453,0.9272135099853589,0.022613543979136782,-0.29775604579781245,-0.7583085142571782,0.4120358969736892,0.18346512327584164
94,-1.958575314610197,1.3232424803763787,1.1264089639896016,0.8528312286450394,-0.6512402708933362,0.04088032760494469,1.5766990636764804,1.039627106381583,0.8221579186688399,-1.4650750776166415,-1.7280189310544838,0.6553713770188936,0.5626111255030685,0.41519367796002077,0.1021663773310935,-0.08218056202868439,0.057461902882011494,-0.5897981319914152,0.7029478387432948,-0.9865576944440356,-0.25537965177149635
95,1.1313495108618337,1.5641100363567153,0.715899264534387,2.2084988262455494,-1.8119339495570719,-0.21066159282636251,-0.9910286279175274,1.4841412248433152,0.18738582815728438,0.2838237690601732,-0.13817855601141377,-0.5582712249587125,-1.228686434446362,-0.2924584187975067,-0.30602888408604373,-0.007096397883981755,-0.8145783868395606,0.22618007989979186,-0.3492874483735429,-0.016429451465381942,0.3594470743070473
96,-0.0626351644203484,-1.0740468137027332,1.5830949203894145,-0.328398721940993,0.7804226469061387,-1.2406306360356776,0.8248712264246226,0.42108681577056467,-0.534736268366515,-2.313846890797868,0.7667509315210964,0.15352025863840751,1.2054069506097047,1.0834746607681047,0.45339461664987896,0.20575200856699627,0.6384949132194639,-0.8900893566898094,-2.230472425524598,-0.5418286678013988,-0.07192113280366408
97,-0.20224877811818393,0.8980466364993316,1.0494884020933752,-1.7880002220384335,1.840716316662334,1.0950162003717319,1.2793299195637722,1.9841277606657974,-1.0013828796068445,-0.5719810638182031,-0.4412768555536604,0.26220023623450234,-0.17138327971257747,-0.37113587263778713,-0.4549290284220383,-0.03179885143673988,-0.28741789375130655,0.7841035914013808,-0.9282412756555043,0.3234532248477983,0.30974390432025994
98,1.9465819132013562,-0.8464792469544534,0.6162631074700282,0.5721638239959851,-1.345293995504194,1.323846412232082,0.4723518573581895,-0.0805044562721599,-0.8846672003082116,0.2746230799302351,-0.7688915976048074,-1.300676211345212,-0.6612850414674853,0.709677155061468,1.9600184272016208,-1.3515780747379438,-0.25010767816907126,0.7314219036657044,0.8585734934289914,-0.6878004626686469,-0.2227494349087065
99,2.503950805429475,0.352527174849277,-0.238734674583057,2.437637015519367,-0.048248474928291145,-1.4722173255644333,0.639568542499697,-1.161637971050979,0.4490767372648726,1.0664410060791805,1.561495247890457,0.9896381140137903,0.10926571330212416,-0.7125888493911261,0.6180751362559278,-0.17814141637026498,1.108607890309462,0.9583681778379116,-0.5936516726828392,0.45114265531707576,-0.16818706820131438
100,1.6983586903816672,2.1775734917452043,-0.44287438105971794,1.0552591411183174,0.17385439192011193,1.7602956720605694,1.0813290302234597,1.2159899302711772,-0.9056297109559024,0.4711461055193718,0.1431433350327685,0.29549505253186187,-0.5756214858238035,-0.4392591031564914,-0.08507109433639284,-1.8918264422165967,-1.0878992801041727,-0.5416660293826604,-1.5898758773426658,0.7246375175825087,0.0945248999571539
101,-1.1462755316713888,1.67015604666862,-0.03656142175518031,-1.69042263535611,-2.27389274442947,0.01455704019223932,-0.7534157020996534,-1.623880831119951,-0.9388111840631743,0.06593638887240828,1.6043488630114946,-0.5184932424241101,-0.9247238834728903,-0.04723905195651105,0.7769887119636002,1.3307804367638265,-1.6135234184786496,0.4504897223820495,-0.017108388141778536,-0.7846881605640387,-0.08515620064752881
102,-0.7902567342754144,-1.3296385906109034,-1.0611730156370032,0.26713368610511695,-1.2364361255257434,-0.17316911978771657,0.7353953521670958,1.3379096048115362,2.0865116412727915,-0.5550660044886052,1.809096773504757,-1.4079479924516245,-0.7432738366869995,0.261376335326155,-0.5524357583847875,-0.7839410052210136,-0.026403832382254577,-0.6126056994061245,0.6882041699334323,0.16453184618616734,-0.04193056564233536
103,-2.1158061845403955,2.069173926674505,2.0036229492588435,0.7058694194831591,0.6395907311614727,1.3625119244715653,-0.44443517705111224,-0.6908007296028208,1.1501954853165164,-0.21601393294000917,-0.17489336312079393,0.08704370811417178,-0.18073439000098343,-1.0930696824688846,0.5407091712795716,1.2016846598671187,0.11135928413253203,1.5511229322466937,1.0286338009967342,-1.7213125096137356,-0.10553052825493575
104,1.019035551380802,-0.8118419292883978,1.6516730799360089,-1.2784468307029546,1.79207294512419,0.8653171618546563,-1.181537284400055,0.5759585070842673,-0.26575755608701546,0.13916904373737712,1.44971092978173,-0.28023900855071276,-0.10863823118164706,-0.44648729999758247,0.14233090403919754,-0.7350859650213547,0.21458810502122683,-1.361776729235558,0.4250501428121942,0.7666032739161368,0.3381932024546334
105,0.8025115190606833,1.3616787861701003,1.111689966485082,-2.073970664357613,0.1443502559849036,1.0046443931611655,0.11158093886027455,-0.25437519438623235,0.9586176712517978,0.8112092076345048,0.24313857706628889,0.49645376378310263,-0.6829770363467753,-0.5677477838865821,1.1101826008906241,1.7349177360236816,-0.8604744187008934,-0.6341631256023791,-0.09092863674126692,-0.3725306878179677,-0.2385234060923491
106,-1.8410896336624034,-0.8878358855190425,2.147847257605372,0.21565727940472113,0.5995216495987193,-0.3856722127472076,-0.9865122566008598,-2.257972818660395,0.05406280917714568,1.0162172608425368,-0.13686048489048055,0.6948392139986308,-2.628639666767036,1.4142027509079647,-0.3413938297695254,0.6263881501204795,0.29197947609545466,-0.6666794023500554,0.5442766727618692,-1.0213016924243514,0.0004251174934742781
107,1.2686497519568076,-1.2295904525684032,-0.45680283614066813,-0.41508832004385904,0.4850022790173851,1.9358230884601888,0.27354044797342236,-0.6455571807633773,-0.31005953627967914,1.6726837124140868,1.1190982956631494,-1.7753587152031596,-1.1336860076694717,0.9235755966890161,-1.6802710806796397,-0.5122296631605222,-0.2081945769359357,-1.2217459673339197,0.43107474966091297,1.0667123510643268,0.19291334391005896
108,1.9126483876786635,0.2833548961658795,-2.592410061423263,1.242530664375235,-0.3220037986723543,-0.5248636005705563,0.716285571185341,0.929217700400793,-0.8222397469347802,-0.9340388471341785,-0.9031951096489639,0.49863931830167846,-0.6667750406624806,-2.4430753266917504,0.6871903481522587,0.40575335969318466,-0.3905790445558692,-0.941236437096095,1.1553670473305853,0.4932515497224909,-0.18692922749435936
109,0.15662610666952517,-1.0680730195866346,-0.3427794905199494,0.1822563382660663,1.1154468597476135,-2.014216367856682,-0.038121181889107264,1.9426756839841177,-0.6911914012596897,0.6925083054574409,1.3655260118690231,-2.125513825037839,-0.7487479865765201,0.6354964839051291,-0.13925020676758357,-1.0608144193925695,-0.2117464101709489,0.9569862422586535,-0.8131879347136156,-0.20092412862226175,0.026459584191369196
110,1.3557584204519313,0.6965267223072426,0.21847579069541173,-0.973274159809552,-1.5347926230510396,0.2500812373507447,-0.6596412415856379,0.8960963573321225,-0.47843331266736866,0.14092412987680025,0.7187526039683788,1.0004315745437897,0.498245627509314,-2.1330384137349716,-0.08701430615058817,-0.3704404470566443,-0.924788702013902,-0.38920444799458037,-0.2943152132665282,-0.8079952227811332,0.08831413822952425
111,-0.9384226090559572,0.23243372297534526,-0.4034879123739381,-1.2038352714395868,-1.233459741197419,0.4346453671017661,-0.596073065080378,0.9720134201969843,1.1555576068054523,-0.5892869637884004,-1.1519984796829992,0.18080997488279515,-0.4257454636498039,0.8551438715653398,2.0189617150668693,1.6369725915538986,-0.717538113241153,1.3726160415247435,-0.18177403910477993,-0.5202200431941317,-0.12252857971630862
112,0.1372564519131855,-1.7547249498053432,-0.03254952341812872,-0.9746383728199582,-0.5474899769860908,-1.1189045839354397,1.4102870723255714,0.6595665354786117,0.9180412508642242,1.2704336287354898,1.0680234271160407,-0.38072178338803114,-0.7610642739201429,-0.4796507444197194,1.467049506810807,1.8258267403770783,1.2559759817991092,-0.16173910653471585,-1.1991498591907717,0.2930960651043178,0.38543985234235223
113,-0.9571221154187414,-0.5761375566706259,1.1644147959249136,0.3403582749422388,-0.21162182176777886,-1.6713975178988645,-1.2757968811847458,-0.02396260004233618,0.7209695975336925,0.038020593950139965,-1.072833531066496,-1.5189823717665072,-0.3406469325031782,0.3881609243701893,0.13739307547734605,-1.4466469374850177,-0.026147927790402883,-0.08130940646549831,0.5100546306500109,-0.8325649259733664,0.03257290349467224
114,2.7637770810358244,-1.1510308470621524,0.7022071032429487,0.8610764800414524,-1.411904424344361,0.6203686204597855,1.0302478094275525,-0.23717657409737433,0.03259880546749828,0.05120244162284804,-0.22916576687076634,-0.20792736443241666,-1.4180015182411998,0.9904302520874066,1.9961076309606398,-2.1507132654139087,0.8904323938053266,0.1014671001521199,-0.29146375292171617,0.9144652546533615,-0.37978080066673414
115,1.67330284289168,0.7330241669905686,0.4301262248205036,0.37547090358537477,-0.792210970261802,-0.27571626164606317,-0.15429937872466656,1.6352818301226386,0.19418622178238704,-0.7672240557524386,-0.4880959060462497,-0.18547513536975488,0.838446778817561,0.09725644045524053,1.205841751913558,-0.24158621975186548,-0.8090974684585712,0.7802767771612269,1.9742570968161912,-1.1446828727697114,-0.04841985576704167
116,-2.448900751226833,-1.556439657028595,0.11377699993484038,-0.3365016072279065,-1.6891013148103478,-0.577640069168078,-1.2705079490672064,0.6628084479564327,-0.4193656049970098,0.06549755956052539,1.69273364503051,2.551824510300238,-0.7415948809338428,1.026481555540205,-0.3844532506637629,-0.6981713932684972,0.36059383773592,1.4757221136793024,0.09328277047758476,1.4091252253611197,0.13012185048706262
117,-1.29462908522956,-1.1756240982735844,-2.2709998202083206,-0.9139042600446993,0.44066686360378754,-0.8836494747216215,-0.0032916294041302383,0.22674499970741036,-0.21481874404730558,-0.7388120138498049,0.915509386021853,0.09512579928715495,-0.055889228995861344,1.513171647584179,1.0829200693854328,0.4760569004366149,-0.36336559485884246,0.7668783924896734,-0.08916422155964863,0.4948998096119871,-0.24705573100246042
118,1.799278222702667,0.6897607843344522,1.278002022878175,-0.19122277895686227,-1.4804307389811626,-0.12244508107645827,-1.163230923688764,0.8034714850343164,-0.6020564088818318,-0.03194601504157136,-1.2601832930502697,-1.2004672390770907,0.32223940776202986,2.2029236433418777,0.8769728171697596,0.15905768416491878,-0.22106817715106847,-0.7287430255265032,1.4093450714304947,-0.31025838242444614,-0.03840518603022936
119,1.7451642747099516,-0.7230146925809874,0.2096501019586603,-0.35328231304163715,-1.5372098960077034,-1.0663828198167062,-0.06818226259311631,2.604793384209549,0.06908773419267258,-1.5658793635803487,0.38431866209192467,0.12872586177679082,-0.5438236938253904,-0.8755907958966734,-1.4210899211587984,0.418113796200744,0.8271661448030757,0.1122928711533552,-0.601950022913506,0.7404018689836599,-0.11302788023458385
120,-1.0706131592990944,0.8502401845652615,1.1224203350156712,-1.502598670309503,-1.0767392381965197,-0.6109025771519254,-0.46869002702364176,-0.5091231603848531,0.551932727825554,0.9764107219180884,-1.6233622004403907,-0.6018462228469306,0.13988028116770096,0.2996721953899707,-0.43580001757196896,-1.7652324952315461,-0.7292787499809422,1.6649286811014752,1.1755514881655573,-0.8169410599119411,0.06547218809004787
121,-1.4729801323298601,1.5650559324860458,2.0619977169916175,0.47331845360159935,-0.38174154070091393,-0.17526716385055097,-0.5224034266774067,-0.6645658921806776,1.0368827481919785,1.2669433978980058,-0.011879834945547858,1.0170537182976935,-0.056523873011274005,0.08497171489754299,0.035396102386878354,0.8518830455117568,-0.9357250641608875,1.0645426312573547,-0.5663884247478181,0.5627781281647576,0.1117934199487578
122,0.8566381026357671,-1.706694538858752,-0.2192607411846397,1.1512213717755484,2.167475892628718,0.27646398856831306,-0.10973894543500708,0.9438048971816005,-0.1998038476431259,-0.35065573017264257,-0.8491151230151666,-0.6062564115109281,-0.37845527575811744,1.2174516246788272,0.5325873134073061,-0.6129785460617933,-1.472359904266896,-0.38494638670924597,1.0636772755494557,-0.0392873279756793,-0.25263560814404634
123,-1.5527376655782896,0.24489698322539732,-0.3340012485887815,-0.2521572945000426,-2.341893464494449,0.42729782832119007,0.3786633401872723,0.1145323478594494,-0.2992555465969572,-0.23170092430612993,0.09984105730589825,1.6786464115005952,-1.8111945242463046,0.08588307189749084,0.4336012252773912,-0.15685123456771477,-0.9196078969808419,-2.5184962474269006,0.8633359457306571,-0.5209899639961181,-0.137927152965458
124,0.8573779809621991,-2.4535007127967696,0.8029105579438539,-0.38412845970537673,-1.8517741289675533,-0.28309368175290256,1.1575870377281623,0.38525554010447205,-0.6634668896124014,0.0465527579363756,0.17479122557497218,-0.24354364809034618,-0.8206916370153485,0.47551415176137085,0.932498473668999,-1.9628965458162164,0.13951938813975862,-0.17549983059680474,0.34714341104258034,-1.168816802249545,0.10887362713458852
125,1.123809090799292,-1.9144080854996863,-2.064597789825071,-0.8663172547441567,0.6482698136195698,-0.6316582710574031,0.5716847051986972,2.742726120962368,-0.34804945503836,-1.1326482170976984,-1.1366214224431817,1.1003262642420157,0.01889921162149997,0.46328590757750654,0.049651383466137566,-0.6846765489487098,0.09856648727680634,-0.7350802020431754,-0.9305353490466742,-0.8592959398732017,0.46385331160964355
126,-1.601926064495448,1.466432243376376,-1.3664807986765335,2.2149961528497233,1.075866637693784,-0.8401827641082219,-0.4604216404846604,-1.6325125172078976,0.2196116488590536,1.053567449306337,0.3571702826392554,0.8666255629407226,-1.1836528061328762,-0.9029010632278237,0.3577225958112397,-0.7005767156770762,0.7227293638479814,-0.413031919467393,0.033908057651925665,0.3238056388906215,-0.19316784749718466
127,-0.3656870605215095,-0.1191939609403729,0.41207681750694775,0.6534363201512481,1.0458037836978615,-1.4568576305396315,1.442650997576842,-0.895436924492738,-0.6421435614266036,1.093263365535268,-0.49032009119680353,0.5751482499281149,-2.065049675331779,-1.142894318879149,-1.8964914448435795,0.7312782225393404,-0.3801679728700356,0.49122553413998726,1.8834837331459648,-1.2708279949287375,0.30392770419933224
128,-0.5478517533625537,0.2766859878887772,0.34520492399953245,-1.6465393169294857,-0.6578530111489825,-0.670674074830446,1.313823924120417,-0.05757211478494899,1.708496595323225,-0.8317392901501466,-1.532804432041534,0.5535975498903584,-1.8458095538986494,1.4276440013847438,-1.4626778173728436,-0.6756149247649462,-0.8691954090767505,-0.36709018147350286,0.8537043645086663,0.11197035910773197,-0.15980233325304774
129,2.4906441362806855,-1.6992698377394124,-0.5683044990928335,-1.2393246719091868,-1.0724853992932775,0.7465473548207713,1.2876697886971267,0.7278328525685426,0.8584394545318038,-0.9570570520459006,-1.3518103030942612,0.17042141389181098,-0.6170083986480828,-1.0547603094795497,-0.9920703320115618,-0.39004073059371613,0.12915838213300013,2.0706641034995394,-0.04484536018485971,-0.9557639872285577,-0.14835298546257034
130,1.5791943119437786,-0.8352199426787442,-0.88198183339955,1.2571912470165225,0.787246827355959,0.8059053197089805,-0.03863483546851757,0.2978643419060138,0.35104777776955665,1.7169924603813782,1.4402120157553024,1.4818326986350854,1.5331360173407513,0.12882739433007057,0.8309078830850477,0.7812294004331037,0.6176572528673439,-0.221582210205534,0.6071956716380287,0.08013197337699285,0.2208668826078722
131,-1.2653606584346455,-0.996900603283969,0.9340535619361237,0.31331605674137514,-1.1314242708627977,-0.22819329702636912,0.18812340314301293,0.6998024112912555,-0.7402698602817397,-0.9154905089227187,0.22439125116372294,1.2810396422571515,0.7393870411701777,-1.626298450672468,-0.9869921016344266,-1.407021066797958,-0.4474087949547905,-0.6365845953245661,0.9764352858486616,1.5113785062440164,-0.0548979558248818
132,0.08430580235518335,1.6979772979023784,2.0309564288620625,-2.057639121759022,0.39100301707020757,-0.655630753187015,-1.0663956567273396,0.7592349862250791,-0.6379398466435687,-0.30529443803326023,0.42683067495243016,1.8593882565302602,-1.7528050354118847,-1.6360561150226112,0.13923830249447716,-0.27162070083594003,0.2214091281153942,0.5579151607378235,-1.2411801047594304,0.10354111231637671,0.14819865549134062
133,-0.6347144874165639,-0.5620235584597079,0.7875431439936349,-0.5468454914468267,1.2196962077894846,0.36926017679426354,-0.2597042325149286,1.8432052870616469,1.0722082704466616,-0.10931083674112194,0.007590655281838499,-0.4237674350270101,-0.15245763124273862,1.4766259891227544,0.13583156011208894,-0.374352685857825,-2.058010603611883,1.7846920940025326,-0.7121994704504228,-0.8902515775408701,-0.1795708543612126
134,1.6388222180664764,-0.23529700239951676,-1.2531323458201014,-0.5772072597293333,0.667233942269753,-1.901204727561261,1.805601427827115,-0.7023620981472509,0.9096523323805521,-0.7748359298282755,-0.5203212637476549,1.1527108745409171,1.499519358943255,-0.1951959002194834,0.6130555593743183,-0.6982708274821826,-0.19111036498037848,-0.7252996638591582,0.22368076617669203,2.0167364065362783,0.21421220253930834
135,-1.6447563223371169,0.44603732087616627,1.0147064280354177,1.1886856333613336,-0.27788967383809554,-1.8730623159301498,0.63804928229195,-0.28617929062736686,1.070628873362659,-0.39633971254062006,-0.003396351266440115,0.027266658749520733,0.32763980584902763,0.13539614064021277,-0.11491740637239674,0.31516615304577705,-1.755320389527112,-1.7185477141999215,-0.7177154213878538,-0.32327603559698337,0.1028945677170023
136,0.5137946296017367,0.38219660587601,1.0815532875917166,0.999890738446033,-1.4308226470838779,0.07490203706029634,-1.5101690608613378,1.179119277464777,2.0256273440588872,0.6899626107231619,0.4376433725205563,0.2338560173707104,1.204853143791792,-1.0400920503028321,0.21201333008763887,1.2500273350275737,-0.6749933200244698,-0.21978766203148276,1.1711614202311844,-0.8941191097884394,0.28399266915286664
137,2.3134089003543457,-0.4080026622847769,1.751013351248323,0.9331592606346589,0.9241601919395038,0.6419083641279704,1.0351326913354597,-1.6861746025658693,0.10790133596267458,-1.3738961584493141,-0.038427894870787495,-0.05645615307142571,0.09807335195697081,-0.37255341102390405,1.0678331470174376,1.8168491567709764,0.6781075837321514,0.2456348085640994,-0.645054017659122,-0.8471742166306899,-0.13506308652272458
138,0.32768165349005557,0.3950818511817347,-1.1971233687420477,-1.1413461234881999,-0.8523110034251726,-0.2616773492244967,0.45602483021644297,-1.8164158920937614,-1.1772396020075713,-0.9267805650073044,-1.1453663296182837,0.8648531826378614,-0.2885985431963239,-0.013767270914480056,-0.23227233285418278,-1.3761328385651357,0.032334225603438925,1.0621998658876448,-0.13402873615970248,0.35772696428890993,-0.016339676952587458
139,1.2433620568934918,-0.1514336982485586,-2.1898375290498,-1.932477024674927,1.5045410956752798,-1.249244081280724,0.7474818782035567,-0.925895146943072,-1.6517436896364113,-1.335329366620984,-0.12812305890417372,-0.3572934111153767,0.5916402995422729,1.8435939244404043,-0.8587442317683873,-0.45560139941488287,-0.671935877811617,-0.04195013456982357,1.4962715903837311,-0.15946376096840417,0.18473696212658272
140,1.1335121244610964,-0.3557331882677369,-0.4560101769433128,0.45208447274241687,-0.8212887351772525,-0.9321106400145117,2.278835979950441,1.1877559683248282,-1.2652762774685486,-1.2732055092090944,1.3731908740740473,1.4508387959845597,0.12316507192383515,0.08324643511195565,1.1312821119951924,1.0571948654712293,-0.03664640335399119,0.6687556350201926,0.7885154471982933,0.14547481167702037,0.08372842162031328
141,0.3913046379692103,1.2891090894911845,-0.6968838632387576,1.4512956968950887,1.514359416476491,0.17152243239387044,-1.2492451469246608,2.1469104594297996,0.5040645845602721,-0.23511016240199595,0.18528372490904021,-0.5998251108647745,0.5627262927285585,-0.1553086835990447,0.6735429019552124,0.5353161948647944,0.2234379219749411,0.12040863302318296,-0.05082696191434807,0.2383234304010521,0.07243987185368606
142,-0.9812587386119679,-1.6995709990232957,0.4841478110857026,0.08230201824999929,2.1755084407322323,-0.4273969396326628,1.4662086362622166,-0.09382838810518218,0.04625805099205688,-0.28878273598011417,1.5042643383866519,-0.25296043480479546,1.6391649770068701,-0.7837399119860454,0.5889100493594308,-0.05332889369558988,0.7574498092685262,1.1121316070950171,-0.8028133860312504,0.011438036023413504,0.19181590246214714
143,0.2750346847993732,-1.0236498358873896,-2.0468137998800797,0.23886824617449404,-0.6722844504452674,-0.04968708742105099,0.8879205057408989,-1.3171145599223761,0.2727633454479702,-0.09699269188568223,0.571190370700107,-0.802299848790174,-0.5131630215921474,1.376200831366958,-1.320064850777823,0.93604509833709,0.8803523247647317,-1.2478636571117956,2.125327673466705,0.7888343589412723,0.4062865800386492
144,-1.4987725008846722,-1.6451455991215653,0.2525062984042047,-0.5258796056874162,0.3950526201426142,2.2392400002633304,-1.426208075668332,-0.9413603622808484,-0.7639579705996037,-0.45236238048671484,0.39564369026168866,0.2114009063572341,-0.3859861750865963,1.2479299746980534,0.8431549082815358,-0.5633807773297622,0.02064974636457223,0.42869808544313037,1.4922574865013878,-0.7309154013124161,-0.18182303802775054
145,1.838478277279926,-1.0505803637070088,-2.3231701989565208,-1.1281761631876925,1.3613178093472278,0.10685796145155325,0.2919122297080841,-0.018683014385675094,-1.1264517497663697,-0.7705904873037516,0.8213872874599137,-0.7634252290611697,1.4540118853475945,0.06580136463777889,-0.5871318252871418,-1.11274983431239,-0.17675893997186792,-0.20730132822849193,1.475582790310406,0.29653910488065083,-0.030250673128368547
146,0.816466623394033,0.024270295746909715,2.061986560369003,0.6224948992889094,0.2126944777724477,-0.07857706715046146,-0.7745000480097224,-0.26592678006590237,1.294569446238482,0.8155212549495611,-0.11606883706185685,1.0918402639298381,0.21869608143893113,-0.34103887033807373,1.0180257373972248,-0.9413586210439597,0.3029768591111036,0.7427496998265635,1.6555211544844834,1.6858587580477917,0.07661020753954556
147,-0.11814075671880442,-0.23712281259086213,0.37122192075569616,-0.7269327159541935,1.6745747623347351,-1.3000017715968413,1.7162895544703207,-0.7215214149222346,1.9673866064280838,1.1021354246567647,-0.515897883060156,1.2408336523373942,-0.7865434259670463,0.9567744527075822,-0.39520524678878305,-0.5397632822994151,-1.1905649255580966,-0.8434298524366511,-1.477187916674387,0.11037096190845726,-0.03034556291112313
148,1.1825927177367206,-0.9031580280477427,-0.7400853988094453,0.45365860907432864,-0.9444763744415533,0.30726733811058243,1.5740190102945504,0.0910070772984628,-0.6630874635690267,0.41854845574667365,-1.5761873177359889,-0.7007440972389588,1.2450921999179703,-0.7473025511848367,0.7863372898524168,1.6403223012898644,2.7128567050032646,0.5413909442302438,0.4622285000515336,0.18849948481117135,0.10969069513851913
149,1.6646974587765522,-1.9746149981267092,0.9793567489669123,0.14567833891565138,1.1771085590834787,-1.7724275303004946,0.1437256739185339,1.179887105096471,1.0092135268926496,0.0025251956283190544,-0.10097197246994817,-0.5167431065436444,0.11969245116470967,0.1401302886367634,-0.8908208672107225,0.6504224933447785,0.7080821149535139,1.0747378584722733,0.4411663586384447,0.04263765660937313,0.4085561652897253
150,-0.8929365522780892,-1.0736700878613732,-0.2139101983176439,0.5387828205368153,1.7256360067403431,0.1900186735552825,0.059415482480983384,0.45097136620899664,0.1523878721032337,-0.7873475553696844,-0.5985650119734012,0.7977099982347963,0.30969080226128054,1.0168997890277454,0.5111034589430294,0.02223553134546062,-2.188994518298954,0.5120761898410551,-0.4481195045286298,1.288765477046646,0.09783343507116674
151,0.029193705476420334,-0.27836105574933384,1.4776165302396473,-1.2726370984188262,-0.3577469053988926,2.1597543137672446,-0.3768393032588273,1.1947000581162066,0.2082378255350465,-1.4892772871915507,-1.294130594974568,-0.6334970230902558,-0.8053999402242032,0.662397947828919,0.41770495926704543,-0.3652326108467302,0.05542126674461358,0.9004584989088575,-0.25464876859651187,0.22320348779631216,-0.2751572310625724
152,-1.8122320838238153,0.27801167004833965,-1.8853374386986863,0.7734131420741958,-1.0121485880609626,0.6244457888711498,0.8268406112323257,0.4227062259571434,-0.41157874530291055,-0.43056579558474695,0.6885864806337275,0.9496321925078057,-0.8267031390920901,-1.520547818523836,0.8354841213339118,0.7511456940349455,2.2280781083580825,-0.840194173564895,1.2233516903704889,0.3484993181758242,-0.03516407256869269
153,2.083980104923543,0.9121918059879648,1.1638754564387426,0.011558588532246233,-0.41690999915409443,-2.4423305966252555,0.006602892272325577,-2.1453405635803655,0.7374695458787573,0.36094410984238995,0.7344261838252427,-1.1517478685757088,-0.33441165879345575,0.5047751646082664,-1.3435362700553592,-1.137550006645336,-1.0016957427511592,0.18122157662883548,1.1935576779550439,0.2823079553791881,-0.3665541762825999
154,-0.828625887903042,-0.5119033937179687,0.5259541657770206,-0.9360826290931092,0.9034535965801583,0.05293494231738676,2.336438850803476,-0.3465252225765756,0.255239938774081,2.2020914602050135,-0.6497039351456024,-0.9695497004344698,0.8887281229731108,-0.999334497655211,1.813531033500098,-0.25341455248142736,0.8441036324154624,-0.7826145340623569,0.28422270071096006,1.3284579535416179,-0.2267060909638711
155,0.808157629706862,-0.16040145628918795,-0.14804560850590948,1.3732241334059136,-0.952676372411678,-1.8461500517056708,-0.7294050950883781,1.7485623673184423,1.2962242408815188,2.036963459370308,0.5021905575973065,0.06008961285538601,-0.7316180345833112,0.8638100313407696,0.004911606979292017,-0.49166551619029913,0.1134994775762273,-0.39074934313440013,-0.4333015635008395,-0.44242024728584484,0.047340720042382496
156,0.5906315054582846,-0.45347424323701185,-1.8315270397867671,0.530299487038099,-0.8236431632523276,1.1257891535802709,-1.0957125296947736,-0.6798877680609011,0.06340268239711717,0.46465762278995904,-0.4905363106123049,-0.037202018639636916,-0.9697548912193696,0.44553591329968517,-1.3223619714094614,0.39489656949090157,1.1551246988119208,-1.286968171135115,-0.5442106106694449,0.6867248648201747,0.18028836133218815
157,1.663451441372173,0.7106014504901222,1.5847638821891326,-1.5604399852544169,0.22563345867484635,-0.9444830963622243,-0.8573058038067636,0.15265759642597188,2.47942119183071,-1.1134885478797696,0.3029376376174616,0.6951262286238039,0.028577996637669575,-0.8281270101840069,0.4360320687329252,-0.7171241384457986,-1.6161309216180268,-0.0882268638682602,0.3997715633216255,-0.9208903707976369,0.17001702235624455
158,-1.6229176362227307,0.31406855316251653,2.589362533336916,-1.3140748264538098,2.3936080871088783,-0.570985244010188,-0.6566721597236108,1.3346402510850552,-0.22542611829947393,1.332049548716187,-0.7978864557918487,0.15838430299455414,0.26821562439964386,0.7653643686318256,-0.5133496864683467,-0.13187042580463804,0.7404788350304792,-0.25184894345431347,0.2051876334899426,-0.005610954022364039,-0.018955407069782486
159,0.6997057769012823,0.2344579315481199,0.57572159424236,-2.2860702411624017,0.3512293583309119,0.7024764811991737,0.1690909466090127,0.7820624951614106,-0.5747744980797157,1.7308181964980844,0.26980356475464257,-0.04223231008972791,-0.20042709394342653,0.25224774556602875,1.0240059584607182,1.1204582462961359,2.584240883021507,1.5084330217077475,0.7346452506691624,0.7505673449148044,0.3812649544632676
160,0.07816600983960444,1.8509954855410615,-0.8830023942283661,1.6985634391973485,0.43557275686404956,-0.7376992072950291,-0.45276112361649595,-0.38707929263049246,-1.2247182142290007,-0.4222525552972005,0.8715661042507763,-1.3204330633899755,-0.003493381339041501,0.8040889070726268,0.22204272597148897,-1.4602085488146035,-0.22516347703271566,-1.218921936931359,-1.3259540153270755,0.23513450519779572,0.20513840562124885
161,-1.651233978908982,-0.8039844283104934,-0.2319510667891659,0.19692342284873152,-0.0839579758407577,0.8758695538194392,0.28269388856744526,-0.11957870724709871,1.7817192803413033,0.45992112473050395,-1.121390328871374,1.6480448063312678,1.197782429457682,-1.7918728808051243,0.8654266951186651,0.37742499771096405,0.9564425638244104,-0.31898387738859807,-1.6382897594435555,-0.09701422684043644,-0.18755853620309787
162,-0.8930756587045275,-0.31619510699751446,-0.3300588280003692,0.6819231336320024,-0.059597745339129586,1.731191213215134,0.29384868155978283,-2.0925626591860307,0.5056868532051831,0.018079617084184017,-0.5724968390493439,1.0032616845854183,0.7563033966355085,-1.3422543825981812,-0.9145012771350611,0.38056700562255164,-0.8485101508023976,1.3302534419170493,-1.2116366347281624,0.21660229341680814,-0.27536700911067247
163,-1.2844779331535325,2.9878887611923677,-0.9000299005732773,0.9475088211585527,-1.3296359676702774,-0.4662449533081886,-0.9680160285788636,0.9456819985367374,-1.2415278951662665,0.8793046150546602,0.8070687579167561,-1.4064550500206958,-0.38820411744757327,0.25384723763754957,-0.10243324588478588,-0.0649933057848565,1.7148948764205552,-1.3409659822432467,0.287602682638985,-0.11186841929429937,-0.2671684315269569
164,0.2678167165582234,0.17942734778434044,0.45515437410065995,0.8343694113890647,0.11832326270564947,0.7988353042819772,-0.14795984527693792,0.3983565382714099,0.8714255378211994,1.5746383339181276,-0.37272890831679995,1.349071833207741,1.6719001241324278,-0.9388723272687445,0.4152938591381121,-0.9042102880177821,1.3730517998660807,-0.17738784910876662,-0.7814356444536956,0.12328736702414787,0.21018810982756322
165,-1.180639857752781,0.36131353360002005,-0.14717156542865176,1.136776905873181,0.8854676790445881,-0.23653031405281771,-1.7830830444760966,0.9234642090222054,0.1427760866134429,0.7010394954876767,-0.04920247142061299,1.0329469716027408,-0.3206525645533677,-0.023742430929796873,0.42047904958254095,1.8622625409989735,0.06740606231720386,0.38359257355254855,0.6907348282362861,1.490671806374551,0.290760325328104
166,-1.1518922268848284,1.4348694910273658,-0.656764803054714,-0.8207102801939478,0.1194264504648039,-0.5022033147457962,1.1589869171331961,0.8204253054451244,0.7414071772571292,-0.7523807089286145,-0.6250665634127557,-1.0384245465452404,1.0028693963317363,-1.0450602016224866,0.19391221311450202,0.5387321228063034,0.3832813133545316,1.2044196711619088,-0.10692327169342611,0.6748562991435844,-0.14174438236037176
167,0.7299674964948957,1.301205622169847,-1.5508784609597903,0.6413269371921969,0.6454872818187595,-0.24790922072442323,0.6610966741790266,1.236150097607954,2.073919832626188,0.02867140747341009,-0.14645874906602252,-1.9954151014956087,-0.8127048753027915,0.33978321445657944,-1.2798189261801383,-0.39737141338934945,0.46177811830418886,-0.6291433950378577,-0.9713268545663439,-0.9432769437309206,-0.2255589969246028
168,-0.8384559703189433,-0.10251934219140724,1.0613514204537644,0.6223194172232828,-0.015219152910253305,0.2869520558833631,1.4501818954787806,1.0436758313533896,1.083821624487628,1.7584697781091168,0.14801242533355344,-0.7152998644788536,0.017392325850496857,-0.43410399243847986,-0.021334456154913986,1.643174463626762,0.21095589047073332,-0.7402550177216456,0.3744988384341462,0.8349366968610243,-0.2372404834515641
169,1.0782703552343447,-2.2306101938130882,0.2829571008030173,-0.009880031458582138,1.3639529385801525,0.997760539871205,0.7599081708219422,-0.15156900059697226,-1.419071091625889,-2.0639471224419443,-0.027902787072172325,-0.6274198430845065,0.7640607145698246,1.0553443757559293,1.1560291014727084,0.341990247104252,-0.08103009577372652,0.8567970496438487,-0.7431422805391091,-0.04018489629529709,-0.2679301663189906
170,-1.6216661115824382,0.13031151489518078,1.3297575292901072,0.01595881309383842,0.6100210315734571,0.5554997141775502,-0.7580176646960056,0.21406638075957846,1.4173499089766033,0.3229439761345305,1.8896226769429578,0.6809636776134961,-0.27204831928046724,-1.3862973847079418,-0.20056782563968462,0.11273267026770045,-0.7430042782382231,-0.07938542231607401,1.0222848630299544,0.05041769575170532,0.15185063394068948
171,0.405053850181448,1.054988702637103,-1.0364970653211383,2.1048249207971432,-2.2344456346518076,0.08520113047737106,-0.19003038851496498,0.38459989978357023,0.31283746959294906,-0.33593140525083603,2.2283930845572018,-0.4007868708439246,0.5699643622382448,0.7824564536279514,0.048592458887815035,-0.12117715518722294,0.21500617707317526,1.066737620927491,-1.817240650196716,-1.464203751401324,0.20727456087478302
172,0.42233845539556863,-0.8636109950153298,2.1973548978500532,-0.43704008075658557,-1.418414156035749,-0.5958527974528344,0.28218433056329784,0.4405100606706133,-2.359607995269329,1.8310370984186723,-1.667475857415014,-0.26450498020398955,-0.2666677203705389,-0.6971254693958656,-0.02134791676615581,1.0346843369762384,-1.1383960219338947,0.8045713429869203,0.5400074328514147,-0.912897061102157,0.1163442415711849
173,-1.5518040257329648,0.31513493903400774,0.006227919276283553,-1.4922901389386338,0.7966327822728348,1.4590035958298357,0.10423423612940683,0.4263860308994379,-0.6091439205091014,0.4869403846675207,0.4104186080442389,1.5128264219809495,-0.5185876480426937,-1.0973689467477403,0.3496884984323512,-0.7565912107083923,1.0237035499041216,-0.2776341705498624,-0.03336518723636588,1.585431120323459,-0.21966359910977912
174,2.1789942143628442,-0.35913055174261427,-0.45007567317003827,2.796613677163462,1.0546658861169456,-0.2798209396487593,-1.1432860435579866,0.6735968548474472,1.177945877028242,0.12762625919633894,-1.3829025102225372,0.016176790781141617,0.1893505325327843,-0.01564192007387256,1.1256232075965706,-1.5983801220880258,0.1968068052575771,-1.6240446009095133,0.6557291815980125,-0.948553627739725,-0.20343202724042395
175,-1.7903323181617508,0.22110703515530122,-1.5273210014658156,1.2996794184112597,1.8005416164967654,-1.4534325839526852,-0.5558511288365435,-0.16381924120023772,-0.003363594447922389,-0.4101722280649691,2.4713291391510355,0.38943069933019847,0.09302522557415464,-1.3358429990666714,2.316423005427056,0.8392317049660409,0.13746618273757027,-1.3832181513367954,0.23419561165836783,-0.48828050616781266,-0.18955960324939455
176,-1.4572587020080323,-0.24273876164481392,0.6021832775874226,-1.824837346904441,-1.0770754741143511,-1.4481796648956928,-1.2734116437247824,0.06667715793887988,0.8645311504504969,0.04286567493257352,-0.5076698001219954,0.9391166763219536,-0.5200913395252685,0.3417719530134091,-0.6035113009458491,-0.7569454704217607,1.157549294359663,0.5104018347638487,0.7537857449759798,-0.6769379330683837,-0.1298613654730216
177,-1.9563688481235357,0.7852107940110885,0.06884187515237047,0.4175106088854602,0.5900931637124538,0.06574087966858731,0.9119958441687778,-0.6953565658824756,-0.26344099734640697,-1.4733458697714923,1.7197534916805952,-0.8059225727719386,-1.059453951366473,-0.1064036604972394,0.6292953283976136,-0.14876066810604532,0.6515679147053078,1.3334283395422621,0.9014586363279165,0.8122141438829596,-0.01668345126979846
178,1.575495635125009,0.3179235031188,-1.1222371635040327,0.9192731237817294,-1.1812276007717792,-0.11628672928518585,-0.46054618384430185,-0.7940520607455743,-1.5570304900797078,1.3345442114755461,-0.7284134812937009,0.17344094591912176,-0.5387894477878973,-0.7055217516191498,0.376015745637665,1.121431885675813,-1.2939852362170379,2.0716091087777477,0.5334176802836028,-0.4736453238301166,0.16906095641931346
179,-0.029919596875795425,-0.3830365737166441,0.16888917765325637,-0.4980313277547083,-0.3853814541580351,-0.9240893069127646,-1.1217035458828337,1.9356438928416824,-0.9113487162233667,-0.29648989739815634,0.5077106751471447,0.2876896695364267,0.29311336988702086,-0.4756788887120374,0.2869988879611515,-2.0945042554271263,-0.4449856057416537,-2.005874502336773,0.08682731318494852,-0.5915060135044308,-0.1778651090602362
180,-2.5609745616774613,0.7380034295798948,0.3442925465725583,-0.45158983610768966,0.5861821125629969,-0.08408290252063196,-1.7672535855775637,0.14424838143778013,-0.8730829995853057,0.3179270862941133,-0.8644094830258531,1.0284419638564533,1.2151882553290043,-0.2212722759296731,-1.28464321286043,1.3554444868369855,-0.5804375698741594,-0.7215291392111561,-1.274731136850961,0.14465602385178317,0.03151315915094592
181,-1.3489519924508173,-0.09467829749739125,-1.0984825094901611,-0.607714507154209,0.8977220891167365,0.42743604746953223,0.7407967292595556,-1.1350155461083642,0.17144855257765668,-0.17836638396476132,1.3078679862840017,-0.3058193382622501,-0.7842833012676775,-0.08010919344483128,-1.9168846083527018,0.25043716054542303,-1.7528899443569472,1.4367113627556485,1.0067541610215514,-1.0694411073861658,0.013076140528793445
182,-0.06716405446139942,-0.03444824821407524,-1.4946477657265027,1.9873187160642432,0.47861251685423906,-0.6152246032177965,0.648722024978067,0.6681233373999427,-0.1518924282381296,1.5113212534621567,0.3421936289148504,0.48914524386933617,0.9531326427162926,1.466736963014629,0.6353372359484091,-0.07245294526032248,0.25489249977481065,0.35152480692299315,0.41772051788331294,0.33225826199444436,-0.22168765765700169
183,-0.953416602502556,-2.6606536484746863,0.3656787114165081,-1.760269182697817,0.5217468823782542,1.4266447986924506,-0.8837942403702539,0.04691278872294411,-0.36974752754816137,1.8585830665166307,-1.1129690569338853,1.006241791444472,-0.0171437863455789,1.0870016914255969,-1.8801478844049992,0.877975698914255,0.6445324643399405,-0.5051102968862481,-0.28810871835612045,0.768001491913663,0.12479813720752708
184,0.5590500732367251,-0.5805795479489092,1.0487771796040681,1.6776709398567886,0.15226774841667076,0.1170375459200844,0.6174409385732079,1.8897633944871879,1.5195331509810095,1.5104765188232478,-0.5090856407759121,0.15235883121480287,-0.39307963141575675,1.2431105849652693,0.20657918855967203,-0.729407566949836,-1.602658510774637,-0.22256760208542423,-0.30429089813712934,0.9292929550256327,-0.1256096304975657
185,-1.9788220155816223,0.11068113780218995,-2.0645701064870456,1.3900358568937807,-1.2372238498490058,0.8646509604793542,0.7097646209375137,-0.3404292448307001,0.17030494342068064,1.4255066965977827,-0.0419888625502059,0.15392829476729072,0.7004401873465185,-0.853420256321282,-2.0693318215333374,-1.5182045825015498,0.5401011345162298,0.848457861874486,0.3414702456412989,0.43967391869047184,-0.161420019305787
186,2.0868857848001188,1.5510363664688651,-0.9390512058912605,0.4132288809719497,0.1843660266978128,-0.8111775967427983,-1.956119259122843,0.5831316032598217,-0.8076326672056993,0.9102249100655836,-0.6313859616136941,0.48696464106466036,-0.6390914403940863,0.08199913909534348,0.2279715158274535,0.7710952756112119,-0.5065994091770442,-0.601502824082038,1.0782488253722324,-1.5814502148616199,0.07015121070904748
187,-0.6183824145336266,0.7408063058852172,1.2012861752462023,-0.6280980030309173,-0.3064114074636318,1.3279140943909353,0.4821015607583459,0.06806052710313129,-1.837104492991461,-1.672288648866325,0.05625965382727018,-0.18831103665056598,-0.2285443761334437,0.7951176306292083,1.6478224088121778,0.9290754960675467,0.4049962467675305,-1.229009975361352,-0.3027488051154819,-1.6878748282369727,0.07213533468154051
188,2.04908560840057,-0.6773424527705784,-0.2749890692236465,1.2753335215656827,-0.05082018865318506,-0.9839962791231903,0.6502857849155174,1.76581838514143,-0.5467190848829115,1.0414512020757543,-0.3384413054615483,-0.177658638416864,0.19478103035734276,-0.6681539620259442,-1.2916184796039867,-1.133427363078249,0.35663314983746996,0.2545781787767214,-0.2905493727467813,0.9539394240678982,0.28131143181105933
189,-2.294552955449382,-2.524848092850113,0.19302651964840803,0.10202788698617173,-0.4871907364052396,0.19562627192261056,-1.4949644592517994,-0.3972474055122891,0.8014141174144654,0.27976515558851234,1.7090062583034353,0.5172802325978768,-1.0321241195158075,-0.042844874961113645,0.9734694808046572,-0.8529957124264149,0.4960344589571182,-0.4512018223614141,-0.82177626954812,0.8096364937254477,-0.10900026715532063
190,0.07889371860303711,1.13011222383225,0.3246765889255757,-1.5032593767841052,-0.025127799496538514,1.0924272055739126,0.9124275779797731,1.6387096228981133,-0.6481075704157879,-1.5145686767572788,0.811304275706138,-0.08367558850964671,0.15727203282523022,-0.18003201630334123,-1.721106242042203,0.033534553817253385,-0.5222665059041238,0.990236379914467,-0.7378648791050256,-0.10079799807020806,-0.1008101428765086
191,-0.059882320220825624,-0.5446548702275533,-1.2975437751297065,-1.470341790065625,2.0711727833036364,0.7151732680642842,-1.0856125907285716,-0.17594346382315387,0.949946082224774,-0.028914396547082135,-0.0602282237093281,0.3512491613433507,-1.2479753076610496,0.8304917342209709,-0.49712466037233544,1.4423189972821564,-0.3996965104322946,0.97852804921136,0.8755833027042624,0.1618586073240298,-0.062022349754270706
192,-0.014117960334174657,-0.4694146254314583,1.5671536872309968,0.006660041948952649,-0.2542171277803042,1.396044167754474,1.9099289843314309,0.5976965242333273,1.9364876031503873,-1.0685643220097758,-0.36132064983438833,1.202557076776167,0.010455031934779875,-0.5527849044632213,0.9091735860972467,-0.8944801728029307,0.1645815121858764,1.3355316274000193,1.5885833810588832,0.6842800501663129,-0.191270429661603
193,-1.5246717521512931,-1.9719177035658142,-0.4453906016694867,0.783299253523713,-1.054322310626643,0.549859829751223,-1.0746425133130586,-0.17676317944507133,1.9270167662804436,0.7292489864856766,-0.8268279935937028,-0.010471953247507701,-0.5001858925203989,0.04854850038202152,-1.4102107633631613,1.4191312547856045,-0.7079110357774234,-1.313066141779926,0.6175407511564854,-0.7686077061357235,0.2578142477919266
194,0.9349901627274249,0.6406701974925237,0.09489501026818077,1.5393879010271654,1.555148675763651,-1.073859966483698,-1.6985566928194662,-0.08906466307452074,-1.1923221043349832,-1.0165179311316175,0.3702679994354628,-1.7201194449660646,-0.13398436288437565,-0.10914583733918111,-0.5712095665461919,-0.1190072945762495,0.4432252646564734,-0.9180498475732581,-0.7361435069421813,0.5963493362501388,-0.23781330501116368
195,-1.486228267952956,-0.990088306479857,1.3926641988264923,-0.10381142978197437,1.685600559347785,-0.3295320839667356,0.9230509128176575,0.04012387689457139,-0.8555107475191995,0.438875579761162,0.8061868624924193,-1.4073584430939767,-1.813849301073431,-1.342820531377942,-0.0042074229003183855,0.02259055530928875,0.23018251078934188,0.30454090406167017,-1.561402339438743,1.0420851999247416,-0.1737084174784671
196,1.8774471518489626,0.8663654217084678,0.4900801157968642,1.6918990801977887,-1.5811337961181278,1.2293429009155044,0.6445867256276322,-0.306273028906392,-0.11493189393862628,-0.9475225154393636,0.5698291361819853,-0.4514207643657657,-0.43511053334252475,-0.5822941521802575,0.872372229017707,-1.326087997370298,0.795655947676943,-0.4621424263908217,-0.8406886535065697,-0.155473654260168,0.20176518979049288
197,1.3822029113333612,-0.15383415425398544,1.5643054452984886,1.1113895473932087,-1.0371810547701643,0.728474885542088,1.3212428088842822,0.7500617588980517,-0.03980299988674542,-1.3762099054235775,-0.5940695811301215,-0.23127668305219237,-0.2875556422924351,-0.2751551531798216,-1.3019750607427492,0.7566617954659266,-0.5230363322991906,-1.6400383035336725,1.9818945135164463,-0.41579313357976744,0.2447625159732506
198,1.7603791353528075,-0.2488944196019309,0.8594312574991939,-1.7430250576706725,0.3351357739047917,-0.12577344381515332,0.46942732774538276,0.23977649398439674,1.3451761933094797,-1.1016510836796445,-0.6096570734712418,-0.8611106033715715,-0.13518732844683115,0.9205960901831475,1.701493874460978,0.6349827785615321,0.03438002238520881,-0.9882149848023313,0.3290083464414286,0.7158647057661334,-0.07641088913242394
199,-2.302973711292911,1.0474418882574592,-0.0010500128698573373,-0.7676444369953255,-0.7147101175479037,-1.7523957647532358,-0.12474778965241706,-0.21520035185225847,1.7928451979677424,-0.5781822349540657,-1.6457405348444492,-1.359551730968536,-0.7258627311431305,1.425589840157148,-1.5613131945732504,-1.723284568558988,0.971650968055768,0.9836100868799896,0.30312067021642486,0.14485735594097748,0.11401286833329288
200,1.6549751601175802,2.3713467664476715,-2.1389700474862314,0.9458858850837404,1.6955149933852818,0.5648513577067045,0.023581023564509144,1.0820800641338073,1.2344840573819467,0.4577447922389864,0.2519027509067543,-0.07890701247927885,0.4142948000022266,-0.21661622306383296,0.4840438357230602,-1.7007402105519311,-1.273235108123058,-0.8260274569206303,0.30422263005606937,-0.042846258787639424,0.15408232188669363
201,-1.0600278149094888,0.5056881995346986,-0.2709528712053545,-0.39900750831867127,-1.6727886622895318,-1.9438256939869816,-0.9659350565452036,0.32929214190279643,0.7255332131446329,-1.057373105974206,1.1223317126838908,-0.9375069371205996,-0.42795543246608714,-0.9885038125928651,1.8688170609657273,0.008010795881862568,-0.7625605535059703,0.7385701077673104,-0.7860746053463719,-0.4319017626008447,-0.02490450376512155
202,-0.9478941342151966,-1.1427273700070995,2.074847394956322,2.607465022305101,-0.6781083722702939,-0.8481898612838298,-1.4321630853577734,0.09046470611508863,-1.18022206820308,-0.015522896727933675,-1.9206271170710392,-0.9071345366271569,-0.4007389535119118,-0.3388851230710887,0.02468326301564746,0.2257533778699779,-0.21705587248471842,1.0057273451896795,1.3733473747346003,0.3619421092274243,0.24050866096581822
203,1.8021218572866222,-0.23334914347049482,-1.5723919847517156,-2.084431736790064,-0.833293487473213,-1.0674163879692853,-0.8423013397424962,1.8923062529009462,0.3439625557691968,-0.6590082336092465,0.5288180453029695,1.246585053534908,-0.06592423366231986,0.3389810128405297,-0.13990251766818634,-0.6558328548670694,0.5923255581292248,-1.3959683831190297,-0.6215243413554284,-0.6603860693872468,0.10739957498593997
204,2.218192429775559,0.9596656219708406,0.06736365850049625,1.1512841097277708,1.9050467445222474,1.2517673536889042,2.754463706528286,-0.6314714429912587,0.008711701665384878,1.0220958645093965,0.43652881492285395,-0.5018413918134712,0.017448624375026277,-0.5466576670367829,-1.4716796690690488,-0.9045661864704536,0.2944296315653725,-0.6604853324722095,1.0640537258402225,1.391421726822131,-0.2970255663793191
205,-2.333087091208002,-1.120706378009488,0.45284914387848624,-1.812510829690973,0.8075670730984611,-1.0010716194330045,-0.5719310943939775,1.8910832685666006,-1.5699019610161196,-0.9938624354294742,0.6012772435390566,-0.6737412321892785,-0.5708338150723241,-1.4517468812247152,-1.0951382565070809,1.45427565121346,-0.6091270526846966,0.6960331441686805,-0.2516219743786197,-1.373517741370024,-0.209324340819766
206,-1.867857346283102,1.102112719977773,-0.25800558579550464,0.4106602705912612,2.2709375195867634,-1.355953442288555,0.2062095188565567,1.0542536015233626,0.0657393813365202,0.7125564701585747,-0.8583093957200479,0.22450744553122784,-0.8640684231804546,-1.1396325548057533,-0.46231459986521783,0.463974226542013,-0.22046100389661727,0.5956198174653589,0.379253477676088,-0.7118240435223462,-0.21105255846563198
207,0.619729477807677,2.467607285555359,-0.7815036874303656,0.4651878644965428,1.3022202128249964,-0.7277423258077745,-1.481437240223233,1.2108386773692896,0.2388941590550821,0.735234959408945,-0.43274246509098413,0.029410467266017197,-0.03621863309853752,0.4221616818804951,2.100557517004152,0.5857188470684384,1.439127899823463,-0.4718447440475483,-0.8716376585727897,0.7121652375768306,0.16993607537193411
208,-1.7750830490630751,0.715103377364292,1.299802751351683,-0.05867484617149647,-0.001485765548291049,-0.037952484632399634,-0.18346169790384342,0.23196076901815416,0.7054233060182709,0.22055256475728502,-0.8507897168758869,1.6544478632718438,1.2312166261330029,-0.30818549989142013,-1.877035692921086,-0.8932483725067254,0.7129058448922131,-2.442087459103845,-1.2518699481956017,-0.754187560404791,0.1706104153562216
209,-0.26242386131424567,1.1971338126417934,-0.1547087692372137,-0.5926362851716748,1.356569957775085,-0.534296324221167,-0.7811429969398958,1.0441538149413983,1.5554790561122385,0.17235054124761498,1.473193168115568,0.07353887665018315,1.349801611688235,-0.12696385935599647,0.8783042348750796,-0.08504683619630037,2.3815395934043964,-0.22010717010985842,-0.77554154989197,0.9533896826838063,-0.18109383565975243
210,-0.7827635105885301,0.49327145344172296,0.03968881633234756,2.2278517328169816,-1.1838511460352403,0.13070281791937305,0.4805206764114722,0.2796523917763265,-0.7967557904761154,1.0251110603785356,0.9905057301258,-1.1440735771955168,-1.7992929709881988,-2.0610378509866587,-1.3696260131807745,-0.4216283507467928,2.616507588903002,0.1909636654221742,-0.016841266511737292,0.07718478182784166,-0.15338464383622125
211,2.371195105131936,1.1771588645208713,-1.2769849559979791,-0.9202201369103273,1.4341755571050856,-0.1526016127112194,1.1180410731478834,0.554690920740925,0.2209486658386415,0.4755225625970153,-0.929425570888901,-0.7031663647442598,0.23200734752021138,-0.6114603647892046,1.5955924916131723,-0.7744033306559565,0.8045731977281577,1.2011934654875152,-0.47793396385824116,-0.8898179908641086,-0.14448865863241608
212,0.5950601910281248,-1.5210802163721275,0.6784132759988906,-1.1760555602562097,0.8920371928806407,1.5304386616974361,-0.4472551399811438,-0.2013958711248228,-0.6817370919146659,-0.8923510029716312,-1.489752054946267,-0.43871881780837385,0.48750885779148906,0.5080700270439127,1.1755837841852792,-0.3621658289452885,2.412438329162737,0.6175524466186142,1.1387528143439292,1.1429436837408309,-0.19221047080471731
213,2.4711695551365525,0.9164889979317088,-0.4121602999312631,0.40988729868549195,-0.7717989059942293,0.6417240773397372,-1.7174206440558524,-0.16549427848794854,-0.01958547544296027,2.5298085094476797,0.13219048032595077,-1.0471367708661627,-1.8031582392540515,0.5094061146710934,0.30172411988897074,-1.1929129797459688,0.4177842973155107,1.2232085605220264,1.1619386035526469,-1.2586766282079571,-0.27590440333335303
214,-0.8890042687742143,-0.2106348805990552,-0.7068687840312069,-1.1942602159759919,-0.009245633835632714,2.1669128635368144,-0.714507675460871,2.2214411807214507,0.8190671749450361,-0.04593142722437559,1.3696049023583075,-0.9057670705694577,-0.9976529538654059,-0.439341381162455,-0.6645586538928497,-0.9094948325582319,-1.5524252178650133,-0.15288506322374854,-0.9141386875101888,-0.9682697178471743,0.044088320237219876
215,2.10964783131297,0.8759239092088024,-1.435841562413273,-0.9117760762529742,2.5880372912288987,-0.006938153862246323,-0.5144261104392726,0.581538661924578,-0.8594939534774807,-0.24701504018502365,0.29536272573284145,0.5539322728287801,0.09349976788539492,0.04092929097899342,0.24429007549330256,0.5998357080138714,-0.648084604975761,0.10220091079669773,-2.3369176479651643,-0.699730522266136,-0.3680475995434627
216,-1.3495576548307147,0.5630371807205315,0.08699519557369893,0.04888920299545701,0.3153394213880839,0.38606872028961253,-0.8998335024155133,1.1270638965545665,0.09183679816323807,1.2192788433926585,0.16062132193288153,-0.5110035309375766,-1.2332598824401877,-0.6160213160067533,0.9178497396326437,-0.13555536491039272,-0.6756074307704628,0.34525413786505055,-2.227529804873851,0.301899360284723,-0.006079892726364276
217,-1.6422086832568163,-0.8290315951361907,-1.9444617131252164,-1.252344918685396,-0.016739868527951837,0.022524444360364444,0.6904047196687204,-2.025806081235939,0.119827845307547,-0.6741715653970985,-0.562214330264753,-0.6710531574924775,0.8895401670414691,0.8107444584941615,-0.4295198554671285,0.8555322615032032,-0.30940778967845517,-0.8975750130203745,0.26853705581615683,-1.0299899708324824,0.19479402929361053
218,-2.5523264744287726,1.9292520893783769,-0.34501846899953226,-1.3794966363134755,0.5530125787077365,0.41108192707799024,0.37960366886436187,0.17139464479538852,-1.153030380554325,-1.2074703708319703,-0.6716992117515216,-0.4923980233713667,0.30041656077304957,1.2998687294702234,-0.7265146987499497,-1.7644890881491064,1.0237795875402862,-0.21032243447825488,-1.6649944352250592,0.2726811106745363,0.06070617799759609
219,-0.547252543510969,0.651221171645607,-0.8758717118325576,-0.4973928075001503,-0.925593528131644,-0.6182460526909151,1.0292216758697281,-0.7737325740085523,-0.4096901374252597,-0.6709823644136218,2.328575401635141,1.2554382745629693,0.6208675600579452,-0.4314012377322384,0.442496955896134,-0.6684887667983244,0.5036034250842805,-0.2159826789718239,-0.42360710964005266,0.9513808259051637,0.1908377206923499
220,-1.717030697710453,-1.0459906518954756,-0.08289831613379745,2.541059683746073,-0.026847711098408035,-0.6323126958980226,0.010995712137614109,0.010918662981043312,-1.489925441262796,0.09285027320443129,-0.41949547127801184,1.2912940515837423,-1.3670975501115292,0.8270012619977787,-0.2662112677121654,-0.23893591803424202,0.14135452245671465,-0.6062381214877295,0.17401567987180327,-0.8639116290451158,0.19105708136168162
221,-2.2721417558547374,0.9974166189718543,0.4700568238166666,-1.0499801327035378,0.4628135029713226,-0.2643109781807498,-1.0429417888563866,0.9203436155154573,-1.2272506395508864,1.0834028039549342,-0.20142491344290442,1.0789597234652972,-0.1491337108507624,0.009360731523929234,0.46732166780711665,1.4629209026514858,1.187784665685277,0.2721140450123453,0.44038059456098966,-1.6034718647871615,-0.21415345199886207
222,0.6741056594756083,1.4928468111407378,-0.5010610246067856,0.878952876185101,-2.5370801107040952,0.04911632069389922,0.27221122121114044,0.15666453777791609,-0.05824718910469683,1.389694962378325,0.7548095620388025,1.526329485175897,-0.9256296278539995,1.5350297103906476,0.6075417377129008,-0.3025675048167562,-0.1942744579310634,-0.6876723020456894,0.28380100741841113,0.39553274317879095,-0.04281988643813239
223,-0.4674130448717593,1.9019657503103085,-1.1945139745111895,1.0308500988012035,-0.27177052912330213,-1.3429959402853004,0.09778815606550736,-0.12687863708783215,0.04417691541206105,-1.991693668395702,0.5779870416924242,0.558243973594544,-0.04908720025616727,-1.2696421378002778,-1.030890866902783,1.4763154989613334,1.1225681572563007,0.6034276376693413,-0.40661429129085863,-0.21978812418649002,-0.19142256007987407
224,0.9173162732229336,0.49356619648104216,1.090450398050601,1.6205230470295626,-0.8953140148503789,0.5061495525217489,-1.2618064022117819,-0.4087541842048635,-1.4036430403628621,-1.2448239100963439,0.5503387624416076,-0.9836598570899997,0.6103544819479665,-1.1793383711694232,-0.3716089591499142,-1.4097912588778314,1.0102365239913278,-0.768257227445479,-0.007995228748492405,-1.1015336195287821,0.24996981130939952
225,0.17073120181232937,-2.1522792788093947,-0.714247979448371,0.1385068788319241,-0.3154684507841697,-0.5573911677698121,-0.26134023276246166,-0.44530013108299654,0.7286250559805294,0.5637911146898501,-1.363265667132935,-0.3414850117842724,-0.2656764522036643,1.2650827212510807,-0.534408754403389,1.9825303824797778,-0.33941449489681197,0.3370853619514837,0.898772900990043,0.2764793322724342,-0.2376040061490656
226,1.6728488447706729,-1.1740646980882854,0.8326219633038171,1.5932768904966563,1.3237925715373824,0.009359217807506719,0.19662867701231437,-1.0572722935587562,-0.5139101579742067,-1.6955439703330928,1.6160366341974066,-2.0548090191698027,1.3257986566628432,-0.7759171387434027,0.21952283307129802,-0.05449227778488297,0.8895350704169144,-0.09408225453015501,0.455017492817107,-0.5027736425879128,-0.021131807202681905
227,-1.5143039349746692,0.6963692584174062,-0.2907142578819843,-0.7335107601537866,0.4985504132085658,0.16158124916100694,-0.11692238828778233,-0.8071109452839743,0.9544441608985548,-0.11660193076963607,0.03480969032975865,-1.5518664434110707,0.5054509616355917,-1.1104502108557208,-1.6580250007344013,-2.1041135712960752,-0.2615434076512178,-0.20202915428830862,-0.01608286176825326,-0.1772664583483676,-0.2444349337020513
228,-0.6075668907230555,-0.32818437506856146,0.5466921165835568,-0.010196967861994831,0.16991203266653013,-0.023054947728448436,0.39826612318783156,-1.524556613173357,0.704405135229819,-2.105966809640447,-1.0899999136087255,1.826040479040082,-0.7623309744094022,-0.4753945714519169,0.712568664599498,-0.8269002224588544,1.4367020357334903,-0.43128374116657087,-0.03344908416193596,0.566750990478487,-0.17335437068863074
229,0.002815663634406439,-0.0009093783242417636,0.2811782461407636,-2.65824189336777,-2.5643695082799747,-0.4025740659882254,-0.0028964371471609115,0.41483865024856864,-0.0612544464338715,-0.5302397394626461,0.17156730872026,-1.1650616238320048,-0.08248145712937568,0.01865329733746656,2.184924965917829,-0.02769808008481445,1.9255348137389823,0.8274015855264972,0.8744026085127937,-0.41452324790808753,0.35278024178721484
230,0.6989700424657126,-0.32155576332064095,-1.357263432978428,-1.3413603519246398,-0.5698500815861859,1.6636546440149518,0.16538797453969342,0.04599148179376446,1.851843666088455,0.8850200967747067,-0.7170195534517046,-0.9744948325570599,0.04645646270573053,0.30891753113849346,-0.8505954069319205,2.0386367875727283,-0.7620292758708941,0.04893058120339784,0.051669143838259574,-0.2179499579553565,-0.2342290706681113
231,-0.009631707067699918,1.8216028266116222,-0.6700667719872558,-1.3224133872948716,-1.3740342851563607,1.1382003835530954,-0.08775382497041304,-0.22568375347480835,-0.9918545392390493,-0.8052647895836637,-1.372381832204546,-0.7125464824167379,2.309035402308929,0.6576144709372612,-0.4698433780717921,-0.4656659402144454,0.6717740575130646,0.8328776874211599,-0.28007595759238124,0.03564270040569425,-0.0631084637980775
232,0.7740169759399461,-1.4761158459393413,-0.09987225230356936,1.6486901022301226,-0.341733687877527,0.013410881985556816,0.13210454551660114,0.5313822196760979,-0.851554134049254,1.0244930706411872,-0.44813283531128206,0.6896058691934723,1.2360424943711543,-0.8220294689020413,0.297703043122309,1.1447445325882706,0.31549394356464516,0.2874378790977512,1.4891983052960887,-1.5430937885509706,-0.1719728883801249
233,-0.9546057635579914,-0.495685039554583,1.5487620445346486,1.1720748960810556,0.42496352246053365,0.6760840671901812,-0.8446371834000365,0.5716761256415992,1.1387449695520981,0.13041108747961896,-1.3145768021750859,-1.4661079014432417,1.324100175846883,-1.3221449812552621,-0.61597584712446,-1.5544899510099903,-0.49957673879399506,0.9846078984652653,1.3127326945198146,1.3893785393914513,0.18022549295387846
234,2.278457210635764,1.7471221158989971,-0.3223947928993133,-0.095311475841483,-0.13067363138657564,0.6745595560602217,0.527225387275681,-1.5941987561976307,1.6890850554640742,-0.12672074501336056,0.9503059400315377,0.21690316925616515,1.4399125218681887,0.2167286953988245,0.5654086885748595,0.9479126248490503,0.5712529680937524,0.6134525858139634,-0.6999355020956078,-0.4292564132402478,-0.27905553722766874
235,-1.1977053427093156,0.7526001605257526,0.7980190725543809,-0.36662784231573536,-0.07475433905017563,1.246806884633462,1.552315053866835,1.4677597482150149,-0.7743530292925228,1.0514755487513576,0.36242240506803197,0.4616410266955146,-1.1583148628416795,-0.25389393771440766,1.032868241511313,-0.5570262452206717,-1.5487207495715574,-0.6871137468533631,-0.06072218423130488,2.595530803797623,0.14042203073010998
236,0.8958777124687994,-2.1501642676038095,2.2924243065799366,0.257234011284725,-1.1899778241297057,0.7680931473421836,1.042170871854453,0.4327728340284037,1.3890525648536878,1.05162933672624,0.8107896332476647,-2.297690552679285,1.3638099117056104,0.4427235518294206,-0.30092918310829964,0.36671543534765677,1.5622759561582984,-0.41603099160990775,-0.18355755786293498,0.08742048553413308,-0.259422460444264
237,0.3016281772689957,-0.19496427777326228,0.052860897445742135,-0.7313035613512237,-1.9416761229592527,0.9152935026598431,1.731668269483196,1.1734784491113648,0.1122179441935951,2.062192344626349,0.772454316649741,1.0656392751628312,0.5289106987643417,0.9179461247442006,0.07117367352358477,0.05955802018992798,0.9693400782219768,0.9515612791505174,0.1891421020534556,0.07363242731942177,-0.10151824179873861
238,-0.3353827048681123,1.1992359676661697,0.04303679071401975,0.9740483949630564,0.19494405533777315,-0.1951841195540811,1.0733182466485078,0.3741227249221327,0.03859234338325635,0.6191637852515564,-0.6698409542228186,-0.3326518571907311,-1.7928622981381102,2.2024850098363946,-1.8601759832748548,0.056979442641981445,1.404145703474767,0.2611966550368566,-1.0854661106805876,0.10448701237658603,0.27267265358166304
239,0.25970033674849186,-0.2915838364996577,2.4507623712743225,0.8705339749002522,1.2430319119327884,0.3276571457117458,1.4322907001248093,-1.8962689770193477,-1.2568555918083535,-0.638656017214029,-0.964146552947402,0.9773048166409181,-2.2996963502042913,0.2526568516116619,0.05784840054681012,0.7043572138516533,0.9238531886728614,-0.7190517695301255,-0.24257544828100072,-1.3241897611238074,0.1953260824221889
240,-0.9139072220182393,0.0745054358536786,0.18321665349907432,-1.0181364895744813,-2.0044936413381373,0.5560252817933113,0.9745003769799632,-0.4571957212696671,1.888526854660039,-1.4447417383637324,-0.1251403532649565,-0.7016753862973631,-0.5098564828757629,-0.8658574314650401,-0.12818495523839907,1.05048194035496,-0.43626811073608973,-2.187664875636125,0.5319311095508302,0.9658914938383888,-0.1946693880196047
241,-0.08892061800910721,0.14986993350972228,0.4759027436388848,-0.7985636143757403,1.1635398089553879,-1.1978850108859505,1.3578842528468233,0.2708078162690747,-1.7048056626058707,-0.6398601858494899,-0.47196142438633887,-2.2688268141700307,-0.6335740870202677,0.06010233737111327,-0.6437615657516613,-0.7034269981608295,-0.3814940266985757,0.1687807472200259,0.19854572119550962,-0.8035393508515031,-0.014191162868806674
242,1.704850715781136,-0.811068433311399,0.9467122183173217,0.1976610087615883,-1.532233895036262,-0.4708008061123139,1.1394774542081416,-0.18805683095802375,0.45362215753314694,0.5052563947622498,0.6185523241991782,-1.4457328819082589,-1.1064981113358237,1.2756582694991356,1.038210282635237,-0.3685195008057667,-1.7895754140220106,-0.7515768962889893,-0.9209252998860445,-0.243747187977393,0.23288276069720068
243,0.25478928504514337,-0.4138113043884833,0.6282145808380405,0.4131529835578556,1.0903209717940947,-1.1639818637244692,-0.2890197846987744,0.840228294792268,1.051111026138105,-0.12346924569578929,-0.4706273439915171,0.2613814089124352,-2.2307372701539743,1.3025914557430545,1.1929156450902882,-0.5082443005776373,0.01799431684191105,-0.6306168541451402,-0.48750824969072,0.4982385159015645,-0.2297931866675014
244,1.3898490800697243,-1.2933370140612517,-0.22282768342790502,-1.55058634769583,0.5669651317477244,0.11057646422936686,-1.3517559597356315,-0.2561344266824704,0.01855119295390554,-0.6906347563262789,0.17531831747738374,-1.9417093794798794,0.1484347895241409,-0.36785645364551495,-0.04723002504594613,1.395071653386078,-0.13896146327446268,-0.7124720840922871,-0.8890432320306065,-0.269248636937079,0.43060576285451524
245,1.8925294693366759,0.8616967040577382,-0.2230317122029046,0.40428794529942014,0.4133622421764478,0.9721937542587255,1.1095201831813286,0.08633659911384745,1.3042220320316393,0.5491773444566802,0.17270259875273936,0.05815084383834746,-0.7301606193049457,0.09745397590050979,0.30238326682130084,0.5126564529097589,-2.5408553146561292,0.11907709420318503,0.6752941182749037,2.074123320549564,0.04023843335450132
246,-1.3908380139204812,0.14626119485178657,1.4511324210866219,0.09996722536022266,-0.2295780801270028,-1.539617626860086,0.09992191228435819,1.0944956827131878,0.3874578805181752,-1.1539053373162567,0.9185093365389593,-0.30337384861553585,-0.6664110664086138,0.2722763734566733,1.5479933522146134,0.7489845739027273,-0.7221562010063287,-0.04519164106258412,-0.6047962074530451,0.07267291521280249,0.06547057912431459
247,-0.773757880661657,0.0958092114641539,-0.9029917887430142,-1.3408352045064722,0.2819256339035738,0.9546409796676495,1.6258441092002498,2.317053092691404,0.09369749964679605,-0.13275303591629434,1.0923146892567814,-0.45564313511114113,-1.8641663446079983,-0.3942823020988014,-0.45855440755859045,1.1843951222595732,1.7543570977197651,-0.054304169031469625,-0.19011528717603793,1.5580412489032571,-0.031497821557995305
248,-1.3430480896911008,1.6344408076916441,0.2910836288486264,0.8217429595716952,0.2310056189313362,1.0313414390203686,-0.8817587521048397,-0.30702187321425956,-1.2172201341308966,0.42462267799037073,-0.11011950576188474,0.6368228003014472,0.588653101296703,-1.9382687364259672,0.7949612230438147,-0.940399390249095,-0.3407704066282574,-0.23190698019527775,1.0532076331074667,-0.6470595016631324,0.07397089798052132
249,-1.6805478537536576,1.1789432002473998,0.21294696262139817,-0.12003215651436099,0.26317557936714403,-0.37661510076434696,-1.1716998781886308,0.8144260755985638,-0.28317392903901045,-0.925261445226411,-1.230823628637354,0.6100150616992626,2.0898026034133435,1.2155636087394608,-0.4950997281070593,0.08021575199913339,2.1148051524416944,-0.3796490105175561,0.4774587650293993,-0.4480598838744406,-0.016067217800896576
250,-0.22437473655015355,-0.760920123372057,-2.192470632692034,1.2187494016801133,-1.234243512179097,-0.881767020748447,-0.530374749506166,-0.42395312169431,-1.0346473038911919,-0.5749849594185809,-0.949854686304245,0.5377273057180674,-0.7842188635701134,-0.6853426457537166,0.22798673581926954,-1.009911326213777,-1.0734260708852605,0.9354224163169067,-0.5113208241485537,-1.0656952419847443,-0.15788598910649992
251,2.1270015756544827,0.8068783157799095,-1.1035433616153043,0.9942582622945928,0.7420715196716541,0.023349343683085236,0.1990460331925086,0.1697273858653825,-1.1909018068800232,-0.6135139552040038,1.3516451243962493,-0.4013940032116168,-1.244681307047314,0.4122046159598081,-0.5519237451786434,-0.24791317011913477,-1.317048054199899,0.5036084851254855,0.47074203186234137,-2.471697969145871,0.017438149766137234
252,0.40212062762005046,1.3835877997290746,-0.6123302042885783,2.363988210885671,-0.284069923266731,-2.296029981213403,-0.0748823352525362,0.37399353681185366,0.6363903214615627,-0.004810024655951708,0.01607162887617954,-1.328495071790454,1.6983767750133572,0.04006888552543128,1.2626306999768158,-0.6325308359136143,1.0174075406361929,0.024311471714632243,0.3803335500956592,-0.6188810862363259,0.2640662066049045
253,-1.752665230973746,0.7371306553847223,1.6874195896043358,1.140656780450299,-1.5063008942391543,0.7485741593096691,-0.5626252860976655,0.4305416240682787,0.44050031828440733,-0.8725071327188236,0.10567465608114668,-0.7590228651918124,0.9642869793923026,-0.9510216037101665,-0.3773148992308961,1.1913580568952282,0.8131562582990507,-0.8341912389677247,0.23297622546068933,-1.0461958858105442,-0.03330399404622237
254,-1.6308657684040084,-1.6027760074455373,1.0517082692847124,-1.3549600695407324,0.15237018612773776,-1.6702097500677144,-1.0379467854369104,0.06911423875188155,-0.768654067485663,-0.025418557996282277,0.6774839157157698,-0.25884948875454994,-0.21251658232592976,0.1665613327003911,0.27036528296915885,-1.2877652258029801,0.013474856924864805,1.0762356262321267,0.11265182970285814,-0.2408996869360786,-0.16991259990130778
255,-1.2261588413294335,-0.5255855439167021,1.5100507423897458,-0.5850289193431841,0.685872827871428,-1.516312384633888,0.21793621725484172,-0.9979205518216812,-1.461405895256546,-0.20218060840146118,-0.2656626061600621,-0.8503739218984957,-1.6551507601282782,-0.4904935481221055,-0.42269756799995933,-1.8955042281806882,0.40644836714138477,0.8720140999390164,-1.0291469269493094,2.010650428164603,0.21341674305749722
256,0.06717534864707261,1.7666754444188961,0.3912696302871692,-0.6899380182486108,-0.477684157122193,-1.6384218283008534,-1.0415075782958974,-1.0976153829698982,-1.9068811447704415,-1.262083422221597,1.0221161844456408,1.5965685194659656,0.1986699737965916,0.9278494292070278,0.17363965689212574,-1.2569046377964348,-0.5356737441799475,-0.6786529601889667,-0.9159123782874512,-0.45595230295033146,0.2513443535229454
257,0.13202012118266024,0.5494793051701019,-0.15814758140293408,-0.6640891876397759,-1.6171188922992734,-0.0033380471212748806,-0.04338826754577689,-0.6063175909181805,0.549379556582974,-0.2187213146056999,-1.102249057530223,1.4423482397149074,-0.9933303172874639,-1.605524235310013,-0.019007321138388145,0.7205258772335024,0.24067626983733978,0.098303143323332,-0.3177879629425248,-0.49418232131048034,-0.22314000846367746
258,-1.3638440003870118,2.1586260156731725,0.802133206262673,-0.36673949279149093,0.445281551912386,-0.0011064612255437993,3.1372375243563937,-1.1581361025758412,0.9329789706430613,0.6603566027681147,-0.14838219151531323,0.5653314043933496,-0.6389485182363459,0.08902512543696081,-0.6365687962747861,0.08307509219206949,1.5917130998980826,-0.8409315687138568,-0.06143540438684389,-0.07272255571053911,0.1379986588103434
259,-0.5859800962615734,0.8727163092710548,-0.6549687538924415,-0.9314873544995113,1.0240325497032865,-1.2146021933325972,-0.11360710214175485,-0.6205577787501313,1.8680441012733062,1.9908053674846709,0.8702716198545518,0.09475001157767327,-0.5908203179923587,-0.12801237644141208,-1.1755769208495217,1.2446372333597004,-0.033170567234034616,-0.892555279388913,-1.1996925260720825,0.494307187439961,-0.09589021918287387
260,1.9478152129180333,-0.8185541402063808,0.8081649116393513,0.0883194533827078,1.191879297489175,0.49238283222554186,-1.047453815426427,1.0546720129003662,-0.9819404517360325,-0.14920293390932235,0.20558279353696424,-0.8075541745563246,0.08384672948862386,2.3724208953790473,1.1372524628540994,1.1031668380503148,-2.3038420768886216,1.0262027625776993,-0.5615977940258848,0.12299705896691523,-0.3390784439205595
261,-0.9820192540929537,1.275889158035652,-0.03923255682065925,-0.6900696214954758,1.0983510447454856,1.2951781189357412,1.696408936177835,-0.14955911034692515,-0.7701210681470085,2.704132627100085,-1.5593479346501262,-0.5030187049030891,-1.2210101984911412,0.3948682213954083,-1.8618402569544912,-0.15114277044417912,0.9786525278691587,-0.9194377433684914,-0.9754835396688003,0.8802473063872956,0.19718769119566515
262,1.8550278687802861,-1.2628760880035734,1.3806023565229006,0.31287423752526294,0.8171823137110483,-0.10169115809477047,0.6442625155256778,0.33943651994016305,0.7727466864695198,0.10782560353532537,0.7847539794701467,-0.07221261584790956,-2.249107891985073,1.4569156077429164,1.4249446728404545,0.15952169859742008,0.37746591744260405,0.989920164427333,0.4270329581769267,-0.24137964731919473,-0.3288058578909222
263,-1.9170735262188134,1.1695439393895806,-0.2934066003624618,0.15382096038511653,-0.17424632209600865,0.7791380773219043,-1.4684696430965036,1.513214097123468,-1.298132841465999,0.4237909171209649,-0.07712710073131075,1.7039238828894518,-0.6854621508408629,-0.5465751741141254,0.3802478787015532,-1.915523482160139,-1.215764195440724,0.3748785554923887,-0.6916032571093792,0.601208732700978,0.128786333876088
264,-1.3976511280079145,-1.104306596040971,0.8011035685296772,-0.35274023616331335,-0.42586924244215535,2.4484745140110604,-0.8720569004066189,-2.2081721805876335,-0.768535069591652,-0.5138971877731672,-0.10261813211487557,1.4639549579567708,-0.6585565900962429,0.9544013964709913,-0.13625844772183845,-0.07230412906497359,0.659908537478603,-0.25881626292442117,-0.0602835737114685,1.6812192524192493,0.13944938116257152
265,-2.261453678360209,-0.24930820659401015,1.3102120827904322,0.334069771099709,2.4386742543878372,-0.5806155156539105,0.6114157033329897,-0.03883721061474894,-0.6503467076378583,1.6386149133910364,2.2893887340988304,-0.6601920798256053,0.5948338774991749,0.6105728544952818,0.648768740559685,-0.9165391026984396,-0.43537389266988413,-0.5336625030324599,-0.7771298316254934,0.4919839476345826,-0.10976375655286402
266,-0.05189016018308086,-0.17588530916906697,1.7386936061110092,0.5526059757389287,-0.2051081547077054,-0.3912289028783001,-0.4534878368501099,0.4744092288605045,0.6234354286558883,0.40296656227144706,-1.4495006796671372,-0.4132047667920235,-1.4146938163198914,0.6217666773935178,-0.5927001595571774,0.24765377436311983,0.718469262820926,-0.32141394399635537,0.284266353114274,-0.7228650451873524,0.07767855291443562
267,-0.8328008272670636,-1.4686820076446947,1.969139705439985,0.47675523463509567,0.3916122208342523,0.9241297038723996,-0.520583450653602,0.7086621755624014,0.1408738290106195,1.5853385895877425,0.6236669044624219,0.9501341584661015,0.2100132783633655,1.330099637609925,-0.05039314937671949,-0.4062989332098408,-1.7798065680265907,0.6112440680755977,-0.7794728326217383,0.5868533166599,-0.11383578643265446
268,-0.29910495938070175,1.882866049359187,-1.7891115231235462,0.9245731400937628,-1.3567839606783443,0.5935671176659241,-0.6671890806894203,-1.3960849962866548,-0.6440924143602322,1.7920961981348802,-0.786754774527786,0.5534098294311323,0.36748464366146016,-0.3025506658203448,-0.5590885584160497,-0.031112312235976488,-1.1464367100971553,-0.36215930323141016,-1.87419021652271,-0.24119797503949056,-0.26579503369999763
269,-1.0687031481295364,-2.5910733237402974,0.5766249098811287,-0.04628497341824134,0.4298225383276522,-0.5465802432229423,0.15217118044338301,0.9141456923140848,1.1746407835167145,-0.47857077998058944,-0.1434818711003649,-0.39290112783934533,0.31426202479655485,-0.22086845945814362,-0.2277269389153767,0.5261375109776968,0.38893379254821736,-1.6861511729401961,3.4088454355413687,0.3664689964613641,-0.07025643354431123
270,0.33545744742813977,1.0405899495738289,1.0932320838136884,-0.376977036561927,0.1429001853202406,0.1721042344607418,-0.9603962819150205,1.3498477452958395,1.1043189856020825,-1.3589190225651866,-2.1446219093206853,-0.7727464470244125,-0.8279600755896603,-1.588677799023343,-0.6658814278969334,-0.0197771150500084,1.045720510947779,0.6323804672164152,0.7805154715812473,-0.15660004859159707,-0.24555144749453947
271,-0.992397773918858,-0.2847340093750756,-0.8639313834147175,0.4514950238069684,0.6412529689510014,0.3567254700824893,-0.8395118800446053,-1.0640444427925138,0.2682451150995959,-0.7268562236078274,-2.66067004422606,1.0977581103622678,-1.3248516993633201,1.1323245036906713,0.06551998666132317,-0.07330356364297241,0.7228431443382783,-0.3564230765169572,-0.5467450497704521,-1.2656787533692428,-0.24305120365166588
272,-1.2746720909724216,0.8419041245483266,-0.18401067742907595,-0.3946118376752003,0.6859333742844652,-1.1619801317595968,1.493374822892319,-1.0980731473763077,-0.6042074951989873,-1.4641604235957595,1.0866941989104542,0.02766542495148185,0.11049484242800177,-0.20353931134435196,-1.0551017455030325,-1.581345137034941,0.42016311051177213,-0.06470236074054396,1.6199734585784622,0.22959472524307972,-0.27697164361834103
273,0.8706833370549731,-0.11481299135128363,-0.5477427005845775,1.0748591362619653,0.9791079391684998,0.8894992534805435,-0.5493068091670015,0.4150660656771827,0.39367591588582906,-0.9838159453644757,1.1265749560612557,-0.5151836189248216,1.3796121247235669,-1.0355439067408492,1.0893104703192624,-0.13364370107869789,0.64996973566077,-1.244700495749684,1.0312955504652521,-0.2969218795133853,0.040699951450444034
274,1.5570390585319949,-1.6212425800615142,1.3571008427695512,-0.40055866841311,0.6449605982391594,-1.1195517856718038,-0.10337071514345458,0.6155223193160644,2.110172461586183,2.12269102423129,-1.361819031227744,0.570870081416834,-0.5969006678228067,0.656242660878033,1.0388984861953168,-0.00708549140755577,-0.06764191995231938,-0.5033623503535332,-0.3922198035561856,-1.1454565924786033,0.2873556101224831
275,-0.2940810931429805,-0.09654359196395189,-1.9329494974554817,-0.7987256291386445,-0.6445496511238603,-2.3820213134702675,-0.033268664582989285,1.5452736750297715,2.422593009963513,0.28049186268443704,-0.5104164093972582,-1.3143996534229514,-0.46352479882264963,0.22872983064821856,0.17002062103833715,-0.6007787081054589,1.0029393635219404,0.33788483577667766,0.03193638110105532,-0.3618250218670515,-0.2030340139356881
276,2.6127606310599605,-1.7870990065187948,0.15810294353825496,-0.1960064339297778,-1.0890209674899007,2.092854202632578,0.5174445396125439,0.5969655105754281,0.7867403226851685,0.7244624339911612,0.7539569884240905,-1.6599519947813857,1.1750302848530756,-0.3657879849248447,0.11539689763547625,-1.1297539201134856,0.26957248104017245,0.6779671301800375,-0.522098679155751,-0.7812155819043435,-0.0883666547661675
277,-0.9101351120431406,2.4142008908477117,0.6909908145501662,0.8194929799779231,-0.26491514675420336,-1.2174578605359405,-0.12949904307072224,-0.2037431508886212,0.5738675041186593,-3.015400645407424,0.9982112338055765,-1.5999508889901024,0.05515503204361158,-0.1007020192292535,0.7467051079500538,0.215493479400973,0.11744652000592941,-0.013048625163971999,-1.1102861914824853,0.5005953312553949,0.24387933839375642
278,0.0413305835245635,0.13332556644351415,0.6807141573555573,0.9951322017060827,-0.23216953908683718,0.7374335674978735,-1.6695605623622252,-2.0370496676904235,0.24268336300611526,-0.8357589688706467,1.3270294042418282,-0.44247127631418004,-0.7078824150875767,1.2678346713328839,-1.7060289724404103,-1.2411816002443885,1.7046920914373707,0.29734295542140643,0.11396206555345817,0.11978026887694274,0.07344317394556187
279,1.085885499856785,0.06159809723930372,1.5369170677646635,-1.6420915794100988,-0.028210190764584923,0.5429407621645774,1.8867079352093843,0.0591834618923138,1.3188271552969217,0.43079845996767646,1.3252251537028052,0.4501398764848549,-0.5192235538408767,-1.796225777840143,0.36435555452436985,0.6865038255439531,-1.0186149595575555,-0.3142011849762183,-1.1965989259697773,1.1302131925272534,0.2984460365145203
280,-1.1337612424476864,-1.0076147186715212,-0.1705393760571112,-0.5558531489405742,0.2354826756486374,1.3769675272534205,-1.3561028606452974,1.6966619022315859,-0.5506984215703576,0.44496061716481894,0.8368438381865634,0.8671817473175298,-0.7431582666787604,-2.9235656776791563,-1.2465800495834747,-0.8406088457914804,0.35063920231637347,0.1366836577488614,1.0952107232143804,1.210592570639328,-0.018636762372608105
281,1.0726950247890505,-0.5752842787163486,0.33965431685140457,-0.6995506788853694,-1.494146933241967,0.040909522518233245,0.23456072331710645,0.16022248108392073,1.5096778600807859,-0.5303075882287615,-0.9755924336275424,-0.37265916384072534,0.0123529620274419,-0.6222334744669094,0.550783544884563,-0.3394109630770602,-0.9167189941442011,0.029924587466873622,1.4173010429396253,0.3767903350132242,-0.2718817121576205
282,-0.01854593619241081,0.08480073498948128,-0.4214343129617138,-0.48276969481970794,1.1949753903522542,-0.5160241185182721,0.19738215184134977,-0.8974713225689884,-0.4193507527861251,-0.3202413546239534,-0.5008401792695871,1.0304559914225526,-0.4318497800746744,-1.6438909116904994,-0.6863485203638365,1.0902538677356448,-0.17670017670937882,-0.807112788923026,0.22976643648683687,1.59437097770706,0.26163659250470617
283,1.670992889477143,1.6185783826457971,0.5532461468326121,-0.5422751105423071,-0.041484224556720406,-1.8804363216054485,-0.5280637748103606,-0.003126678633748762,0.605659412113001,-1.3158916384720216,-0.780209550681464,-1.7135933062086668,-1.5803894324298704,2.152956172761536,0.7262183138436895,-0.4136081395608254,0.0937510237066636,0.451930377127258,-1.215928256621969,-0.22848950100341803,-0.09190531469022957
284,0.6745012521508376,1.36911982647489,-1.3168804773812683,0.6308865827449341,0.6497044228582978,1.3811600653307836,-1.6421091648844102,0.6786722629566657,0.5790178414948511,-0.19403182895011917,0.9731366606582319,0.15901696761745154,0.6297027127165485,0.16328305146040942,1.0031685152694776,0.3554434367755554,-0.4565481166316785,0.9243740060254012,0.26142771236222045,0.6512340112452896,0.23699173935234139
285,1.643638726612336,1.446180873716358,-0.7436439712144584,-1.7601081485302774,1.3010258273055935,1.295252944465029,0.9954343472189672,-0.0761666427508265,0.747972591449269,-0.5640303429099938,2.255750608534352,0.7328980299809897,-0.20814771245990651,1.0760859133516785,-0.15713562556798405,-1.042257970668367,0.8677904027392891,-0.12479329802511137,0.3078343131649877,-0.8578164921211897,0.3144167176904886
286,-0.21650869870406572,0.3364954580841386,0.0840549235641423,0.2074604066987827,1.3094897934623044,0.0424674844673443,1.0432629552022767,-1.0385098378088413,0.7586827507624008,0.34348112886793564,-0.46161399675451137,-1.485660822046815,-2.538232149402885,-0.301167553236013,0.5006578415547325,-0.8115494826790013,0.3981253237287036,1.1356498419048464,1.0633731960988144,1.2530928681517806,0.19535043103757208
287,1.4700979405483159,-1.1893398453895634,0.42214946019237937,1.2634707438008514,0.6908686162177606,0.9111224291225113,-1.9280591705372463,-0.5212790675797984,0.1800192347858855,-0.169547772615994,-1.7082356145176059,0.2310053862571101,-1.48035946599157,0.3616126279290187,-1.5101278513816252,-0.05844462269310359,-0.31337742922418294,0.37439484591542044,0.17293203643516314,1.2521971666536837,0.1757913662261857
288,-1.3394344085479584,0.941374624657378,0.9574318434210545,0.3005866106557074,-0.27083431644773914,0.6326250723973614,-0.018868051494655584,-1.8397890916745891,1.3713271887310357,0.9471722573981409,-0.5766858471545231,0.10101878583639377,-0.2960457267026078,0.774509160209537,-0.08258831515493496,-1.0755522707928589,-0.8405472776946433,-0.739593305607963,1.2810275258539834,-0.9184794959860226,0.10459839659512431
289,1.6538847652960835,-0.18359077789211772,0.18594374466542488,-1.4868369670114248,-1.510307110924614,-0.254102412602308,-0.9962817180294017,-1.5995498063166076,-0.3243187195172714,-0.20187986401825725,0.0735055556368151,-2.033486105877476,1.803455371662079,-0.4504801468656042,-1.4096151078334975,1.540671939889054,-0.2861036557624065,-0.5908231059014191,-0.7289467851324406,1.04369021825493,0.06918905544116624
290,-1.301034060888864,-1.0278090607768162,1.144584630947636,2.6554472132684483,0.06569734125543561,-0.9052145017381296,2.1127008188409233,1.568206909476586,-0.09689167439203612,-0.37831118061290825,-0.4383695067410098,-1.1430736217888453,0.5565264457748774,0.7077618754637202,-0.4888204376037786,0.08437740750488526,-1.701356003601719,0.21015451747166708,-0.12054234469165931,0.5344995416573642,0.061186161256736246
291,-1.5324878761757432,2.6229300575316263,0.039664221445360845,-0.3006304934038595,1.7933500701626794,-0.40177933872459903,-0.24872260316616152,-0.9290586684667942,-0.325000869201227,0.6020720986495488,-0.04268340187988002,0.4235717601561785,0.3922692915182166,-0.583890163357148,-1.011312744735269,0.32135382008268143,1.8410251505646307,1.392975178092468,-0.2521071994293258,-0.8540458202650855,-0.17893028169988132
292,-0.9908241939374325,0.6354206146761924,1.4618140125081833,0.9065706824629575,0.6514985382848364,-0.1457455804628745,0.2996700720675724,-2.2525922603532296,-0.7729700806475884,0.1735043051727945,-0.34720018238173483,-0.29181715317634616,0.012842974839956396,0.7353377346016527,-1.233211309689795,-0.6898120233373937,-2.224721528637855,-0.21208334043086122,0.7444857182831875,-2.7901054814514508,-0.0772193714167357
293,0.7830623808947412,-0.05087602325396229,-0.3233759998279777,-0.06042283726479638,1.2665967170624837,0.5309777974353749,1.5798441253514397,-0.19542897907263945,-0.9387874276928665,-1.5447004357998038,-1.0246471261753456,-1.0029573505113902,-0.38146161820120067,1.3737070497860289,1.8167605181649957,-1.0854650112412532,1.3980759562044505,0.8888627434409401,0.5842662746199596,0.7569238594715351,0.07584360679256236
294,-1.5517369783387658,2.0170498537818067,-0.861936259407584,2.0621733892507934,-1.1997092924902422,-1.437238836416539,-0.3183699765465004,-0.38370707805548493,0.44376858598476343,1.0900246251711014,-0.2651317806275087,0.2910474230689643,1.1911786196653342,0.008054476426007698,0.0009475445454229742,-0.05358234612165247,-0.6148454998688949,1.8481873813741128,0.7274086320880326,1.4159258922046045,0.22038116971787308
295,-0.9172715398010716,-0.40194626189735266,0.7524964593839291,-1.0634113626691555,1.5358384762825192,1.0838236276795812,-0.2338956750190917,-1.0945767292706692,0.6403752672835035,0.18064355203831944,0.5179390382591897,1.182677322828563,0.30159827662090327,0.39209892087774567,-0.13260909044408797,-0.03261328708122378,-0.17383394902214677,1.0288541646859748,0.5376612133513371,0.07337832499370936,0.13462765934999107
296,0.9524569793209148,2.27757120219332,1.6033792539944243,-0.8245668704515275,0.20317618231851206,-0.8429024380022522,-0.8372765048653392,-0.41638830784611713,-1.5489333881968013,-0.5891861325262387,0.010512411582171774,-0.40231914185186274,-0.1596717320088749,0.4546661299688784,-1.0901769054936064,0.4638593932447223,-1.2222380419743055,-0.37607773256405375,-1.4486054594558693,1.8231587013473258,0.07907828340213463
297,0.2732059637204326,-2.1038173236497193,-1.3408097368466294,1.9534391256205141,-0.46277182940594475,-1.837979883589601,-1.2944664094728824,-0.08523518610261631,-0.8109456113709,0.45032363552140875,0.38877168361797304,0.7220275187305482,1.2724931559251054,1.083314890969258,-0.2094060895719529,0.4211175549866211,-0.09984182832078972,-1.6211612146251966,-0.8098907838499919,-0.6799594861425536,-0.30365063419934063
298,1.5055975751785593,0.0418915676713622,-1.0645018769653616,0.8577914727905077,0.985305182863403,0.41099139982496946,-1.2717553880019818,-2.0819585467696107,0.38167297243227094,0.7208634127221475,2.248870177226441,0.6965314384809459,1.3406069455507093,1.009449673099297,0.10873019517380045,-0.6420871397658547,0.7970639534629037,-0.03430989220180206,-1.2347232192001827,1.0972796477286857,-0.11958609679012937
299,-1.333531634440918,-0.4503323393618413,-0.7215273794057288,0.40596121854640077,-0.8526497022543716,0.2569442723886671,-1.4115349903357053,0.17250241774229969,1.0922272838741383,-1.519647772672373,-0.550570824366867,-1.3020736343202761,-0.7707789001442646,0.17481284556320556,-2.047728949390304,-1.9360493390626585,-1.5047683170153285,-0.16760376833061258,1.0197142577626062,0.18832778562785465,-0.10484713664254318
300,-0.483142832852378,0.6691392754724116,-0.7341784545912831,1.0038699202604933,-0.14963068423959652,2.7003829200208047,0.4686044072664727,0.5670614725280755,-0.6378336813964388,0.16746436383444005,1.8523572071627776,0.6471967529162991,0.06329126012329413,0.7207931476117506,-0.47754595965891644,0.4645999865622102,0.2773203394470227,0.37642678520003686,-1.1809657798700337,0.05284865248903062,-0.16914666850587748
301,-0.7595766769149374,-1.2018973313004475,1.241078629719922,0.7874326268500792,1.9641696898182777,0.3933532409409264,-1.189577855322492,-1.6157588048578797,-0.33368278412195257,0.5740530508498974,1.1657536738460514,0.6957244547680346,0.08411565081370757,-0.10565330972273133,-1.6293787237961375,0.846184745768747,0.32374308182603984,-1.745618930241602,-0.18493364033371876,0.5514085309726334,0.09294305833068704
302,-1.8904392642151921,0.5174211317278687,2.2636631395571323,-0.530052965836501,0.6539057639292437,-1.138664359145668,-0.7053142953747507,0.5153308406965178,1.6393692239373339,-0.14666649448325472,0.47206324685332585,-0.2888344460277583,0.9380035568343597,-0.9813942434520363,-0.11706849833432108,1.530687283725807,0.4683783103854407,0.9146745747358684,0.09691516426795596,-1.0594278985031393,0.11548023634723487
303,0.06958139948933113,0.6427570510864086,-0.5430233404200777,-0.9078552231827459,-1.0200465370558007,-0.4804289702326035,-1.5652233109210267,-0.7150381741579872,-0.7812893966096196,0.12506009185119257,0.6595980059902464,1.5564776054941427,-0.72095186754347,0.18181589525141473,0.436109569409389,-0.4138657782532254,0.5474436662240058,0.31258083758444877,-0.023017811441471827,-0.2294005134656735,-0.11347294114963018
304,-1.1948778461152012,-1.7339387720858626,0.9772230232301585,0.2842313957075945,-2.257604781635487,2.3722283641202524,0.5695047105579898,0.2645618317512643,-0.3957984213214577,-0.9958467977061852,-0.006723462168578648,0.5220053586210266,-1.2506878330413809,0.26104649863792234,0.5051278650892785,0.09961054430539566,0.6869243404390365,0.795877738295451,0.09014751502203466,-0.77577875506063,0.14600533975566074
305,-1.0701129861617535,-0.41369536940390417,2.2426614805025644,-0.42491021924305544,0.8988835369369911,1.6551595259456136,-0.3807428800929716,0.08658141128943073,0.489117289666666,-1.1741149276411398,-0.5527352500419641,-1.3354450101376847,-0.21746601544447017,-0.6237713951850187,-0.1771952920773575,-0.39781438467666724,-0.775357336070325,0.34101983835846533,1.9361376162977237,-0.32821782514144016,-0.23780708018577473
306,-1.5597216741267508,0.37113542898919827,-0.17707692740151193,0.7484950969894897,-0.2753478242895452,0.693554042752905,0.5751121906801676,0.028122035635065927,-0.5954871730211507,-0.773228586658934,-1.544509752759947,-0.8039427112671931,1.068524352488223,-0.2462969963379466,0.3453698989907418,-1.7415189198840304,1.361576941240146,-0.8950773456879326,-0.9576346930752153,1.823344191755575,-0.15158840704358462
307,-1.2487485080867486,-0.6865529051106858,-0.3823113277569454,1.4590285964173704,0.5323135155249287,0.3707848613171376,1.052295404691533,-0.6447109507962451,1.2158515749722587,-1.4180443752487721,1.199379939519273,-1.0276620594570627,1.1992943438820878,0.8204978300168561,0.18859694550185196,0.036145278139725345,0.18393463012655187,-0.5973458966211305,1.1345546555226902,-0.3975515630620658,-0.014065926641867867
308,0.5745719786075446,-0.6640942114250876,-1.45509343656955,-0.37684603422369417,-0.2510777559025425,1.2614831201345251,-0.9662738639926437,-0.805812957962921,0.8096673947814517,-1.2484885053579158,0.021149476140625196,0.8694208834697515,-0.09832036691589144,-0.19703109846284506,-0.9073004915228607,-0.04273466884937836,-2.221232806219188,-0.7080899017953725,0.18328576547945774,0.34101934889126095,-0.2190584841981438
309,-1.6399182138376955,-0.40158536891391367,-1.0996964009734922,1.183747434925942,0.9469750514566311,0.619756539054157,0.5268769332069343,1.3798356038245372,0.38531512750544983,-0.08188595542250889,-0.1790715572460317,-0.11455111198531412,0.565596198246707,-1.6576150310461797,0.9431607595989522,0.275069222808838,-1.8546324368672011,0.4983963073757494,0.1981285966590821,1.2710467202846387,-0.09096154050923318
310,-1.1479353793489229,-0.6380250473594239,1.4545631276377111,-0.7034096007162144,0.29684347831138874,0.7790341948494078,-1.2695697958538874,-0.5645230823355262,-0.6217223752953167,0.6051121362915999,-0.5443830487977944,1.603464884473427,-0.7776771825869601,0.2918637278712397,-1.9511081331726539,0.7302846722702352,-0.34255480647058223,0.5502258042137572,-1.1348568984279057,1.0948149821456963,-0.07281230896210716
311,1.990248574402636,-1.874031000879671,0.16761006326490685,-0.0014536493109647418,0.956092917287759,0.4676398601193061,-0.292059673718576,-1.2260898808556444,0.7787399786743484,0.42889062631791247,-1.1304370741566394,-0.5883360027404697,-0.4029499570901547,0.7365536174736647,1.1497343823651753,1.0610932279532725,-1.8426778764678478,1.3999724601625687,-0.12460679900366067,0.6654183304734879,-0.18252630703960648
312,0.6902568135332582,0.8397835983712022,-1.0570912689579757,0.02736593927779326,1.353304721612981,0.8771985491069354,0.8844866409936839,-0.9848987467487436,1.034833649684451,1.0035453179678473,-1.02860855256688,-1.474004290591453,0.04131961079552506,-0.3605514868263516,-0.2021411701617593,0.7498545768371193,0.18173621534666132,1.414723547151636,-0.09996489886303464,-2.8151493644039043,-0.14097178748639336
313,0.7442289004142175,-0.009612935907384082,-0.97668707593736,-0.59463187202534,-0.24627936791554117,1.0010167428910435,0.34153442126416583,-1.9090328983919338,0.33530659744278024,1.4799944061123995,0.48068725260083744,-0.18396627896848403,1.810651500836212,0.4434728152978311,-0.07670909070597909,1.1273247914025313,-0.636526305280823,-1.1179182338799638,-0.7227108431588022,-1.0476001898264962,-0.015138671992457943
314,1.1334765915898186,-2.7902139552221885,1.006743167980816,-0.08076664846689162,1.0270840559728551,-1.4056740225775217,-0.30612611667603734,1.348043063744853,0.6070964158324895,-1.2957832627553376,2.0465299383178985,0.1426017824048051,0.004847284387383778,-0.17534473305154755,-0.16193570014747066,-0.28594715321494885,-1.3726170473259671,0.597815757730431,1.004205110028894,-0.28219315813688045,-0.21037237673477596
315,0.19482962562560197,0.9021282911158576,-1.99268771724664,0.5199471575291515,-0.3385322891695315,-0.2919576297811641,0.7906499377949834,-0.07311576689897241,-0.6930537790130155,0.4187087408817865,0.5155195119497115,0.10480563999350219,-0.4504258252789944,-0.8889632581075241,-0.9803650916572889,0.7088025316029065,1.656936310979345,0.696166743361883,1.031541616631968,-0.7802553420207181,0.028090601005815626
316,-0.38462846324166405,-1.986028872941663,1.4897496084665844,0.44103565632536335,1.661540025606548,0.5034465146189203,1.456961980908841,-0.05056106632387518,-0.9850946225180471,1.9432754886097765,-0.18013683055605212,0.15551743605841264,0.6663049496924595,-0.8991244931810773,0.2447222309516516,0.3369944516347525,0.4812543354058705,0.16031506788317587,-1.56579187084202,-1.3318737127495346,0.015624388835971226
317,-1.1667313615111357,1.460578410713518,-0.6267808877801401,-0.7644723476474282,-1.4021486695420091,0.8979139063110511,1.1602734610893324,0.32282634818382966,-0.5233024178547402,0.65953087527288,-0.2737673409265633,0.23589308559366,-0.12387275924945683,-0.12761292778675734,-1.1696025721263807,0.01689343277600277,-1.2704922534593193,0.6826262370108112,0.5078726976885767,-0.15267263892651844,-0.15249705488180612
318,-1.87682922335528,0.828684044771971,-1.6653190248232692,1.215277834279832,1.791621591474923,-0.4780722872065867,-0.7922788181389601,-0.5874675170144151,-1.890821879311294,0.17383919937124398,-0.6363247578895906,-0.3846574914559492,-0.9568842548656922,-0.8433510619473039,1.0418467286252397,0.33007177060687726,0.047336130836443585,0.05697608767798431,0.898369170476618,-0.871138592600481,-0.06539208791572905
319,1.792654493331444,-0.09511571004200761,0.041449350742917404,-1.4298366234433537,-1.4770774955559178,-1.0385496075296665,-0.23502143058161726,-0.30767387574267574,1.997664584971009,-0.5959322146353753,1.2567781626178225,1.162627426596997,-0.3487082389860786,-1.3434353822388,-2.1247346738302753,-0.1609046105359755,-0.6745671260550461,-0.6664839416218855,-0.49818768988560286,0.49005649980331556,0.4925547879302197
320,-1.8605168911826726,0.15126520713245573,-1.8412762017458724,-2.1077474100341633,-1.7429457011702532,-0.6281659082782018,3.064402274338344,-0.4566826933422022,0.11562039710616964,0.7974336234832549,-0.25962687220867675,1.2802983882399865,0.9601503090443219,0.127150245800674,0.9747580718397397,0.10910606901009873,-0.06552634248287348,-0.26309266951309523,0.5369899468656799,0.2656683167638802,0.053679037673760276
321,1.1237125482616563,-0.8833993662567975,0.21529939844213347,-1.4547690380874805,-0.21290549006578133,-0.302390718887522,1.3362943734794166,-0.5346059095080493,0.3467599198727226,1.1912178242471938,1.2691697627045713,-0.13808492108704226,0.8800874470035143,-0.6038429489323857,-0.5075551344372936,0.7914194917060157,0.9311815162509604,1.1966770381551313,-1.187087681287319,-0.2608185274481948,-0.09674541725549898
322,1.7326899318367,-0.06662564800897446,0.6598741877381097,-2.545739732557544,-0.3798739017150856,1.2457838265433487,0.15365271210740628,-1.0728406369790895,0.14813406641104176,1.2704644745680918,1.4652073572361553,-1.3728462391125436,-0.052956123813939784,0.8056037121965517,0.45812677941580426,-1.0593277094183293,-1.205314096990939,-1.155837129033527,-0.8102632229519628,0.18162770427049196,0.25359024420992854
323,-2.0265017584671825,-1.504616048697094,1.2585423743248743,0.15364850014489467,0.0387281318369427,0.78625533645556,0.497917966435247,0.20480443691582106,-1.5369853899198946,-1.423993448579098,0.46312022858586127,-1.0080684478252744,0.36954905474598215,-1.5482193186543813,0.7026521619593735,0.2219407145621323,-0.46754140633038604,1.538906762527753,-0.2372643277822518,0.03571396909084304,0.08899035408576675
324,1.972675565577234,-1.7510556377873316,0.7140166744622077,0.15181106346601328,-0.7584089058299827,0.48542997726876835,0.6720809710961382,-1.2118333302785171,-0.6821343499335193,-0.6656970306551603,-0.00722350835573526,1.7430238706899357,0.284263031813164,-0.00039584796971267356,-0.5824378936716146,0.3847814240137767,0.2254349159971507,1.5061386173108753,0.43240361301709446,-1.0285941796348008,0.33945430811746913
325,2.151086820396761,1.4104293803432133,1.0504257797069436,0.6915356056611955,-0.710022836951535,1.4186264093342733,0.7928966950079909,0.14707929736672157,1.15041986038549,-1.2071137687275832,-0.8254878358133687,1.0283205703181644,0.22897857156099752,0.35164892774567513,-0.3462645060872271,0.8768074893288115,2.4533112951962033,0.4991743215664018,-0.9030886248205656,-0.16055275378974485,0.08026635287324856
326,1.744620755967145,0.9935358769111803,1.6639218086583778,1.3405279562553214,-0.2858824686051595,-0.4647585029857532,0.13618027489190726,2.4546153954960825,0.17008620520299522,-0.01750498801263105,-1.895601902636876,0.667858642257814,-0.23913753137103289,0.006462756987524281,-0.40469777662923023,0.8478982632327129,-0.6742250545354467,1.386174089313543,0.7133161980346137,0.9900154240156847,-0.24914271026739782
327,-1.9590376587061333,-1.0885639092428843,0.5349662595637089,-0.7731946276688242,-1.18516962656826,-0.4410421357134926,-1.844971948778764,-1.5960416704394698,-1.1736380540171079,0.16374405913366694,0.6396098603906699,-0.4030940462808677,-0.18535915200121664,-0.05513508781186916,2.383257490304422,-1.672600985396963,-1.0741346516427148,1.184170403796707,-0.48430953344896516,1.0518400673931978,0.139592117388468
328,1.8252414887696338,0.2058363649372022,1.4367025394153607,-1.621793730308953,0.6687565064591225,-0.22543215424873086,1.2793779435313306,-0.5677598623392512,0.21975915070001234,-0.35554377214669014,-1.5389443555713835,-1.7253943018344688,0.5896336231081388,-1.1212516377864046,1.5689244342334,-1.1226812535028001,-0.1774833533041359,-0.42284432238072905,0.3837961232622136,-0.3352012737093687,-0.11839529303372213
329,1.3212991635837001,-1.7135193076506174,-0.6294301933098669,3.320466388373228,0.8943663422305398,0.7121924638503495,-1.110752183253468,-1.144607794171328,-0.012266289169498897,0.2241785529727171,-1.441196386202665,0.4612270653932051,0.363760113740694,-0.6119180038286167,0.4276514158806432,0.5653866391226365,-1.481687484372268,-0.5721990318685443,-1.0815891002847826,0.15475840192460646,0.25463830293401324
330,1.8980554386911377,-0.8071447768413903,0.6692590944043357,-0.7771533400283416,1.3341822512073735,0.18536430720699623,-0.30247914587581143,-0.4554095750724559,-1.065879041893198,0.9540909691218528,0.677187947027861,1.7879359738064295,0.6345369910477365,1.499379698581327,-0.9678039938605335,0.01323855874149872,0.8395607119685591,0.7152934805154882,-0.4417550499895734,-1.4540906171594787,-0.34739114988417624
331,1.3376826412889877,0.3206519164662375,0.8617038348935252,-0.9258046768786435,0.5704423660148917,-0.8611503546884818,-0.28559415550887196,0.2391699282576059,1.0862406602721089,0.12672043871909192,0.4835167300181456,0.5572684919088821,-0.2877616839669061,0.04405711962238802,-0.7694492516498003,-0.10428278414532381,-1.002464231309679,0.7595333457136254,1.2532327010720685,-0.22123355188151425,-0.34483111581167225
332,0.5337744863195586,2.1708373061232145,0.3802882890596717,1.4372624577925164,-1.0966579511637446,-0.5674279059089559,1.1407586291371623,0.878296348552645,0.4406053489108328,-0.7805459590076804,1.179298904809597,0.09778981934548465,-0.01993055430062938,-1.6029309100413294,1.9558182428058983,-1.8522683459209368,-0.44215584518846673,-0.16541906830511355,-0.9618714139861374,-0.41719835784719345,0.0021692926939831736
333,0.6854377499892115,0.009383926803507527,-0.7699770596641741,-0.25272688077162603,-1.444193055982203,1.030459155916593,-0.6995618598242097,0.3786222973559985,0.4657873666649529,-0.4696621086324618,1.6011261891107134,0.24282693199566469,0.4358846380374475,-1.127897618003003,1.659438446712015,-0.8406760218745825,1.6286255781345123,0.6012337305151326,0.9643608220620656,0.837500853895683,0.02152841167193073
334,-1.0539966025010525,0.0136432098110894,-0.439282646266623,-1.4711365077020844,0.5874583122612588,1.2154135492700873,0.11631682710701557,-0.871436087154768,-0.6377155301012747,0.3122969967888696,1.3568420820572813,1.2632296216817231,1.31481128346996,0.3214076000860069,1.7095552831616683,-0.18505952491372282,1.7925913354830405,0.16426154510414545,2.6319850792456916,0.03302202252480134,-0.10607497789996484
335,-1.6635968422248755,0.3266617598963758,-0.3610203655491111,2.0375788825217676,0.44771497288781203,-0.527342762893858,-1.4204129449298002,-0.6194249348923425,0.7872113537844272,0.3622651922620578,0.4922971103681148,-0.8274163994733649,-0.4585498627160926,-2.2286652999195256,-0.38931501796549006,0.7651572997288493,0.7976445154949566,-0.11498028274116802,0.03568202740565912,-0.9043987580831693,-0.15534231963405878
336,0.40356603736027274,1.296763468653674,-1.1239821084209354,0.6226035687676346,-0.699624846476305,-0.5988476974037159,-1.640158022863347,0.8904268081087672,0.1491520483359287,1.2787721065628894,0.030074827287770375,-0.9778851556785964,-0.26620872217158625,-0.13654503301157067,1.681837743777593,-0.656065130605796,-0.17991343598547124,0.6591455662770388,0.9811216593594277,0.701386048623852,-0.13596212147925293
337,0.5474112455509829,0.03131107761521157,0.1910035941018029,1.4044552175984575,1.3013826359271046,-0.8329160676685627,-0.1556646438401212,0.46931223395210997,-0.002081275255833776,0.3789875918446702,-1.7116077010283268,-0.045463945580143376,2.274750856387522,-0.04079119990059434,-0.893290321042641,-0.8586914155191674,-0.8079041585370683,-0.0763381422994798,0.06584195955019985,-0.16189216311350527,-0.1858279259633158
338,2.403146747722188,-0.24972904776512353,0.2332008962933283,-0.762671749602002,1.0693720598531937,0.34398368100338805,0.46998036640392826,-0.7559090316674785,-0.4577838737614616,0.6620611775083208,0.42192548223466464,-0.23127746687778955,-0.9200212070454092,-0.570450032445684,0.9230071321865617,-1.0697696377897328,-1.1483032389807308,-1.7266858605476136,0.4103250705322314,-0.02175898770106675,-0.32437235976959017
339,-1.8755850403761076,0.8006662528963036,0.022307721591366635,-0.8761266116728897,-0.9862127953009762,-0.3177450885591514,1.2968432973409725,0.0752183189730072,-0.5817315822953212,1.1783587887583904,0.5452657180828241,-1.411590290053726,1.5821535316581572,-1.6221921345934984,2.070074553192231,-0.7952467028226992,-0.34291011095281504,-0.40550320574409077,1.3903057969398538,0.46757057012666536,-0.2135515158532498
340,-2.393888943044587,2.716881928875631,-0.33369480532353596,-0.1791546235416464,1.68259266762969,-0.6844822173064723,-0.2819248627826002,1.2336697209127125,1.3296207724983944,0.47716153775345277,-0.3052557016419026,0.7290556827105772,-0.45458038184162597,0.9968390336848829,0.9723507024554506,-0.1415433330860354,0.903483401099477,0.3764112390599187,0.3567273154147505,-0.1626624362689876,0.024989416423867847
341,-2.1466869821352543,0.5706579410497478,2.061257982727757,0.8651485378394059,-1.5588068603277354,1.9591652949014267,-0.6126102801008873,0.5457802320185184,-0.14930315576629974,0.9340570183859073,0.4404016450674112,-0.21323356128957213,0.7135496029857997,-0.14654111713925783,1.8018879602801456,-0.5214816026503823,0.8338714160886945,0.9172269240439916,0.6932334981223712,-1.2337360882153672,0.0682399149447419
342,1.778919149442019,-0.1793635689865727,1.1942894121479277,-1.231888361559241,0.06511565853636384,-0.8106638666727459,-1.207310493502117,1.9428277250411206,-0.009736638908022564,1.5347929908618516,-0.8414355542866996,0.7940633442230105,-0.55292450394852,0.2594546240857602,-0.9633572220922276,-2.278374154064397,-0.06757063943110775,-0.21537879608126628,-0.724094141976417,-0.37945729772906317,0.38992582773901313
343,-2.1159740190751894,-0.5371896567928888,0.684123078072343,0.4874670413639548,0.9078443182309766,-0.5353720237092915,2.0651388009972913,-0.36640256120692466,0.0063509516435086705,0.2033906870382003,-2.542462194099407,-0.6024697854922278,0.16605531969982307,-0.5445004004345443,-0.10132171931096207,-1.8062022424329198,0.2360225690776013,0.08276985310059393,0.39905325830471544,-0.5425116888400612,0.01357454229958693
344,-1.8100369291168459,-0.09771119317753679,-0.542943142407572,-0.4959318162911981,0.28100245408791724,-0.3133874688409021,-0.6371373175963075,-1.4240413295284,-0.14072575821813837,0.5848960918685868,-0.4392827822941336,1.2567003380730233,0.5044622559645926,0.3342194059082421,-0.7522418629282897,-0.15703633767073638,1.0454797269142444,-0.6614096611428393,0.9840895642703141,-1.3237981870490696,-0.11917788827780286
345,-0.4956931485035559,-1.1972250481043807,-0.31726310259716023,-2.002348690005589,-0.09820102057782489,0.4506951628456918,-0.6083822990233788,-2.1180484449668766,-1.3910490038913843,-0.8283117997689162,1.930305489283406,0.6187485038153097,-0.843294329866585,0.43396466979370435,-0.46948605738253657,0.7903331286327225,0.14324726661608747,-1.0919737434601402,0.6836179146300418,-0.4383758885815502,-0.11280727684672666
346,0.5160693671989405,0.7580816151353376,-1.0409335003819118,-1.1388527066745395,-0.4894503788467332,1.2118656232064138,-0.6238665529231845,-1.590503493304102,0.7638091277044559,0.7531246555890994,-1.0989742594652476,-1.551616162258996,-0.14421349505503175,-0.24065114029136794,-0.7926422241395488,-0.021215993976465324,-1.5157507773375203,-0.7818295726592697,1.20242013267833,0.777115048414696,-0.2742954246093425
347,-1.9197917511829663,0.0060307572523901724,-1.6780159397132375,-1.1793678491931257,1.9298903337354771,-1.1059649914791367,1.1814257798056218,1.317295987810388,-1.17389321315672,-0.9265833839305231,0.282911087963363,1.2277559581370219,0.9018148506846696,0.00048527924988967056,0.7129648437317823,1.974459537849142,-0.21118032799351794,1.090023102406063,0.16490604695214225,-0.1528282586274951,-0.10404510304403147
348,-0.2596199449925856,-0.8166348251890163,1.621779975279291,-0.08423079742183796,-0.2536226641183131,-0.8146921703876191,0.015809308210744236,-1.1927515925100838,2.399579899546018,0.42261491250318334,-0.59061189895208,1.2696194949824207,1.6622379960478184,-0.3045697418457689,-0.4485948574256127,1.0754585575505335,-0.689643064052948,0.941712041118608,-0.1920248686125863,-1.3508425246872597,-0.25083013754171196
349,1.4211705401679875,0.7439375363778878,0.7115188765389778,0.9414577619506375,1.3277490388560125,-1.4903461009928989,-1.1465620613906664,0.6351069035579539,-1.0111542056058422,0.5993052333036238,-0.019691836353563932,0.11839771542594578,0.44365721987920226,0.9463567509083197,-1.065841727757477,-0.8525328770098173,-0.5752412457982455,-1.663934041510566,2.5104275432764216,-0.4191358940317305,-0.16190854113823674
350,0.9015208644236803,0.5426615360671135,0.4765821022809417,1.0978923788134516,-0.4677382618534552,1.4158759466916486,1.689892847120604,-1.1200768052286925,-1.7044553997720409,-1.5555962465967834,0.12144147539170073,0.17863622494516412,-0.9350932156545847,-1.0852170295212378,0.18259859462983521,0.1595357345854233,-0.6368686302982891,-0.09913592224717144,0.5668815139317375,0.6564142658348022,0.08323706772926687
351,-1.602257902657726,-0.5747953578762656,0.05087622157648193,1.6569832702061964,0.2440206386882502,1.3778828121459903,-0.6720433896581662,-1.0506407464158445,-1.222153518596486,-0.8594339769807248,-1.3421784747291727,1.4229786222767682,0.15468728756277986,-0.948172228732757,0.01977646827722674,0.5384387609629403,-0.5253490256233447,0.4225349710540102,-0.5809623836315672,0.8331012701602231,-0.003160137107756644
352,-1.9560947188497988,0.3672092980431993,2.6995238341171843,1.0292343530764418,-0.781263649518348,0.4484361676676703,0.2520459709967019,-1.4527542759930951,-0.20906151352782243,0.7367998454675904,0.7628334640937207,-0.5080170678763164,-0.5811048617953201,-0.8438507475138087,-0.18336964643904066,0.532154770454784,0.8569787261848311,0.6798057650749326,-1.0492520105155765,1.8573632275122696,0.049161093097652736
353,1.0144127176944744,2.0856424638179365,0.5742644409408815,-1.4399931436690996,0.12945173670260338,-0.21116732518683315,1.0965340526513683,-1.6605242455444547,-0.6048290015438075,0.4412428716165824,-0.8611049388892825,0.5924085604863024,-0.7489631650082443,-1.0470262309984717,1.45500148161511,0.7932371708188047,-0.011571142975362662,0.05599918117187437,-0.05144419343231407,1.0451710581998588,0.1098382320049527
354,-1.3611452093783483,-1.8341216868172077,1.2380780625043903,0.621127525042106,0.6295630986820328,0.5687338555190005,-0.816937663697181,2.8499713243166243,1.659445302064262,0.5138873388479477,0.7486892596859194,-0.35413430139264496,0.16786861329753025,0.30442164680247297,0.3627387801321314,-0.37386373448436283,1.1270519381696011,-0.8638484395165015,0.15240606971115997,-0.37234637581445706,-0.20534869432471595
355,-1.8604480789760565,-0.9121352925473769,-2.3430296448738273,0.9058706682450047,1.0951452609545973,-2.4227618038027443,1.5658916117285753,-0.7426704331635505,-0.7017958968707909,0.03384316418992898,-0.7666145382303655,-1.334692845022697,-0.007776037132698768,-1.3144915969894782,0.11703424562735303,-0.2709577479127604,0.19734455815730403,-1.0541292285709332,0.8176304006891086,0.2939597188453065,-0.05682933967242668
356,-2.2320002222854534,-0.7225049331139135,-0.956052224183196,-0.44308649666183103,1.027948727710421,-0.30088103796980015,-1.3973640679668942,0.25454164016503705,-0.2294909901526084,-1.3276804039232875,1.7163015922488016,2.1369242694352377,0.9470476568250269,0.4022995250821109,1.0587545484929726,-0.23336298626552762,0.16177393598787132,-0.26553666090935707,0.36348834776063327,-0.5088765284746792,0.18068445319021773
357,-2.1053322576081834,1.6565508707300651,-0.4925422953691737,0.2520413531283385,-1.4443960591873566,0.7403598224577715,-1.5963576827223491,-0.27538800443791317,0.2016427206788846,0.054977995580756785,-0.4281942257401116,-0.4647120273967811,-0.5171691971171222,-1.4520015207866483,-0.8546371162514896,0.5342154921506903,-0.3714048281748889,1.3704196087271474,1.4236769234264124,0.23469439822290505,-0.11022088825362905
358,2.2106195632128083,0.20330004078503355,2.523321936900129,0.9031261339418397,-0.1697177842561802,1.3954855745142396,-0.9350003996786878,0.04812206009166132,-0.5674513124321158,0.8916073415511212,0.5318768358603921,1.3545679180316055,-1.0962184978400893,-0.00010555522413838571,-0.45892603833365264,0.5751595922763757,0.5290101266481476,0.019485579340776563,0.7175847445114351,1.2706045579885428,-0.11383003168090826
359,-0.7216661723142106,1.1717900033060924,0.49883722990048796,-1.6553214843568047,0.9667159622550457,0.719990191997649,0.5139204428199886,1.095543377889952,1.6256755759483608,-1.9245288603515074,-0.6864383893497794,-0.9928034863212911,1.122046302956213,0.2788574973436586,-0.23788126950726907,-1.5964848053595393,-0.4691940238731843,-0.7231089486567015,-1.3550002550433666,0.6782890403104869,-0.16554843627383242
360,1.403512613518938,0.32886476737280007,-0.4729496187511888,0.915102733053856,1.5630630423225733,-0.544926007577973,-0.18309222327199828,0.301132605503175,1.889256257504186,-1.2493825983574314,-1.0614723504758796,-0.3401348947122434,-2.2408943563389143,0.25391138307071826,-0.34300773967975284,-0.7075964219720501,0.49725317493730353,-1.1001859336340947,-1.0584765382337522,-0.3754652776930715,0.29928041233833225
361,-1.1001034094410211,-1.3707611812904115,0.676197049707836,0.8404143835443019,-1.969309580035365,0.2921152611222978,1.4902657417426814,-0.9674685043083526,0.7115992923609227,0.30829544265676667,1.5888392315821813,-0.03218642625188675,1.034209558148365,1.985796828632714,-0.9784968793545102,0.5723077609202778,-0.6917443810695257,-0.3181531090534648,0.777268203953203,-0.021897640279007317,0.039622248160700896
362,2.206300694638783,0.4595420134837349,-0.3153488581799132,0.38751752460742506,-1.711010059115,-1.7655828811487384,-0.4861638033648537,0.2586900615442487,-0.07774962629155643,0.9161999688772222,-1.6425758562658186,-0.6253007781927803,-0.5217484895231532,-0.23311990939677477,0.5068661348023925,0.09300944314457783,1.31165367099701,-0.5955757158774905,0.013001559145706438,1.8518889632694102,-0.09046794966460481
363,1.0414693984520387,0.6623923107029397,0.10893801520009239,0.2248661014785995,0.12443401648939624,1.1151727152224253,-0.28502204645034374,-1.020604621441259,-0.6832835202888948,1.0159250920861773,-2.176403809415013,0.9273298993226317,-0.528569492205719,0.2724175367323336,0.05426158364640962,2.218263821058806,-0.5689808852177299,0.985537592417813,-1.0922081370244137,0.36169965904099904,0.35501959959586854
364,-0.06702242795177338,0.40175405931237845,-0.11229215489743415,0.3782626896114002,-0.9353715767253293,0.008983127681768647,-0.8942849881407651,0.13676755373710967,-0.9717265623785353,-2.540935515533688,-2.37433690145817,0.018079181696262714,-0.293670386674367,-0.22818304790080743,-0.34751241461168686,0.9300753691899916,-0.9644406148032901,-0.330658935243024,0.2848842978790615,0.3721147878655733,-0.17108836484824527
365,1.8438042442592861,1.685189214209539,-0.46110271704317735,1.0259647754470989,-1.6163385875959886,0.5162321017844398,0.5124670699989451,0.19691731239459004,-0.325555853194355,0.8083970357538487,-0.795173285358826,-0.3881728882565445,0.981146386338392,1.1711702042062921,0.005104261582854056,-0.8931516458804332,0.2088895217307735,-1.6677543090968558,-1.48806218473661,0.3403324652426785,0.41124201439934005
366,-1.2861451455235662,-0.04224242968918692,0.010910501466016432,0.3286348735104478,0.16874125511362145,-0.22684771774209878,0.19967869141857322,-0.8538164789576865,-2.00108948937341,0.9702039951106566,0.24683842454873123,-1.0779057681502326,1.2227421329150616,-0.03745543661226943,1.603571274454246,0.14001432758575927,-0.31384419593969537,-0.5022209363589586,-1.4460455614343162,-0.6593718354860758,0.11512020645168529
367,-1.244725565086727,1.4556098603702798,-0.006232506761821769,-1.9108377208122942,-1.9944575510993328,-1.2255652664058436,-0.0806337050188351,1.2376001904141178,-0.2869451435374177,0.4804499465526173,0.023468056337147703,1.032458772072927,-0.22847490532870093,1.268697751604396,1.2455734653902983,-0.6768595877095339,0.3103078968351796,0.008106112432158998,-0.2169111068471354,-1.8943807453440635,-0.27318939742948295
368,-1.7735406932762956,-2.0747656475534204,1.0299719259611546,-1.5258302725531296,-0.3631099947896823,-0.5630590195853018,1.1811214472472364,0.4000845878695965,-0.46656534420948886,1.4720442134577536,-0.408529743621047,-0.2883161288388598,1.5136353692124747,0.4227011109810492,-2.6490100502572207,0.7694432759369196,-0.24624393913884213,0.7803491018049014,-0.262604035298835,0.9996016105782309,-0.006825753190988261
369,0.41485940361403134,0.3510043122755551,0.8700272780014895,0.674367071977079,0.04755811409761208,2.018802327976731,0.7212046898760229,-0.15936473782948485,0.048510029360690224,1.3100677009508013,1.0792882456596755,0.07333868896905552,-1.2648687712545075,-0.0682300268271102,-0.6665459101986868,0.6294129111277946,0.2842592246617557,1.5140609367923437,-0.3977617905507782,-1.2224133017972116,0.1527003865061899
370,-1.8207978944902905,-1.0748618382693433,-0.06831450455924691,-1.3803729137432321,1.691700238793255,-0.938726915787304,-1.1016843293168095,-0.36927603035961754,-1.0714325578461195,0.4799612127888138,-0.5011291713306381,0.9899741878912632,-0.6840525512262641,-0.31745860440514617,2.129667314375085,-0.30463468416477757,0.004437480041793532,0.029756709401393154,0.10603722953537587,-0.6080584218936421,0.06884307036550012
371,1.3608815139635102,-0.762906326859359,0.4885156127858679,-0.8349737392391614,-0.4693232445021691,-0.1909144592992261,1.142338916681435,1.6678153587648006,0.7522513223517311,-1.0015382871617013,-0.30488041656767334,0.31021236603196245,2.829726843623239,1.2259791091605783,-0.6220923915640636,0.09230650721589334,0.4952183394042443,-0.7124508961118139,0.3622018655610709,-1.2644840876086605,0.24995127030126407
372,1.38320069034053,0.7507200962433859,-1.0175353972735424,0.5665802051574933,-0.4817812802962397,-1.6555457064134298,-0.5838892619338533,-0.9849050301470268,0.35235453506491476,0.7899790711991718,-1.1868469761511717,1.53452753461362,-0.005378961073662423,-1.5565995762426919,-0.10792109757273692,1.6950300380818681,-1.4151823139427229,-0.19884065000416512,0.2167091777652334,0.19397897623746052,-0.01345117547658532
373,1.392280313646175,0.07583280939758291,-0.2168046623855731,1.5795212609166287,-0.43933339446057734,0.5167093398504944,-2.362473873889551,-0.7726977060430494,0.3181100001424004,-0.604905917801025,0.3030871863397774,1.8401687490160512,1.5211322793172932,0.6509545384090456,0.21088522161949877,0.8421520539394367,-0.22238910102398882,0.9481184344268632,-0.45425901399775404,-0.9158081354596469,-0.27924977544739016
374,2.2379038603362087,-0.44991063701452716,-0.5213420244705949,-2.338520365836866,-0.09761323606574057,-0.2060802010580407,-2.378538125280066,0.22878574500659452,-0.3885396314891865,-0.5674367559047395,0.7902437650073869,-0.2128512776961534,0.12692070543383904,-2.0665012784023093,1.14574919805888,0.7107927931361191,1.132557039746634,0.4286787596529081,-1.1000225060859328,0.6753197398146763,-0.3226678810166359
375,-0.9732110852358732,-0.6777682068798921,0.5849851894050595,1.1846747895829677,1.2230983511742,-0.7890690620844159,0.2644653153110406,-0.6345659143339984,-0.8432821106884475,-0.7260450211475254,-0.29442988001235565,0.3417120143835916,-0.09258700965753323,1.0818780585045975,0.9510526050165569,-0.6231307041311687,0.024834661818104148,-0.0033083672439772256,0.39120028424296094,-0.6545311082113529,0.004628985622266222
376,-1.5014817694189775,0.8483916468928715,-2.284219921954882,1.0025502785104599,-1.915869761488854,0.699797630727162,0.5986814588978263,-0.729869642633107,0.4727763100343978,-0.15087336964289522,-1.525652162546119,0.7168000800623753,1.8495157445871722,2.2213678467488203,-0.9943751285545197,-0.5772199143054555,-0.5136404095321219,1.5737446832132262,0.7440508771285179,1.5675378435171774,0.05324295680372021
377,1.956405776169939,-0.5509458716731104,0.28357237473907543,1.4982069923304908,1.0317838579118306,0.7805470532494341,-1.1994712033656998,1.5253508430088296,-0.7127662043393769,0.8390005083285852,-0.4370232868407295,0.38374695311109547,-1.3398586871040574,0.2056167011900464,-0.6987288565182393,-0.02811040844852708,-0.3140995165144401,-0.04164397871789594,-0.45017251922481366,1.9564891820905939,-0.0357127326191425
378,-0.8088996451228032,-0.07334737295474883,-1.0323139565447264,-0.29921808831633206,1.412080361910539,1.4765414034552589,-0.6476148462349346,-1.03328298859523,1.0980739659459973,-0.20341578026057533,0.07382249765658978,0.6706239842971037,0.8717860784124745,2.791497733962517,0.6307629627168437,-0.8974281082735113,0.8145846477556644,-0.9680712986780011,1.7557055011229163,-0.2899659241513796,0.05794089166840139
379,0.43282453487762884,1.0447759165951613,1.1952596950739058,0.39293573027895545,-0.245068718813937,-1.2449100423706017,-0.046418068580761175,1.6047163797493231,-0.1951755112754723,-1.8598824220677284,0.36300755488888126,0.6319850668133248,1.2167072289646967,-0.17605471411313048,0.679523367855,-0.7994650226953808,-1.9544711922488718,0.7452964940966443,2.037326896213928,-0.23857931778969463,0.32239350363637637
380,0.761190911395071,0.02240813355647474,-0.0044510690428336145,1.1011727370227058,1.069234255407273,0.14956524776659968,1.4751973837356427,-2.4689013875648533,0.46645365684942663,0.35169585343986304,1.3078155846222934,-0.0893392377896566,0.06975419429164782,0.005190414676177767,-0.06741732909784273,-0.6719848707496726,-0.4717345425714324,0.5834827516936123,0.016099346697091003,0.2181179657839226,-0.06680237609633964
381,-2.07100551183541,-0.06805996920077735,1.1506237830104324,-1.039916768229571,-0.4691934609294661,0.5034040910805682,-2.167406622381651,-0.5007053930098392,-0.12159196402687542,1.2727129696594712,-2.660129146417953,-0.11334336681356742,1.439882882999668,-0.7256062086190087,-0.8088099265040166,0.116414149024536,-0.6909499176534998,-1.0472126212225479,-0.16302997271446937,0.7248802405702469,-0.08044092644267026
382,1.8597831085442935,0.8034690172087661,1.0221560025641319,-0.7772232888740098,-0.25966189578434523,-1.749828024242041,-0.8162458682723116,-1.0153319873888758,1.1953407350277474,0.8968896088941971,0.8892934126082856,-0.08690442856654092,-0.13105298688583805,-1.4223693752863278,-1.3949219001530184,0.4160835313482642,-0.2466471885618982,-0.5960542717207163,0.4947202807170124,-0.773516944282202,0.42212655841172836
383,1.8578587365007608,0.22128850745712952,1.190955489501704,-0.39918994517453116,0.9870962975153799,-0.7295866922361474,1.1961205738604235,-0.2699646760890494,-0.6930020860956283,-0.152910703547341,-0.09615364011694821,1.0644682563280736,0.5815432632449452,0.6172329386111622,-1.2618234098545709,0.668238556176123,-1.0675494108342576,-1.6906211698738989,-1.2645200786558022,-1.0578078040141714,-0.36855606593496665
384,-1.222928955454624,-0.5550394991646643,0.01676004586216072,1.9341146320968838,1.3178782392579842,0.1068524330090818,1.851777242650373,0.030234711465749114,-0.8678248074861329,-0.009788721351307561,-0.3168218516585061,0.9205664373145794,-0.692944908062596,-0.19264019941586766,1.0746164005145953,0.3733538869969882,-1.1879031383071226,0.527855908181751,0.4301828556405293,0.20761559552050365,-0.013669617808582826
385,2.4041684598100357,-0.5489495060008304,0.6934043738577196,0.7361621358079732,0.018966456406802695,-0.6947298756763005,0.4682598511289,-1.611338160305707,-0.8462387378728629,1.4712341194346577,1.0157693012356759,0.7551337628037018,0.22995055371905174,-0.08782566867479032,-0.35267477036954864,0.18813811009528575,-1.504272905142384,-1.5728327401625768,0.228570407088173,1.1543633084586729,-0.38097859024822467
386,0.016302243402053444,-0.6273321006176975,-1.5939677310147535,-0.24059122939902525,-0.5867486404462047,-0.39572855633858794,-0.5848834223346977,-1.726489034191189,1.2575548944723027,0.6007192165812394,-2.533862760669575,0.9423573510960664,-0.5924430686674536,-1.636989656069223,0.1644065922406509,0.3737740444066273,-1.8840831124783852,0.25395985032151275,-1.0124337135545305,-0.3112349097090191,-0.07107967682866433
387,-2.145755541226014,1.5711171645638349,-0.9981310012701453,1.0388700475783785,-0.03503310205891413,-1.0658438393279817,0.668629610063953,-0.0683095054450503,-0.2696157297520021,1.1280411244931332,0.8950863203547081,0.07478296686128874,2.1419002372466878,-0.2923307430470641,0.924052647180422,0.4632302279649863,-1.1174134866686969,-1.344213665429946,-0.5143149174051995,0.5968443738962851,-0.1293476564788088
388,2.0626045274394085,-0.4866219006702683,0.0926175875403186,0.48340539633831836,-1.2181727499629775,-1.2569629173074592,0.8624238996269334,0.2851451550808416,-1.4180531810233665,0.09319128300147443,0.2242947162584891,-0.29255576568082264,-1.0237854118822465,-0.6896375222897995,-0.9119713384090281,0.9905800101511858,0.9707506291204584,1.3269484051748635,-0.9795134237295994,-0.526380498778497,-0.332297052460359
389,0.0002789206791895771,1.4195070417291829,0.13645177592590813,-2.0804589549524857,0.8084080659844435,0.6465002886208561,0.24899787493564707,-0.257490382660018,0.3533269491351097,1.5867511583310518,1.1890852785570278,-0.45204018467092866,0.6414936483565286,-1.5041578275066751,-0.9002150153326891,0.6219088153771353,1.6015644440047196,-0.8629827310607304,0.49634032244891135,-0.8595044426854228,0.3484188702445402
390,-1.899044577058055,0.8243548019648519,0.7440331491079702,1.481235497156669,-0.06223510792611096,1.5723286176848952,0.9997391675771136,1.569609358680824,0.9863044943211464,0.5153488996703356,1.2249943638775285,-3.1215598570433367,-0.5189083173791265,1.0737750110153337,-1.247830604158427,0.23533896542043692,0.02369365225081438,-0.5172564821575398,-0.17260288549666164,0.04744302378435,-0.08507636734770571
391,2.2905373002091154,1.2599333511682311,0.21794230119943364,-0.8450308149831702,-0.45355208928389623,1.135493845728604,0.5019600864990634,0.04596555201852585,-0.9892060174918448,-0.42490692994886675,0.18873842789740708,-0.3809173134739168,0.5625720458985682,-0.21692322397479208,0.10175592748420167,2.961255776376442,0.5248826414739047,-1.2845711245707854,-0.5604427480870449,0.8269410667901761,-0.3314129800675754
392,0.0467865789560068,-1.0589846632803486,-0.3000388685993367,0.2883253852867952,0.2810894106764896,1.0332648969059615,0.9621533542538773,-1.474879956215663,-1.2931566927304126,-0.4513545135062953,0.11563643758101037,1.509585436367986,-1.1975066699371817,-0.6908380859149847,1.0308010210081044,0.887106359993312,-1.5576098748103608,-1.3353758841181584,0.027509822259379122,-0.3615269631131645,-0.016821780029492382
393,1.8396432190722958,0.0912882036958085,-0.06333533257813301,-0.9675135936005788,1.581646318415728,-0.06290242480176096,-1.1131562990688666,-1.7193939171245451,1.1402217602141078,-1.9733733649819383,-0.7822361514143941,0.695657993404298,1.0560912873026131,-0.8772864407217118,-1.0340750128506833,0.9802628684475979,-1.004500133192837,-1.9325178603464246,-0.7262190082309167,1.8780866947563553,0.3429750091850313
394,-0.7461135344959929,1.1907699774254017,-0.7484753828786446,0.7447919534243169,-0.6792009836931753,1.7003162436457886,-1.9154198346648428,0.23939694243273665,-1.188756647435574,-0.8255601784674317,-0.14194198082028484,1.3953221975446017,0.7542723220436106,0.9870758167154773,-2.6240898241029424,-0.32134411742977376,-0.7696044695024591,0.3814737675771552,-0.4643699852577702,-0.7930384109367655,0.24722267060237926
395,1.1595083283943775,2.168979166190915,-0.8924615100991572,-0.3930732502982706,0.20075810179390946,1.1257698173067765,-0.06316166157472033,-0.9508388672416631,0.6662697834430851,0.28419347460730665,-2.567990797878862,-1.0255473569647944,1.0713642365780074,0.9355599772674307,0.048493181723461065,-1.2580794169288527,0.2766917489610816,0.893294003973402,-0.5372231633744595,-0.5408332370457949,0.40064378184569616
396,-1.258197281596152,1.2756584505471071,-1.5002075834501518,-0.7295107694021804,-0.3051930875511716,0.5069938719066952,-0.2419536375732888,0.3223762153901364,-1.9901070177354452,2.0609346188278326,0.7398605701763745,0.3336209331702595,-0.6691402197866256,1.6907844518497088,-1.833104302154647,-0.5836907242132143,0.042044529291595106,0.5553731565872507,0.6076000388221005,-0.06847688109763607,-0.01120879020480112
397,-1.2402443123544642,1.6498226772668807,-0.1249194433744363,-2.2740110534119586,-0.8421369397752279,0.6677898117670329,1.5955565796540165,0.7599996189756134,-0.9829917006132441,0.07484713627722374,0.055941585031616885,-1.4391720044749399,0.5958039979610781,-2.0191015747303926,-0.8654405225098117,0.19531396065776563,-0.3055011372393148,1.5838407084112711,0.3004616334502087,-1.1374195804612073,-0.11801140113057434
398,2.1534278258708945,-1.2078805031619422,0.7081848017511128,-0.8031558053477298,-1.0217159912294802,0.019595535272427328,-0.20701088001656306,-0.9713217740429773,-0.3496650377707671,0.3926878438277248,1.580669464324211,-0.9763033219966728,-0.17543906375241403,0.10265302495994409,-0.6274738688000668,0.7893058217489046,-1.1864235428375323,-0.01614907005967608,0.9605478012335493,-0.8120061298439426,-0.07083232981525774
399,1.6268013587851173,0.2494766506464799,0.3824290717449405,0.612685311160957,-1.8898359782791678,1.0569919829865781,-0.7897393957763086,0.7843876547740958,-0.524504994169692,0.14516988652810042,0.11405831307051188,-1.1918927652077025,0.352234119855338,0.9439817152070312,-0.23942697356584625,2.3177317320076165,0.2979829734928399,0.07620457531279522,-0.45427934170234213,0.6860951438419263,-0.3191549593827124
400,-2.1392950053635853,0.4048313494784821,-1.0766195544817623,-2.3577243295005594,-0.32653884174494846,0.002969232479122628,1.3439264788364793,-0.13995526073378214,-1.0709286723496976,-0.3385352914541237,-0.65836259615697,-0.2980044587068935,0.8337451832036856,2.193625726900101,0.9327274284723472,0.37831074993927316,-0.7513836601317686,1.217322179962454,-0.4381873117253637,1.2064641456010317,0.053886992799415036
401,-1.7228075817590047,-0.24127321019201192,-3.0198149996669197,-0.12965578140436385,0.3564598903297457,-0.3404935963754748,-0.4283459986422219,-0.9564598366233423,0.5276304031456914,-0.9546464100029664,0.5776559678441479,0.15920036897379355,-1.4002364959757838,0.5718497660312519,-0.1776656410966097,0.7236758896672186,-0.442071430842278,0.9656280706772441,-0.7286094162127515,0.5823953008250212,-0.13256987930580508
402,-1.0695203823165662,0.2330334475530142,-0.7669410059742379,0.2717258240559036,-1.1994270031469005,0.5501942043556047,0.3751227132898267,0.5790071267296818,-0.931015692082764,0.5711031594550172,-1.8949492448627723,2.216966008520502,0.22597540343767472,0.36059024062170636,1.5505212443939056,0.4033917531323754,-0.42875694093326544,0.542145711374378,-1.0400977948765806,0.05397057036942221,0.19897582098906555
403,1.5081286699019822,-2.063173929823599,-2.181782285214731,0.6373947867147101,-0.5171911230971907,1.2277706916397317,0.6161647510416453,-0.5524228182416524,0.8419893294956337,0.07243279603471686,0.9940652679993629,1.059532176338818,-0.9239474116780382,-0.2147822430276717,1.3221211746521861,-0.3174017173369991,1.3013223608505888,-0.5458797302085453,1.146555560305265,-0.40388225209642165,0.22106139375952402
404,-1.3085817532244708,-1.1979184382882284,1.597135329944253,0.22205457462283548,-1.1646436441949628,-0.6542866734002912,0.3038119117937559,-0.0943257122682282,-0.7968962803480643,-0.145274331199014,-1.2106762594147835,0.6448842689373215,1.0040142251160193,-0.8772564329481364,-1.865799798974197,0.14464219778567117,0.6598098273016078,1.3553881738955156,0.358561720324928,0.08086389756230139,-0.16520386394022007
405,-0.8938126955943185,-1.2674615403301603,0.08213629699864086,-1.1617352890934773,-0.8559526743034434,1.319347411723242,-0.2332229077339305,-2.206946914433347,-0.1208553262814439,0.27480512643019606,1.0402353320603082,-0.13939458434635274,-1.3727730433562066,0.25471069571532534,-1.4738421916591833,-1.2738720953363902,0.25298476703707806,0.7713448281923639,-1.0018776378929433,2.0418909120565365,0.05868251937907003
406,0.26261694184004103,1.1009033821249878,-0.7438468832863308,2.3514005851274424,1.0300063463394045,-1.4305642635305693,-1.2898656647682032,-0.5394847376402128,-0.21857856463533085,0.6689502555458624,0.2885425369443558,-0.1060465161982078,1.3885791373467156,-0.9879239061490858,1.3472104938392098,-0.32058609172295727,1.138430845658605,1.3742886367862883,0.8313529211552668,0.04873973271270421,0.2366844915698806
407,2.2194573978357353,1.6196380026128645,1.3554633134886527,0.5811732174666919,1.579892941037424,-1.8229340424666078,-1.0861324998398427,-1.752902795833215,0.10753397218636057,-0.18236900731754904,0.3968583914490552,-0.16113481636327762,-0.8173561080052874,-1.1486842974309834,0.5068696343276844,0.07308576777994974,0.04336571986296945,-0.7839903778299864,0.45936339394476855,-0.7620289205071846,-0.022189106792355372
408,0.3136603147866843,0.10527935224981765,0.16698462512789697,3.2502325311624323,0.9417486266092441,-0.18585386233678916,0.30016118535466324,0.9734585737288287,-0.10645289911434393,-1.509706972606989,-0.34346422982765284,0.19352098507997062,1.1803963606492562,0.2133271702510083,0.3005262208505672,0.949926745888354,-0.3071983307617584,2.4461053214487447,0.1434672039595507,0.3531477412171513,-0.16313223094043686
409,-2.094259528664698,-0.041933851233094184,1.9065341804174887,0.6278845223121506,0.6286340155163314,-0.722753000725964,-0.42848054664254315,-1.9142508783237868,1.823147553028293,0.9643184785599446,-1.6131268231672082,0.19716357420219385,-0.171567545818412,-0.872943237153472,0.7250429803223146,0.6501346821096944,-0.06015100809819111,-1.792806399121054,-0.3498914327268383,1.8234698518725565,0.030977474821751613
410,-0.35630238126423763,-0.5809275131286408,0.5468605698020286,-0.29051070767523873,0.39717024791252487,1.8709420617499524,-0.13659984134992167,-0.5820074498528954,1.5065772385816796,0.019627146266912074,0.4470937332214747,-0.5537851865556763,1.2378322792686784,1.5587327984124262,0.9351331582829787,-0.16401062522624782,-1.1111797921615834,-0.00988583237017049,0.45417009307519307,-0.6725674144519268,0.09567970475481646
411,1.2143872214225182,0.6551901758057976,1.15619923704327,1.5470942251336135,-1.1761106001736275,1.0581307209389537,-1.1106856714802682,0.08281971210315181,-1.409655256692427,-0.6392042339683058,-0.7259461696649723,-1.1507357482831884,0.647722947439001,-0.7492372123781298,-1.0622113632595123,-1.3022156001727365,0.8446779357669202,0.24586361596019723,0.006210625422016062,-2.026064899357517,0.14120183147748191
412,-1.5790748344816499,0.36982210598933585,-1.5436776178428284,0.913129072761513,0.27415231865674705,0.043644859036494246,-2.4667603716607522,0.4845891649227702,0.4257114918540259,0.3465143292803731,0.145932293536503,0.49840355652648066,0.18229260465851196,-1.4053567399530729,-0.6303197098136005,-0.4165554748895862,0.4065287527916991,0.9561541670530045,2.1797595681149904,-0.8832248238813553,-0.13834809517619562
413,1.3628843127126011,-0.8243031711498026,0.18737248167738804,-0.00849386064858503,0.1372615101961294,-0.2405942905316264,0.23948147410906812,1.4597189548979428,-0.9478127807131926,-0.8134104138158125,1.253319718531818,2.1294413383443302,0.9050551034967915,0.16157780142118153,0.766237953463877,0.7914190812353755,1.7397707195867054,0.25287650528056627,0.3324325004341057,-0.09567071900272389,0.1936334492667652
414,-0.2887522444132724,0.7445725922779456,0.35510651821341965,-2.1516976307527584,-0.790465567945727,-0.7242404951364647,1.2302387881152181,1.578467937514606,0.9478909992511311,0.2757907601199277,1.0573524915026067,-0.7247528962470262,0.31425163912393556,-0.7084231488457899,-0.07653838713801711,0.4093035253471241,-0.7304527305489793,-0.7040139030210818,-0.8137672745814685,-0.11392860934529069,-0.1792260394250372
415,-1.8835154219562351,-1.2313695833273242,1.6933397605808134,0.744565903043551,0.6839835403722735,1.950421260830399,0.4747875817133419,0.0861166054836924,-0.32645526194680435,-1.5548970678035359,-0.3440679550465466,-0.8699611339880673,-1.3034249191385845,0.6051124020866161,0.8665630291918259,-0.9081095720406466,-0.5302931863324161,-0.3823778330413105,0.7308374367721356,-0.6576088384259435,-0.24845029252071707
416,-0.6807723812981035,-1.8123844197763346,-1.0053067334204697,-0.8879308632912752,0.5239584895066972,0.05215941077929066,0.12442380900083136,-1.3579020783044822,0.8134067037829652,1.2745471844500105,2.2386303289333767,0.19317589281554093,0.3364459866522896,0.6293579833927333,0.1110878582350899,0.9817241021771697,-1.3775642049487216,-0.2539287761151232,1.260115205902997,1.463676652812965,0.24864100390620078
417,1.381682390500017,1.3723557608692682,1.2065937393218056,2.1974852959953326,1.9375848684594108,0.10330558568441416,0.16653226917547717,2.0868047613392253,-0.14996542533150886,-0.5687174137149941,-1.2915417218726055,-1.636983643529205,0.0026379785701084665,1.1122444808076637,-0.10544137656171683,0.4945736455435931,-0.9190593552298505,0.4813074564626521,0.9779935837441335,-0.9633452486266628,0.3463383699706107
418,-0.676884622513539,-1.219045685322928,-0.7630888261393465,0.9315087912821682,-0.0020704149327339934,-0.07052924702176049,-1.843852806427033,0.21374286290708547,0.24260611497035334,0.1522205197755222,0.9347789354893813,-2.0844295375362814,1.225194815203268,-0.6328491929373591,0.6994204588224715,1.150918564172987,-0.4824409496917701,-0.0850358208119014,0.7719964391177271,0.6105186408084087,0.32367921145634765
419,1.4752311514776233,-1.2662903412964466,-0.9877350675656933,1.225917744036074,0.989711890438964,1.1168623027807625,-0.3720189599814865,0.8847308693678314,0.88388068743688,1.402401433008916,0.5639376266482466,0.0807966848360148,-1.0511063381333134,0.2519081896380329,0.5994119744426561,0.8097408529073666,0.1144822609806036,-0.44053054442299455,-0.680502643189883,-0.908270721416177,0.07335709514518819
420,2.4903179487196696,2.5168268271955574,0.19766254272236794,0.5643576090307457,0.931466637633533,1.1428490572011862,-0.9124039593951343,1.2626779264528614,-1.7400278061225034,0.36694962024712136,0.4355569536922667,0.756983447757263,-1.1415150772176128,0.6172711576780121,0.6791843316235578,-0.18844782603345295,0.3056393885151232,-1.2967343583695035,0.5768657263747997,1.3225070838395119,-0.4152823867331843
421,2.284214377657791,-2.066279012269463,-1.3191418768458347,0.8971953990370858,-0.11316871923574572,-0.35403288826972157,0.6545463542780844,-0.7251046129380536,0.2718076227602856,-0.13073472870895983,1.063912941261297,0.24308105030748114,0.38487854427344037,1.0810242561042267,0.15272979541396664,-0.17815546321822098,1.0963891589713723,-1.9866057004324507,-0.3165878533157013,0.4999514010836767,0.1730362210543885
422,1.2684885566779653,1.341112397916662,-1.2629761202493388,-1.1093283069601263,-0.8095546068709396,0.11858302952585821,-1.3173767396059681,0.7000906417016144,1.3628004920498935,-0.8303893548262156,0.8469414799366619,1.8056779631077757,-0.17343686838079506,-0.8698654890892322,0.9258961194134079,-0.3886035274763866,-0.8313194950920129,-1.8314314727429941,-0.1129733891658922,-0.005834672865353311,-0.14491594166478566
423,1.042933113539363,0.5236589602911098,-0.42202574628084205,-0.8235019762066683,3.1169185738665752,-0.1488000852576301,-0.26087603240565144,0.32600888310350107,1.8926445515587513,1.0720001831834398,1.1141097458207008,0.411024334892839,0.8608845417733998,-0.32841761480702314,-0.07078199227285652,0.7310886961782919,0.350946586388719,0.6186328686347679,0.26307317448139617,-0.37800359329365746,-0.3020405162026327
424,0.9578426269588444,-0.18155820552396162,0.18230800935889313,-0.8877325764829105,-2.076444304383317,0.4808566713579157,-0.37013772365769104,-0.3477891865010569,-0.3351443412394464,0.28390240153530444,-0.33796167022674184,0.40038088880960804,0.8438973584380594,-0.5366421720845839,-0.9966129605349673,-0.08012567147412673,-0.6716553905836696,-0.5376918423358852,-0.8492248232711198,-0.35578949901978874,0.3748344742819396
425,-1.7779316241290926,-1.2959912202547625,-1.243630715740333,0.36277696029658946,1.873447748801559,1.1463133855395429,-0.3991338969416341,-0.6177957190271464,-0.6158845526819064,0.6296877400312335,0.5769308579741098,0.6970024258415994,1.6120904659403308,-0.3475280726442104,0.375141406221392,0.6737015891864326,-0.8546964487260251,1.028856020565615,-0.5390338318805699,0.24561717707919567,-0.058227775309975305
426,0.03054776459780223,0.6796772120655727,-0.11411165512194776,-2.135432884223532,0.17953537845099074,0.4609433095624989,-0.3684521699022514,0.7658497922610846,1.1730731046489569,-0.9444582097712697,-0.23378194050750023,0.4868075657891354,0.9058643314285824,-2.415397283195668,-0.6382046925826037,0.15261587916785518,-0.5810821519882371,-0.32233594529681964,1.1023278534269034,-1.425608050468813,0.17498442805690706
427,0.420583998176027,0.6159478180883,0.6619379629764014,0.5026839352083399,-0.269057638410774,-2.303470806192693,0.19407213971697107,-1.2271672803083784,-1.7101251747573882,-0.33124066480288866,0.8922687085530898,0.2325813691460551,-0.5857284197155579,0.2617002265234994,0.21022899508968507,-1.0839399284417048,1.2688555515369417,-0.42439970413481426,-0.7055660130426947,-0.8363796410465294,0.0717185275970361
428,-1.7416116974056606,0.9301302618238116,-3.7185263222507174,0.14003124615612572,0.29425650639348366,-0.3773056875887068,-0.5888121194708498,0.4083714048400777,1.5585057009556227,1.0166854695019334,-0.3183715763472603,-1.7499409901971823,-1.2057311456360742,-0.07947163707270412,0.26596685255853403,-0.9544800809598175,-0.22338867827386039,-0.6465284837079127,-0.26122803926936705,-1.1145010372983994,0.14803891840584726
429,1.4015540844239922,-1.3492290343812992,1.3977968482625485,0.028526095551020442,-0.30445166342150143,-2.1721037983258906,-1.1329279044080178,-0.9735358253057709,0.17990393668810864,2.1578124240084957,0.6855302128330878,-1.0422900991141058,-0.18461046847224627,0.9089349386235508,-0.2179564286264248,-1.335007904581837,1.1066204149875787,-1.3545950209116617,-0.7733241335210793,-0.16863206520499016,0.44624019403068355
430,-1.3999546509392495,0.36259590958650406,0.811853619238906,1.5413276701238667,-1.1350021113991486,-0.040561150396396725,-0.3839294282077603,-0.7915061909622653,-1.6346463766102302,0.43569889626522745,-0.7989241939940623,-3.109898746365514,-0.27062535734807924,0.011556561703434082,-0.9618093484984714,-0.18277607984726219,-0.2465589321697886,1.1416165631319164,0.8644187062555494,0.7948407964451523,-0.21382293450570813
431,1.901330712096634,1.0909129195297023,0.053625463268701795,-0.08167647499621893,0.26360231990718397,-0.4261527521843985,-0.47866791609898796,0.6225333652323511,-0.44670981252843994,0.584874985761777,-2.277209275119578,-0.062382402358429144,0.7756752100762997,-1.2309961362083959,0.8507943407003878,0.837664111692206,0.3132095518696153,1.849082592674842,0.2680905242421381,-0.02548915687851939,0.11500507792336997
432,0.5201816636734954,-1.0128936331146061,2.419546000568134,0.20396694350083897,-1.3086395758094647,-0.3057948033325885,0.4293207707674568,-0.13966936866138552,-0.3829645209872626,-0.6933268091482191,-1.1163948823812384,-0.33839780903104283,-0.15578105772812142,-0.7068261978421794,1.2370685754449515,1.5344530932212734,0.8701288500865947,0.8919623802623619,0.2445442934829113,1.081969687852635,0.3252616227055833
433,0.7182777641463062,0.3696470693265607,-1.0764349773260902,-0.3072669678771668,1.6776550221196902,-0.3665162906295225,-1.9745758466128587,-0.9901677217418078,0.42663451223411447,-2.2083615614050283,-0.39527388982628286,-0.13613222281706366,-1.10995793965346,2.4026506492595736,0.2772984767084858,1.6017211492580572,0.44158205462517525,0.6448375119118189,-0.8482785018171597,-0.6464881808608286,0.11233824024186533
434,-1.5932699804288066,0.2098158416311544,0.3590379991388727,0.8880100368554809,-1.0391722873929135,0.777017746195124,-1.1409324924396242,-0.812889466121349,-0.17220820381172372,0.15817059071049433,0.9167946007556778,0.04938135286050338,0.04970184043313578,0.61599718941521,1.325538629391504,0.4242884217286947,-0.08016433447885356,1.105151605991623,-1.8143446128167275,-0.11326546587475385,0.001416386416123663
435,-0.25621941236277707,1.0854287837219856,-0.688919650849719,-1.6677663464822652,-1.2919049993255245,-0.07348866543361222,0.3482357499796511,-0.5289807367070158,0.974877029708861,-0.07088424639998496,1.1094033824906329,-0.7053657361897417,-0.4585698822867388,0.5337420786724683,0.8687233263953773,3.0600588659912855,-0.05265052824856321,0.23425973153615157,0.3803516634087317,-0.5540796466146621,0.049359351624868604
436,-1.750469364980365,-1.8513256479907183,0.8769643775343796,-0.020587326699561252,0.5503133948750715,-0.7085267159661599,1.98165379480723,0.5078158205209883,-1.4524086545624195,1.2108885759357533,-0.17286318953429117,0.05060291419396687,0.27457948337337085,-1.5484214611496896,0.03814396300009545,-1.230607537749671,-0.839538090088742,-0.2250571982866073,-0.1053215219479107,1.3390653149889733,-0.05379348834204824
437,0.5653405279247917,-1.7919664803454343,-1.3803183269739472,1.2115239176452675,0.03759809595368738,-0.602017132706217,-0.9938192363912288,-1.1413403078028983,-0.06772353542511947,0.4267742500405072,-1.6174714040923137,1.0801042365646591,0.41708611353188385,-0.2373829923137335,-1.8806296343047888,0.11125705176352337,0.3609539316708966,0.9263575431485582,-0.8312258907266586,-0.8297559639689119,0.22888166123902234
438,0.6353075885909041,-0.5917043388055285,-0.4454353224745395,0.6830628069095497,0.5145819750988809,0.17886189475625833,0.035553360634402106,0.11331218103672942,1.2086505450465168,-0.003955224141650722,1.1682777334648093,1.5497350509002663,-0.5249094524636214,1.4796596938193538,-2.5906345073354426,0.9974093802536281,-0.3976550497656057,-0.7307708507290867,1.0707808522134794,-0.4715251410298025,0.07961471016202935
439,-0.7406162927972153,-1.5114577293309535,0.4805398049165846,0.952079991662103,-1.177182888096788,-1.8732580140781467,0.5358729215810395,-1.233303612736109,-0.34849891347420386,1.0751804942085452,0.3929200158089317,-2.0829323067620766,-0.8002314327775742,0.24100948229807534,-0.11066049961152712,0.3395381106269432,0.05207142098941031,0.4035352942643009,0.587533274848999,-0.20076314480275484,-0.0010621719916935135
440,-1.9763313057558383,0.7978832484538457,-0.15230985534788108,0.26336648099901455,0.3893314639631471,2.643498587365529,0.046732754255558735,1.3819127024489966,-0.6175895856278056,-0.09173561407415089,1.4788241288391697,-1.7255571386128299,0.02106598622669572,-1.5068341622360444,-0.8214672897438687,-0.16084136831772056,0.46743061544418607,0.19279484519016482,0.39822262859289886,-0.32868425236762594,0.023324130585759224
441,-0.6709201949224218,0.02992936275188619,-2.03232157902994,-1.039862238613216,0.1957776728708615,1.446178441975446,0.280423585243418,0.7584384560311299,0.8473657678399042,0.5649078104611094,0.811682614594455,-0.44373545672787806,-1.2734007792582647,1.6823855915653056,-0.6159329975921417,0.7729281020445224,0.34544902853663645,1.7399615838334301,-0.14043625999805714,1.0848569913810626,0.30469328132591555
442,0.5754764173789951,1.3363059363951209,-0.38197997864591704,-0.1037554687959523,-0.2807799880477857,-0.7714790181206052,-0.23900439836865164,0.9779495335265729,-0.9588372223476395,1.0276202939170687,-2.001829975859023,0.2314015812722977,0.3915496685972031,0.0528862393460687,0.36023871154718834,0.6923753386448572,0.2763127078100017,0.2652543398041309,2.009105374943602,-0.370192783467941,0.056038034344901934
443,1.6539895968570466,-0.834109383086701,1.43793271276109,0.34614614677606087,0.03617138743486988,-0.5239242440230887,-2.486588679187529,-0.4614912117953691,0.7064166569134185,1.3269642395392482,0.33442254685533274,-0.21987329343248507,0.370643595073635,-0.8348258795995062,0.6297122467257846,-0.2886635841741747,-0.5987521925469177,-0.7263657760410146,0.3187833724117652,-0.9081577964546562,-0.12483589770421387
444,1.7295831022804113,-1.9711311884647502,-0.45028715069442643,1.5805706976834033,0.7473703769022271,1.202376343754309,0.3934912379724359,1.8107246352732393,-0.54073747183518,-0.087141526914036,0.9572291008532521,1.4915366433644155,0.27791158482759126,-0.20191627981067461,1.4141966716097936,0.9268474162362388,1.4525348666388922,-1.0772115129984512,0.5526492181420206,0.41333163891421953,0.05995136017087664
445,2.276752179617782,-0.4048410856963241,0.42726039620424905,-1.8047229182976832,0.41001725704762904,0.6775577376031315,-0.2934142175508822,0.4679730993913648,0.3806045102015196,-0.06427064569798643,0.161686334689825,-1.0349303779167776,-0.6497894034945803,-0.21672764389009447,0.002920422701960187,-0.354865065439086,-0.407053467958716,2.1333131711620066,-0.11880405765804644,-0.8819350993158984,-0.03566075795919366
446,-0.5182981924375378,-0.7495097003655978,-0.48276813551847325,0.16886615612987943,-2.054439031308139,0.5308344342270608,1.1507447771319221,-0.3334674797673625,1.912691412323703,0.18533103487704125,0.2047823614796288,-0.06825576502629738,-0.3639067505610608,-1.3087502682461623,-0.9246102313118504,0.003204688730538351,0.28043899427995517,0.20700361787228916,0.5975848991970917,-1.1846903840663319,-0.07752143365593943
447,-1.8252126870487562,2.714913364092609,1.0548258163148256,0.6896341146324888,1.2066217303096756,1.5980201827993417,0.4305777287483533,-0.20684322542978462,-1.0369492041959374,0.4235129962552502,1.8514250352872348,-0.302021988124026,1.1038716022277597,0.8912504897070161,-1.2965968069222682,-0.35526379478256725,0.4152174671473384,1.6921006294645886,-1.8316333382024543,0.09362117984643661,0.11605344520172105
448,0.0007382015062816051,-0.5832947291586533,-0.5995632365810144,0.631907267710786,-0.18590205856253125,-0.8743778035642331,-0.3871330768373193,1.516747063139229,2.9521791880966983,-1.3281983860577906,1.3075055326974767,1.3002023586637856,-0.7088641272713616,0.4098108525030252,-1.2858232216282963,0.263347909839318,0.322509039528685,-1.2305746384849843,0.399658501351322,-1.8446214122623972,-0.07631752363892591
449,-0.16746664998914962,-0.8004686629940787,-0.47830376260640484,-1.043615682224246,-0.42991752085402657,0.9118372497358871,-0.35337513600993953,-0.5561920141126058,0.24097768813404874,-0.034903348439164934,-1.9279481408557217,-1.0716450828486395,-0.4865031551528106,0.28760663366565087,0.397436732465908,0.7843900854274078,0.35715596177861597,2.025608435755271,-0.5865198248995196,1.0570538472484792,-0.16941458513348548
450,-0.3836472419170459,0.6210254876033726,0.7099560686340496,0.19258792083423526,-0.4909771504712751,-1.724384905674208,-0.7636874427959609,0.2604907591295114,1.23221937564981,0.6037924070506794,-0.5189817426130028,-1.0598569465437044,-0.7010061627564885,1.4884382215808614,-0.45586403633227823,-0.7574180888945269,-0.5334480647990009,-0.4838859143831245,1.2773930017922097,-1.6624684009429025,-0.031195097913314897
451,0.9208274236503987,-0.06844565832351786,2.0210006642241094,0.9981794950701006,-0.7026110689655483,-0.6014860400226728,1.1192695159385129,0.027776574005412127,-2.0612073774437043,-0.3109576849665402,0.09679275657246049,-0.4931528316077655,0.7371845514672962,0.5580177622216811,-2.2699575665665317,1.0186729732189328,-0.0691855690255765,0.4588534651908433,-0.6001261804024075,0.8124212064214467,0.060248351667563954
452,-0.8478189263325672,-1.792168909689239,1.7079033785332078,0.831096885536421,1.2879463230106698,-0.4516174753285895,1.0832680245917412,-1.500321062064311,0.9016394778251052,-0.8564204107723243,0.19955962271448072,-0.6458974397347624,-0.6492565515226238,-1.0732167774864991,-0.8957923603605294,1.1795612543170044,1.1764651404225053,-0.5373637004738826,-0.49023039832192106,-0.10271099941134379,-0.18988662682538127
453,1.7536113427159934,0.6403381863687059,0.1349883994334968,-1.585535190596052,0.97196795432488,-2.2442226139570356,0.301966686017142,2.6375274122984727,-1.297730698235386,1.9956140068333532,1.1048249002929087,0.5403862907802648,0.030586206749550034,-0.7231675148055774,0.04027094203461751,0.5623713756742377,-0.6367019773100914,-0.8666806320783532,-0.050529147256935504,0.5356204056527676,0.2517776932324892
454,1.403212989590583,0.8557110022387774,-0.5244783835982448,0.07053516935421213,-1.5783182884095153,-0.4162113355937457,0.7113406143670953,0.7180514216916553,1.147087502422372,-1.0137157599620583,2.3131380905377026,1.5726732120168725,-0.9567862614488722,0.40504321485220046,-0.9964334940729763,-1.4258065157862654,0.5968890986497861,-0.24645415107575683,0.4341792005260213,0.8669572680458569,0.1638472335785227
455,-0.2007813752148233,-0.8314307052322267,-2.908844526555615,-1.0966595389309346,0.48414240958110144,0.2354128372235333,0.7886913335790721,-0.21657991940380325,0.7986479780239711,-1.5442483850504924,0.02845297636022952,-0.4154674260242849,0.056471259018668646,-0.05394476564388537,0.8397769824334432,1.5675297641854298,0.37058361108893434,-0.5275114998718274,0.3092294248112756,-1.2881034992576017,-0.12633259492923518
456,0.1287515684345622,1.185367430061028,-1.4759310714218725,-1.3940168042816068,-2.136619517918617,0.39937954382319946,0.032931802158920075,0.26532724696785315,0.9961128599641363,-0.2625663285843062,-0.21927090290374893,0.43350483756518193,0.1527530729255269,-0.12016498668554446,-0.5231558208793492,1.067983094609138,-0.0884940757996851,0.028031145370669593,0.44641472572814694,2.159744613773061,-0.05333496290582266
457,-0.9531057166529024,-0.9518312276779046,-0.3709639409299554,-0.6730535538514579,-0.8009812268163625,-0.15145855755938992,-0.8943596683269281,0.3537545006174682,-0.6281277337241512,-0.4597066694680574,-0.5745561614077414,-1.1695581026934248,1.044692942391363,0.3771225182332089,0.4873923048836837,-0.583846137517915,0.4733445860136892,1.0421138022399163,-0.8489218877356307,-0.5168285172887909,0.12049859171090405
458,-0.048759264588722616,1.4778579149137843,-0.5239605309513894,1.3935068722914814,0.2933119032769722,2.421782176050854,-0.010174191103632336,0.9799899636494939,0.6995183480266342,-0.8179371139007952,-1.258752362220443,0.3993437918235019,-0.7183947384706014,-1.2048518244312834,-0.3100459154135582,-0.20904221175419946,0.7254868742192037,0.7171965018900605,-0.8029939914530129,-0.600268785718927,-0.027208323282300818
459,-1.1162651506152463,-0.19822101438268644,-1.03560122722129,-0.7321642251439873,-0.3921692760144568,-0.04199630838630363,-2.2804567076007958,2.8990197834510694,0.18668293219259216,1.1783943856818941,-0.20717395152894347,0.060062951555581875,0.6593319683473374,0.5317008588421184,0.046652623091096454,-0.921661085468014,0.6195624411693395,0.2616627675770313,-0.06040565097022405,0.2224736594447874,0.03601975906806526
460,0.43043755499399905,-0.09834625604261718,-0.22019654995444204,0.9336100993975793,-1.7322977367695283,0.9520323615990322,1.3105562443156438,-1.1598074024458553,0.5264694694193065,1.6654546030823987,0.5890007110051168,-0.5208519849956791,0.5572303888442554,1.0352942416585384,0.6242055418795674,0.4268212149306457,-0.06178492163248389,-1.1950158866218323,0.8856397082517382,1.014207396371465,0.27721015548175376
461,-0.4571263607574569,-1.074600232733074,-2.0552601797987027,0.22426681705214,2.1193196189352723,0.58745916185939,-0.014364948029513396,1.052904093148661,-2.226951897186875,0.6947069647005473,0.7652760446061733,0.6408130789873279,-1.0840283389365564,0.9630139639581361,0.4997012419363644,0.27866644857005335,-1.212480529651446,-0.8921239210621749,-1.1909304893121755,-0.8795590978009925,0.02565831803619152
462,-0.007079840587839912,-0.023808808162496736,-0.6986781331997282,0.9796696168783382,1.1187118926932333,0.3589416358916049,1.174191644359973,2.004954775592777,-2.252929539014255,-0.620273400718204,0.7531538910130549,0.7276602755999259,-1.7630218021052912,-0.9400939395499603,0.498772204146244,-0.33717983556164527,0.32370099472421,-0.7044209229249286,0.6235025067848525,-0.35742035986163473,0.28366241010356275
463,-0.8331403746120358,0.2089907268152214,-1.7788211206603117,0.8752938308608694,0.8397834289730339,-0.44045300151722777,-1.2176709818879303,-0.3123059773419658,-0.4507379767716701,-0.3999681571966987,-0.0007995298426187567,-1.4802022952757772,-1.2349563829413914,2.0884225819754,-0.8334840177040787,-0.5484146015607556,-0.1109175227137375,0.6152812613273259,-0.07112776548061914,-0.7309871320014732,-0.05597806978632912
464,0.0476520369365347,0.748904676136673,-1.78337745985378,-1.1793033636517207,1.7095363760446816,0.6832109598680243,-1.055569121505361,1.5264021223547173,1.603027707892068,-0.000803215656498126,-0.9069123835867366,0.3799205566733279,-0.10525156906411759,0.6071481578789646,-0.802999571434235,-1.2957173861604485,-1.0741661975757675,-0.7852204339544607,-0.19532430042662477,-0.6198341462007952,-0.036346939120727256
465,-2.111736518838132,-1.203614626007812,-1.7075954580539057,-0.8017579057327963,-0.020616939396074747,-1.535981399917181,-1.6765588121764554,-0.016021633839911845,-1.394252249262548,-0.6691363979830965,-0.5635185223777701,0.2361529248679797,-0.0869846652439698,0.8457227084022747,-1.4503634904005025,-0.4396855704787279,-0.8573638214858387,-1.0704684697662266,-0.8859292725078513,-0.12448045595161175,-0.1829808849291057
466,0.2660881277238788,0.38174748114464446,0.37469388020337246,0.005438680287160163,0.1264116085823844,-1.0145502863973583,-0.45852330107208633,1.0675354584809262,0.6350994755643828,1.4457296029289792,0.28779588328577244,-0.0024053445207905502,1.0159159772072996,0.5371622640906952,-0.45287388963913383,-2.4260650041499074,0.36215991589708607,0.041307179287990575,0.8389679500516499,-0.6759763992710602,-0.19051137965639342
467,0.21967939683368892,0.7568541139557932,0.5733877926256483,-1.3739323773435101,0.7313479275677781,-0.48227387550499295,-1.6553793793644789,-0.0775772082206951,-0.7231935156267828,-0.3168791918725862,0.651597725244005,-0.6224800029179327,0.35131562989546955,0.8599478573378085,-0.6281271733692226,-0.17214994538635148,0.08657000237673286,0.6672208912374507,-1.5281335701103136,1.4510173041758172,0.14801007375321643
468,0.6076864422784863,0.7048042714817327,-0.8041208478169829,2.3801766900759156,0.6448746531403781,0.7706620904165081,-0.9794583495606017,-0.9779848490547034,0.3574248985688825,-0.22617867857882284,-0.7935135012848764,0.8957876791434378,-1.665193693087258,-0.9782439408316391,0.7146349162084034,-0.34226649847113755,0.8373065899351696,-0.5301355208111557,1.068499449345701,-0.6969095129078827,0.045128278197868486
469,-1.7689210579415287,-0.04614389575680994,-1.1250483748342572,-0.8861443442311033,0.5179557429780011,1.5499384067133064,0.24810452815038314,0.6257371812844728,-0.44939994795397065,-1.046926780425842,2.6692587702772945,0.7179117868053454,-0.19501003021231395,1.343454817742766,1.0964030530758295,-0.05722697907987502,0.41614853140244645,-0.15851746185394136,-0.6758608086328437,-1.0113895981269143,-0.24171562610583228
470,-2.396066182565864,1.1866774678415792,0.5442745927826933,-1.069053650881887,1.3137402549427424,-1.3511269955739018,0.7649617810940786,0.6543309482405621,-1.8615862207643463,-1.1598058982091957,-1.0469631944288422,1.3406240814950456,0.9192765044559841,0.27098643336759093,-1.5091061887480017,-0.17288210295722584,-0.11820693666931087,-0.18042213087398232,0.6107345885391077,-0.06942392028235188,0.09677683307183138
471,0.4881010437465684,-1.2466901431202766,1.0501585978486185,-1.7906988500811474,0.008747814091892101,0.06544821092435883,-0.3586711434085973,0.8969369483134818,2.416536239348112,0.07223784420804998,-0.2868602136030554,0.49929777199966496,0.4232482688092217,0.45724945116725907,-1.5269518665557238,-1.249940726800059,0.6553935794235463,-1.2196549722337868,-0.5541025954043236,0.3874610173456365,-0.0004018425581122406
472,-1.6238454739243589,-1.1666235819042379,-0.3819232724666549,1.2574348029811115,0.17075631957457998,-0.05256166068789439,-0.2049851415409759,0.3976917996515477,0.5828733692983785,-0.6834699453991842,-0.5604043974856856,0.644956137500429,0.527235238336087,-1.4894983741535135,1.9865622693498628,-1.351042019276457,-1.5136836015454185,1.4205354387697473,-1.5174994751883866,-1.1597478632256524,0.15261985242199974
473,-2.5216021490981144,-0.9077590097559847,-0.6589022015777678,0.5615760966683987,0.12125568699313571,0.5974585823800355,0.023234826911469247,0.8042916119072171,-0.7059829196046582,0.32404800812769574,-0.11537870387155051,-2.057419475246843,2.7115022211828252,0.41091948437427933,-0.25269684693786515,1.1850504997364224,-1.2915571505620294,0.6108127127864654,0.8581915040249791,0.007721442452458858,0.13865671382483977
474,0.6821333807904779,0.2599391030693885,0.984325424162753,-0.14136003508185443,1.0177861945613478,1.7914761302944977,-1.8432356336146805,2.009389766117715,-0.5060521537705727,0.8203490412298844,-0.10492221808619258,-0.08937763193982344,0.6628712754848306,0.8614169013048716,-1.1954529017298403,-0.9739218378974331,-0.0881260254875324,0.6911062350770768,1.585007262324165,0.7662581524030637,-0.1344569587123239
475,-2.1600728899542805,-0.5957155248461612,-0.4631308623775347,0.90819819592155,-0.8520338104124036,1.3223997375139762,0.6872045510524716,0.9975537191451513,-1.3860793697736336,0.22683664230322853,-0.11990288611992524,0.4044186288052818,-1.0118338256379071,0.6977241613173939,0.5583869561527018,0.801113671110351,0.23821576271962408,-1.0608179384517475,1.347441699254327,0.7632475221305128,0.08218214514796107
476,1.8094205914792132,0.15621354250638378,0.9002517316566804,-0.35423370824581635,-0.22248409449395506,-1.2431194189226509,0.8090369504493357,0.5513363979210413,0.6251395191166672,0.8242115434243621,-0.9868016356705388,0.06938671956747643,0.7187521188206532,1.7379081225711555,-0.10515407829248502,-0.23883270624085412,0.6677763525127676,0.22645569311866046,2.127867681778641,-1.2537362899951694,0.19910447613716087
477,-1.5631159813618374,1.152894975060991,-0.859221772427571,-0.8402677234473903,-0.3501568237642637,-1.248225607463482,-0.6212817726129389,-0.7768332617202889,-1.7846051603519884,1.181011188979189,-0.19456261083670817,0.7748927998688613,-1.3666168669475272,-0.9618997068676061,-0.9136365333126134,0.5636787469401842,0.46363210680848443,-0.3335552940924811,-1.559567072274882,-0.022274270050253047,0.11219658667421906
478,-0.1854027189230764,0.6250089192961108,0.5381442204252457,-0.08697872340916095,0.9193061794779842,-0.9490942398023461,0.5646729054215748,-1.690808441711058,0.9737959001168484,-0.77104603460865,-0.8754427232708757,1.3138918067467729,-1.6541551716677019,0.21657616351410736,0.39881839805681213,-0.9706165157649383,0.9873152221490501,-0.5265820192295145,-1.036824881452326,-1.1469194954371298,0.019520108234726344
479,0.4314047133482646,3.1497852872352676,-0.14324429072631986,2.166811723566794,-0.7296872831004525,-0.2136203845759297,-0.059675901458453404,0.11227403461571929,0.9531003025095535,-0.02075679315913655,0.09343883563513374,-0.7903446815627695,0.9137687700343453,0.7076680031493798,2.0134420405787554,0.01856468408728297,1.548360253310403,0.4443477616543875,0.35223262301893493,-0.5866915558287593,-0.205594451076519
480,2.2818198421150924,0.352823681210287,0.3072650606697665,0.746919968737749,0.32310339200251076,0.08751402970802409,-0.04096240041495731,-1.2426904603000128,0.1997375484544311,-1.5859211286301806,2.038272097078459,-0.28367517094582834,-0.11667329706506448,-0.3819264365279825,1.5775078130085871,-1.3082266584217006,1.2251407810007393,1.762304667341675,-0.034714910105873194,-0.6782552350199936,0.04094595871035339
481,-1.3871617409514314,-1.2051212533667777,2.821607758101263,0.7108914165596045,-0.1485121725959277,0.7686300231521719,0.6585015351495537,-0.5182008201587889,-0.7779067950305236,1.7821036103368635,-0.13034865596879625,1.5241359930214922,1.0576398896048802,0.18688335552220164,0.5253333501627354,-0.4047483425577782,-0.0616738016004863,-1.267554599821927,1.2240455612361982,1.1891083293882627,0.17674921841006705
482,1.7675798688875046,-2.250561070292728,-2.011180289711583,1.1282877466540995,-0.8582106969535671,-0.43976328869958337,0.00422097294047669,-2.0005450418357182,-0.8100997502956637,0.37724982156361814,1.4457689976860986,-0.09069953804040157,-0.10808665328538204,-0.6033300668323835,-1.635588581457713,-0.7021937294192093,0.1513040729679661,-0.6449706793972082,-0.49162070539373987,-0.18079454974594347,0.16730549876374132
483,-1.8575102462978759,0.33227995379160735,1.7002964775790381,1.1749408323221173,0.8781182135080247,-0.2276359227422657,-0.653042443883584,0.2792677694406664,-0.3874097998699512,1.7035444024270838,0.11815595117432436,-0.5584861198663031,-1.886755534504099,1.1315206790687578,-0.6383764362154823,-1.2799366990854169,0.4827156484574612,0.355118393641682,0.6122905253010187,-0.23498578925722066,-0.26543308241823427
484,1.4820735957479045,-1.39134630697046,0.3573923117325187,-0.07262263661256421,-0.7070452216136325,-1.0051841221846256,-0.4286361441568451,-0.5486360504716087,-0.7746702401865764,-0.6116771530127042,0.262181645247893,-0.09353717230189841,-0.6138358185034385,-0.38635773975624504,0.2790610630141528,3.023562625580402,1.3725322645260702,0.29584030041703463,0.7663471983177496,1.0323093988259018,-0.1439362582504929
485,-1.663936751544344,-0.45666815081771117,1.544159979571097,1.0376403703109613,0.43281825581505734,-0.2575926449489705,2.0178511959691727,-2.355028365768638,0.7692953571684792,0.1853039855793525,1.3826820868135616,0.05143762191937989,2.3644365611360887,-0.8205111005267876,-0.15012635996713108,-0.5698009059256873,0.05809599734982146,1.1948608362762874,1.0791798820849015,0.7660219584959983,-0.06269766040344214
486,-1.5875544879401249,0.9720018045775389,1.0969217610190567,-0.9779225531928305,-1.337895739112066,-2.3444068855781994,0.9907810636436324,-1.2253416259626968,-0.07160063219772017,0.7477096453995672,-0.0030865703647030935,-0.22449127832230512,-0.7947215960852541,-0.45789486405994534,-0.28455549796950036,-0.13773411443718186,0.5266961681270862,1.2558211978777334,1.0308685835779885,0.4522032446337193,-0.1576267612203592
487,2.628106346617638,0.9565321175440543,0.16528675294118214,0.44930012161097904,0.5672239621898068,0.9565874089894306,-0.8136657597903384,1.1643891574192453,0.6120765719482851,0.40554423317947175,1.4634884314377452,-0.3489427092072388,0.9821440994583369,1.4193048567089646,0.38225628450393,-0.1917191740810315,0.8277419089907389,1.484216810109435,-0.7778273304456288,0.07382621326404368,-0.40276452276798347
488,-1.789708934184735,-1.6289433195995722,0.2802689246377958,-0.28207931844092143,-0.69277635743814,0.3454911735863579,-0.9204426260525416,-0.3805753138676237,1.0602867797331743,1.2866993827687412,-1.9880022028059594,0.9462094094414064,-1.3637991024794105,0.6683554011777102,0.8038762463146628,-1.5428895795914856,0.1583303717801212,-0.8485594014253981,0.01699568585985442,0.9970647738827992,0.15476994619715478
489,1.1060442477343633,-0.3936810305079692,0.8358571287462103,-1.6275584205073195,1.2659199578302711,1.8383500116977571,-1.4312174201277499,-0.35798185927757803,-1.4656846401284869,0.2679904773367011,-0.0826189791550072,-0.7560038827348381,-0.4488160997637891,-0.4900574586633447,-0.12045543776282827,1.9290267351169914,-1.2041497764979636,0.04803139613402159,-0.12060168335234805,-0.394396249516274,0.07121856318615005
490,1.1689523294788629,-0.748726068839839,-1.4349923665267805,-1.4010632137412482,-0.4215714212278048,-0.017830571872854077,0.5127456754701164,1.4673156230980018,-0.25775925004556255,2.3446962659011015,-0.9977151769836564,0.4795627400161326,0.7851384198523633,1.2302671985984595,0.5775225748375709,0.2815984187313963,0.06322979692402286,-0.9337189226609546,-0.6477709186512677,0.05548252854908805,0.14685230110724282
491,-1.8952338155071358,-0.7210678476991607,-0.7940510160001805,1.1969676836769418,0.057667469511115926,1.992578195651921,-2.069214448160228,-0.4389081864257657,-0.41004197653320884,-1.2276332137960837,-0.3225399923040326,0.09458509498480769,0.8604664479770451,0.0073602610204064525,1.5981338552387725,-0.5565439813363362,0.45222341204489713,0.14270590734835742,0.16534046856851925,-0.327422786170355,0.18542647913307891
492,0.7497430817076174,-0.05711073530065303,1.5977043547495022,1.3426602786390167,0.465097769370123,0.044332581110336625,1.4636598846548707,-0.6451987011843664,-0.07057750006865646,-0.519002002712595,0.30062327635813313,2.409015964024459,0.4457117466630269,-1.1217685253935985,1.429477948479783,1.858059644148483,-0.09130429864533916,1.7491500146421146,1.6726108545576337,-0.36074987758616384,-0.24217265402574814
493,-0.699344471603812,1.2341305810373515,0.5960928628445111,1.0439879976429964,-0.537898039312764,-2.778983357331494,0.09558665540940221,-0.2146979448564323,1.3476608413785467,-0.2297790291064194,-0.22157343193655155,-1.2974231544691062,-1.1749758934842287,0.2224149381398164,-1.0939749686419449,0.254541192325724,-0.33772840140516736,-0.7316612514559229,-1.0303104879024418,0.03297218024831866,-0.2721348748806232
494,1.4866147153803877,0.4491598250984321,-0.06358202796041411,0.4118354572795348,1.0672316291038135,0.7667247965977488,0.6153257200998896,-1.6393012371988391,-2.194472932662606,-0.23628904979519427,1.1563276341410862,0.30162316840660297,-1.904873969608637,-1.2664956308814976,-0.0751799659235445,-1.9363219262748346,0.8110231785607204,1.0062424300645674,-1.0036581136058342,0.8718698710477952,-0.04072252472790466
495,1.2398411092252888,-1.3708956259493965,-2.207632473260695,-0.2561539528208086,-0.6114332518155248,-0.026718226888328436,1.2844166544466593,0.16531646355907467,-0.8666088128310963,-1.1592254558321555,1.1097204052550413,-0.125215378382209,-1.8156848351444863,0.29774563175655505,-0.5662881496344672,1.7321536505676631,-0.7255969170939426,1.8516903804259008,-0.4190131022272267,-0.45081453699863555,0.1975980946954357
496,-1.6335357355924256,-0.40169433068218235,-0.9363008269098724,0.9115890965835981,-1.7271598216316488,-0.13149833600995725,0.8715367988329625,-0.23312657402447223,-1.490608232694951,-0.7754494542894704,-1.9935666614199765,0.4468393068416098,-1.1938134005847738,-1.219514778965737,1.5170000809664557,-0.43650888559952766,0.3622890770145185,0.13695664331477905,0.09764098386326876,-0.2923697791868756,0.14571327454682942
497,0.1408708749827388,-0.8426553784714139,-0.4506641427813042,-2.5515422818314706,2.030777642850665,-0.1383450376090579,-0.556044126134953,1.3645302521044345,0.05861074065358075,-0.5910779383384064,-0.684461281745446,0.4613181181863671,1.2580492987002698,-1.639558722065773,-0.5016931289898189,-1.1329822576115027,0.4865297814201683,0.18914420620777087,0.7971754247611978,0.32223401100755983,-0.23286261736791788
498,0.03447771188959987,2.0017081259262244,-1.4099520795282046,0.04146792038210058,0.9136640380157354,0.2373266410899194,-1.0853715824236063,-0.4774274905557429,1.0656543186786154,-1.3281963893676412,1.5543213895500274,0.6301462703065956,-0.01918409227654335,0.30121410252105396,-0.5356798875007422,-0.840199206075861,0.7274697010291328,-0.25671361465430603,1.0778870490144896,2.2873106075181306,0.35616176184730397
499,-0.9812140263195045,-1.834718608688941,-1.2013906226573035,0.532549665502763,-0.03288498770767931,-2.9065644041474497,-0.8915072176700967,1.9283501534350793,-0.04157793702914732,1.007025609225302,-0.5857590473439814,0.5877421435108394,-1.3199243774049867,-0.7597675035715445,0.3248042516722213,0.25786545933000515,-1.179960830426719,0.5158023853414182,0.18054257450332767,-0.8872154577994561,-0.1237522428655909
500,0.904175168724258,0.7833451231614978,0.3830778401796889,0.5836793457261734,2.0904889988412436,-0.4500079521213049,-0.9683147358742707,0.35909907435322236,-1.5384083185546442,-1.6274221260625452,-1.4576206570092611,-0.8830147080099117,-0.8199063882156484,0.5301792957616045,0.47305536403282167,1.6243772309539848,-1.026476696478628,-0.023062519455004402,-0.04928285067273936,-0.5885748065500762,0.2429935814120074
501,2.0593912205251073,-0.5769276616814045,0.25772448148376703,0.8084511439992956,0.4605256587543804,-0.5394531235775053,-0.9911136545241606,2.295692121677624,0.07862329431364817,-0.04279993138362569,1.4394639948232104,-0.24602256336427902,0.4299161382343134,-0.008503264703764847,0.2936599985653691,0.20768480995110722,-0.5800954205388228,1.0893571824617019,-0.09313457984842849,0.9033189778237798,0.012325022103538578
502,-0.8746757331142,1.2398887435371253,0.6678288082051008,-0.6453491578331086,-1.7064209029573127,0.22118787159102823,-1.5842109182213686,-1.981528638912461,0.04748779087047132,-1.546549489941184,0.8951656818184004,-1.3273458830739975,-0.1042143021257414,-1.8138680930869493,-0.17862970558519917,-0.10335576333477606,-0.7928979954152549,0.6414482000149075,0.5836853269749581,0.399543733850016,0.3037754708460557
503,1.3764543163387915,-1.352803094840665,0.9017557831209655,-1.1276939283863536,-1.2913881606059805,1.6082098139286845,-1.0063737254884344,0.6256300599310562,-1.6991470103448603,-0.42464479393027976,-1.5676252429489028,-1.051269748400411,-0.25378342686665245,0.5059626565920589,0.04421246605611577,0.5941839314987131,-0.4389121242992384,1.6199889616315497,-0.15134115934338296,-0.35667048470235546,0.3958180788589257
504,-1.7784375552786393,-0.32100458532451714,1.250392846662539,-0.7775045292410019,-1.207439218811412,0.26345728391193046,-0.5802789352129409,-0.3305090975520408,-1.6958856373734064,0.6430723104388726,0.193032301175237,-0.7133642188329641,-0.461996831483189,-0.5375728620247407,-0.614595280253157,-1.9612785906883432,-0.03470201043038207,-0.2899446845254398,1.3931845164302705,0.9666869776005209,-0.19194402178116568
505,0.5636104223972188,0.3999172390689506,-0.5458536673146412,0.9551210063575918,-2.2502834650054897,0.3849798122040562,0.6390984366684765,0.15244621166359587,-0.712090274637299,-2.4993952072625323,1.027320443601347,-0.4302571491533861,1.7691410572080806,0.9797661488288075,0.30364673678228765,-0.117812950084629,0.7427584833896687,-1.7345182944833273,0.784482975576109,1.5422660239999808,-0.006493928986731287
506,-0.05149740247429591,-0.7640120485617836,-0.5541436062399124,-0.4188230689708455,-0.43530422033728833,-1.6243339912339934,-0.9956440308311536,-1.8201245261192016,-0.011774440741656945,-0.4391003360928223,-0.7410895601569654,1.1398031053991833,1.0821581257250972,0.388268403142477,-1.9801137939854048,1.2943061420379591,0.2826326306712284,-0.443393116477135,-0.17267669899912028,1.1615109945288642,0.37209718210860065
507,-0.11450508592552394,1.809935636223384,0.5369485407415895,0.3985363893236181,-1.6229504347253876,0.2501195867664308,2.5847314027817183,-0.176695086046245,0.48515895991560165,1.253308299127367,0.25718407362354995,0.7445354225812687,-0.5067005567071503,-0.27569534404727214,0.07772479802100403,-1.0315545482596173,0.8369645455254453,-0.6949340656456751,-0.2757381334305032,-0.6521752254363365,-0.2984085006984438
508,-0.6641042080101486,-0.19584845438453563,0.6801387635997139,1.8830592924306804,-2.057914296720289,-0.5489452331161448,0.9245668268778905,0.6852071449716861,-1.3712329362811684,-2.0772350795862558,-0.3062081682127927,0.5536122924390211,0.2673786140139942,-0.11031591889872422,-0.5629785378882541,-1.6790931962018605,-0.9012720795427515,0.1092535332741748,-0.815208148619106,0.3901210562786079,0.1921477262103264
509,-0.7244492895277451,-0.20661013660523034,-2.063875545674381,-0.5018517266004267,-0.5089801804531111,-2.1128167162400753,0.23897428313230712,0.9152977709998339,-1.107826190879137,1.6917787761333802,-1.013006430666138,-0.5902195264524238,-1.4767215828011964,1.7317005099108027,0.6232480769950205,1.935266907239339,-0.04835339253786986,1.8662421543367709,-0.34836325918997846,-0.08682266983481653,-0.24429452560239584
510,-0.2914582991222086,-1.4904162685924323,0.6750932185591251,0.24132617637342185,0.3001888301953493,0.9001816079159192,0.420950210249439,-2.407082309196576,0.24922591224739776,-1.0779625461406543,1.506512892472986,1.3430812821058942,-1.8902583161693303,-0.18378770866561261,-0.5844346435511661,-1.8849733904199302,1.102699429867186,-0.5821118619042673,-1.751040339999333,-0.24414009109532206,-0.11169695861864448
511,-0.15511359988220508,1.3374013080354787,0.894956463140142,1.2347428352467003,-0.9284981706440769,0.43664548859644525,-1.2723539347920205,0.3592937745043573,-1.714308974521624,-0.15018802307718887,0.05617634196191428,0.4090697348290657,1.8212631199199953,-0.6643178562886544,0.09758740578484777,-0.6524337454328967,-0.9515810951583129,-1.4797569033697795,0.4494915638600418,-0.7009348080217382,0.002355213778070563
512,-1.4834318234847972,0.13500181995425836,0.6126410140800538,-1.2600038922401033,1.1527753638485774,-0.2368692407099929,0.7383555959711455,-0.3364522549772679,-1.6907754283119458,2.0499084122820683,0.2701440982110532,0.10339994536605496,0.40656450724364235,-0.7853498771389539,1.2097089373566883,-0.5513582590371776,0.18487280435148176,-1.1419018836586086,0.22016852666415,1.1899999544884927,-0.10704878944144075
513,1.341505033293382,0.34652908256638393,-1.3908523807443618,0.0924923911037765,1.2663939444371735,1.765090194316443,-1.192814486527978,-1.9392327725570955,-0.28330257109299867,-2.454451603154216,-0.527196834077208,0.4697679787115642,-0.1811224491658605,0.4103659843659843,-0.020606206211208018,-0.2671058378678944,-0.0575047954605372,0.17925912875127945,0.8302446092124369,0.9035579343600761,-0.25827121907337863
514,-0.34890539904929213,-1.6211834922951147,0.9734904018311904,0.15463614607906576,0.490541569730602,-0.2875867354039573,-1.0926923361878362,-1.1504576611850863,1.6866570572426456,0.8513167348879458,0.36165734092552115,0.8781542293961102,0.14872601670469032,0.2173561720948132,-1.135674210057343,-0.10688576141876993,-1.359627411027705,0.7004732156168306,0.5173224426952524,0.04014983882865593,0.21188473397952073
515,-0.5294860408803143,0.32904523506519123,0.18688299326751714,1.5294899638543802,-0.2717712569121401,-0.47309964112414454,-0.23520013625600236,-0.37035503388906815,1.3945781762728078,-1.039623571294301,-1.2537334192636684,-0.4529763719396239,2.31838745531608,1.5713038141681737,-0.2685392327575561,0.03665639496196092,0.009994731705177172,0.747059532306376,-1.1527249756611457,-0.5742895436988319,0.18362616627432296
516,-0.07026192121714686,0.17148340641995705,-2.645239881732952,0.2112962768644244,-1.3213506665853074,0.805537448285931,0.33044607852260194,1.324722382746105,0.26074044953141895,-0.29469536466867075,-0.8380911913715433,-0.653269115305006,1.9089272526280063,-1.1797921854078695,-0.24496055379519927,-0.08613376530157678,-0.1065864869584251,-0.3947228807037179,-1.8147673776733515,0.5760646565231713,0.2317193080136866
517,-1.0748935716326582,-0.054313029810555684,0.08369480564766264,-0.8705821112032066,0.5812539386807405,0.3342081817867321,-1.0711540538050834,-0.75992734992396,-2.4917997992108982,-0.6478109750692428,-0.004914531908294658,-1.961464743930882,-1.384757644252664,-0.36341414136539774,0.8285576338970371,0.9324450056414534,-0.5213621167623825,0.4732753309297047,-0.38678481902041273,0.7218833485382251,-0.22175996015585164
518,-0.9640336025684693,-0.02401905214891891,0.3086837263720333,-0.6857855735471093,0.46089517388481616,-1.5541508702854991,1.0996664058006633,0.8077462159520565,-0.5245996498629195,1.2175073110498815,1.591188839765651,2.054103223293941,0.3414196098822313,0.6806590759297751,0.046439486517554904,-1.2484117334738425,-0.5745562463771825,-0.3582657568506904,-0.5944552851275046,-1.699530079133282,0.03375428330758276
519,-0.5239971556026134,0.3791000970397482,0.6535231706232321,0.4812419814998314,1.2201794887228445,-0.7382164801556542,-1.3986321204675891,-1.8438748059325163,-1.8473954064705347,-0.7668541409231334,0.255884177933718,1.8819755744115008,-0.3271685477795637,-0.7628727423035666,-0.1362467912016554,-1.7044868234601798,-0.055626791967099964,-1.2105425864338692,0.9980316046234694,0.5030541695542802,-0.09147266151542885
520,1.5227443752189869,-1.0856212951752746,1.0861588768858972,1.132791991039847,-0.8694461285369713,0.13128403714353865,-1.616351969634658,-0.2791593984150479,0.4031822074621273,1.0861574405478485,0.24130422618986297,1.3264358025199219,1.261446855508797,-1.636991459662427,-0.9320113156851632,0.9813012815361872,-1.6211115929457387,0.7603176219281492,0.5631479257193163,1.2705835189995198,-0.24220845583551973
521,1.765391591146879,0.1225581221202655,-1.8990214719906489,1.0695801312773403,0.9119891035066522,-1.292003300779464,-0.3405858314051287,0.5643644969967804,-0.8005562534954548,0.4675461816770085,0.8477369066718266,-0.8135287488387571,-0.22763012903490407,1.272807865275725,0.5518125049355368,-0.30250010422644835,0.38666392174486897,0.5931552322738299,0.5276034148006187,1.170181625972242,0.0605596940968503
522,-1.1726860908056873,-2.3462837503451923,0.16799484658594677,-0.20024634099102778,-2.0050526058885927,1.1121818310984524,-1.1214487696478852,1.7085967718909818,0.7775172060132388,-0.3096350265046388,0.284726985281125,1.3162914743309972,-0.2329998485567615,0.3824987025032929,0.44721714885712016,-0.39781622522147353,0.1747750008125828,-0.08521797483722679,-0.5335977828102649,0.8640809718837166,-0.21770051777135996
523,0.20841999571972064,1.512830905614201,1.3518240469750895,0.10283755857983677,-0.2603718229779447,1.4766890828325328,-0.8751366799741572,-0.9534450440689882,-0.37557162823714757,0.010901892614435447,-0.9007368307115221,-0.3500982267738036,-0.9328372928363757,0.34955200237330514,2.008572665676374,0.40825744736352626,-0.23495963836874476,-0.7992903507625001,0.2733696243018878,-1.1914998863122137,0.08162912634240417
524,-1.153662636657114,-1.6157346217276298,0.8176840732577012,-1.2476416246221393,0.18081808178795822,-0.3545605870452645,-1.5431897903883705,-0.9703542643114512,0.8778251419250093,0.16243650115348504,-0.7170895598745655,-0.6322682550087197,-0.17845811096789663,0.05418083611037705,0.758004767363208,-0.40286787649032196,0.21729358983001273,-1.4407097593558187,-1.8655492843966928,0.40320708988853654,0.2176739045698585
525,-0.7014604350470384,-0.1909786173620005,2.476910455787375,1.5385136811867592,-0.7541272430366999,0.7028608794623358,-0.47051543659298495,1.4640219151425469,0.13804119192116626,0.415169326240864,0.907023964054189,-0.7815060297533636,0.39195703510558455,0.19755853322943073,0.015644050661888974,1.3091499421991906,-0.8462350011791099,-0.43679274830263876,0.6831109879740681,-0.8582835366359421,0.13499392316893047
526,1.7354679604451,-0.294774874842838,1.207347992196903,-1.2754790648974526,-0.44786298614134296,1.500282868636378,1.0689924900925205,-0.1397415513898062,0.7753923666551809,1.2883693516464814,0.43919054160759696,2.399433249531498,-0.7144126652420614,0.6069894956759967,0.4525331170524529,0.3307684822565503,0.7854635507479885,1.5364072338279557,-0.19371376936433787,-0.5243450006394534,-0.18970455081972667
527,1.3073045185874708,1.0708146766410112,-0.3736118647784576,0.9441132820372896,-0.1630748000945684,-1.3878725768257283,-0.925662150920628,-1.0090608592129884,1.061911913350005,-0.45328304522333523,-0.4738645789270907,-0.30202683908145667,0.611294258475452,-1.144918879347715,-1.7413855921961032,1.2308337082389087,0.8206878795558682,-0.9695833646704063,0.6476047002472554,0.26251115688630106,-0.23320953362749677
528,-1.2083777233627244,-1.5719321703030074,0.16959168101041464,-1.3228926165737167,-0.34211901600090205,1.2181606998706873,-0.6873752353450575,0.7121280680940115,0.21789728733572788,1.1915378361145061,-0.18234968003299373,0.36638500887758096,-1.1527258028502467,-0.734610850139254,-0.44920321504367067,1.8076803784810183,0.6363171808279395,0.11150092222509127,-0.35816946052233595,-1.2892761168838252,-0.1944577363898355
529,1.9053099966412579,-0.4904985082662587,-0.7674015427155739,-0.5359981605616017,0.8016560407543019,2.2889151112026855,-0.44818320388778626,0.22851937701154004,-0.15409704880426295,1.3121351102692307,-1.3141121878900597,-2.098525099831364,-0.2888733456618261,-0.19745649853190508,-0.5196377421554855,0.4881546102405675,-0.4091576409034877,-1.2778531209414872,0.19669798113300346,-2.033608856120752,0.06029454822890477
530,-0.11765003414734876,-1.8522680250726495,-0.08400983140975553,0.00645210016596468,0.563231671780752,0.23044280398355557,-0.2899880094004798,1.3564641716589232,0.03617184293290864,-0.8698094912711009,-1.1322847241855831,0.34647504103244037,0.4789112476236678,1.266079094508174,0.07622519810028693,-1.7633838234245522,1.6956390050468229,0.0052151122188411805,-0.6701203557703007,-1.1251140881843043,-0.21556097077326097
531,1.2198743113752157,-1.4623160131716508,0.2608754154173582,1.085021257546452,-0.9917188054423063,-0.2440785758617868,-0.9437275856668619,0.22004014685699635,-0.7788493976325832,0.6881095930492703,1.4024387211130052,-0.2592717138184928,-0.13675276688443583,-0.6171038879716009,0.5810447018651458,1.306980444999207,1.4742022424050762,-1.079417158093308,0.42624155070527775,2.107708293452938,0.011964472628560915
532,0.6315651199492236,1.0722185516891936,0.19523387346929544,-0.867051901799963,0.5447843934393126,-0.9165521396803561,0.2659472146731819,-0.32806558624097143,0.07181954078394508,-0.7712889503690256,-0.25086929553400533,1.406830878960244,0.44468585622104273,-0.6522841780992167,1.8234834483294806,-1.3428372702604032,1.3951990304307258,-0.6276165432701023,0.12833001388723758,0.556485203334427,0.04038862256184909
533,2.1084137921014623,1.4263366193041467,-0.7012534036486664,-0.24498795511992802,0.9754117730536894,-0.2617882291875326,-1.5921072426683025,0.8276643064245512,1.820866842315117,1.240764271954809,-2.1639782054161643,1.7027317411921608,0.43373978205394403,0.7361055227657374,0.7368362537454881,-0.1478537404492689,-0.6161017686666148,0.0364215586874006,-0.5747480255965437,-0.31489038551764303,0.010529027950938945
534,1.757903653470547,0.09880664057010963,1.589857679466164,0.46579482314013915,-0.7265980782986523,1.1516150729206518,-1.3387481442301472,0.5198876735355404,-0.6901285543870177,0.6557481516802288,1.049459348005264,-1.580326949678116,0.030626244524103723,0.7722318622190133,1.189451218623788,0.9324494103440979,1.3245796300832604,1.1780742283175936,-0.19437741524886268,-0.19207105020171153,0.4351028619501429
535,-1.0520758727168797,-0.8574586317232645,0.7189058109110622,-0.7818217614768417,-0.2376180651936918,-1.5476216544567858,-0.9810250042572608,1.4128178264234934,0.8067884811730088,1.2840797392130066,1.2622188516759474,1.3660479486125339,-0.11792511682263633,0.27869362491599997,1.8662401797253052,-0.6643383933651134,-1.3692843417283547,-0.7046875229820698,-1.9575630389726384,-0.11074862965000892,0.009893601175126584
536,-1.3846755681801926,0.6612543634204823,-1.7176231914296758,1.2114661483066553,0.11189185780970493,-0.2872545769040662,0.19032814918917074,0.637798589829847,1.6850678105481538,0.5586962737260336,-2.3365064985225694,0.2979822026078197,0.2083326532599334,-0.4129741296076403,1.0392491470097305,0.688856709846551,-0.5244280581027199,-1.647583830976405,-1.2238267378262195,-1.2647430572259555,0.17324562513322292
537,1.527178735385016,0.7698258057247672,-0.4605161489719166,-0.5163820847415498,1.0319891891817377,-2.9587323551153566,-1.8368570982691357,0.2541272994871423,-0.9392831061198025,0.3362856381721712,-0.35354462290429384,-1.1801539327717039,1.4879301396384919,0.4627094241377807,-1.817229388582864,0.025723048008971443,0.013009716084547538,0.8230963958071266,0.310972918441694,1.6372313624984522,0.007605584740504385
538,-0.8503332244422638,-0.11496135922593977,0.3487424793890651,0.3620652800283081,-1.5244779091647376,0.29855191529858294,-0.5616703508215669,2.068296519813532,0.24497270774776564,0.8777790890683391,-0.3816439932830071,-1.652249405149454,-0.31922748621951563,-2.4239824361902604,1.1946955877447285,-2.1506527005906837,-1.0223818337710153,1.0366568358579886,0.43709560832709293,-0.9178709391676855,0.09389115665475953
539,-1.6582749326294042,-1.3722970043408311,-1.515232215493005,-0.6242232119155336,-0.5028609939555453,-1.458065431087957,-0.8051707340881122,0.6856855463292546,-1.403691712487892,0.8787007255949781,-0.9804726486969753,0.5747954244234321,-0.2772630366843573,0.07230485683402947,-0.7592605484594973,0.6985442579960817,0.2864317252866982,-0.4434431518727011,-0.7513526573754364,-0.6749789056185443,-0.15748487860951596
540,-0.012269042305246957,-1.270718989517042,1.0014766882928767,0.6064456550484585,0.9645655119734978,0.1386931771871227,2.177143363772909,-1.5733453427304647,0.2984551857675975,-1.2919358550199882,0.8151145417456851,-0.42064046506759506,-0.49141370670906076,-1.3306282764074655,0.05990007740496501,-0.5443011029286066,1.3660633057536693,-0.29396131145432763,-1.0769226138862122,0.4745539341951367,0.18284745672040678
541,-1.6951188438162188,0.5149491013651608,0.46288810317501894,1.4987984231092375,-0.18485072943793263,-1.1231303799198518,2.108020405697776,-0.9319609904164446,-0.5825893391540403,0.5100340538541077,-0.6655073755838006,0.6326432842123221,1.9694613391715792,-0.10552196415788308,-0.9721498770606802,0.4952226773300798,-0.559206715609546,1.3981613909357309,1.7588978407497964,0.8373964359543851,-0.1017399744283516
542,1.0291571181928205,0.48249486149637666,-1.1532413242245163,0.2704552470375783,0.27804026759755157,0.1558447588187918,-0.45476687201845717,-0.32927635050397064,1.5286109963799874,-0.10504732863334335,-1.5695386956018467,-0.799890865532637,1.1986106887567443,0.0963676786104268,-0.25622675313166626,-1.825264266946839,-0.5037238719306367,0.7835365832451161,-0.962060442403822,-1.4722234258294893,-0.08048000408221356
543,-1.7245765746990263,0.6517204986263248,0.3390084719876891,-1.4864668939474208,1.4104427219276292,-1.8380075873130481,-0.9124857051263118,0.19753112956887678,0.4821798269045968,-1.9453032187545436,-0.06608641736917037,-0.01835714697510145,-0.48123810095247277,1.0169137362782226,1.75973939019544,1.2540425461871294,0.00835497683852909,-0.43209034458277445,0.1966934940886995,0.9665957641078015,0.04246792117023891
544,-0.6189701848151935,1.889548204845262,0.46020556833402376,-0.631571606135702,-0.5209133205025049,-0.33858426622379323,1.4543328711771104,0.7251374977804665,1.7259623975504863,-0.39719864583739467,-1.1525374281498466,-0.35642625257144406,-0.5846007345813752,-0.562638320237185,-1.9150141989403435,0.6860466699617899,-1.3133704283376024,-0.5653618656721654,-0.21222321385419476,0.8719852977572754,-0.22440637926595958
545,0.596322448953106,0.5455107435342641,1.257102978625002,-1.9652636966789132,-0.08977746622127532,1.1273771018579646,-0.3829261494189989,-0.02791443413992157,1.1887277179567128,-0.05412023058966375,-0.06692417493585644,0.8383629286615369,-0.006589397867276052,-1.2302936586633906,0.583565836845922,-1.9507999535849918,-1.3069627551060856,-0.5314871090968335,-0.9046057242602643,-1.4811915464619996,0.32659461682147656
546,-1.005617170364911,0.07136425061483191,-0.3914387489417381,-0.9891038796358563,-0.5064370095941092,-0.005652401829406434,0.5212968361017362,1.2694769956017566,-1.410215974506887,-0.026488729618649617,0.9308855840697524,1.0740551131042941,1.0868700385074086,0.4224814835907704,-0.32050807220937727,-0.5208801740769768,0.3753652181078403,0.23815584488759825,0.8490054167191791,2.054695569225762,0.008260076255171235
547,0.7797050963973804,0.009335788284334012,1.7368759032355214,1.9627015659561593,-0.656452692353697,-1.5006808051182494,-1.068241394528227,0.5145316601299006,1.1788601556458942,0.17960580244218163,0.2923000298069619,-0.5450092574983608,0.43251661805541586,-0.3480623056283256,0.5847324331517934,1.2706161761240904,-0.8871615680225633,1.371096057843439,0.2051738908650048,-0.9284434808127932,-0.039768471669858405
548,-0.5198415295686392,-0.2277942804509615,0.990575208196709,-0.27838031677033664,-0.7703151280854289,1.0083063680398734,-0.6119974491860917,2.3852621761246726,-0.6619605019270235,0.9246586862278502,0.43434590136532575,-0.813600029930745,0.21275040335689377,1.865005592600027,1.949085349953049,0.4765531223645731,-0.6242048986475451,-1.347019207621195,0.13831176193659933,-0.34828816342962965,0.02353321743319184
549,0.43360208296501934,-1.0556184748157296,1.7503550341129166,0.6868542036927199,1.8621249446674293,-0.33562472629193474,1.3751036238357304,-0.2972401225843054,-0.5186939744814869,-0.27259433949248396,-0.3186360788190493,-0.610284355638233,-0.7761959122209056,0.096615537873911,0.7489229126767594,-0.9048523506548002,1.8946768152533249,-1.3386371722253319,1.0577188878587667,-1.5128668788808597,-0.29440928103462854
550,0.9153765348108648,0.31321729306160356,-0.28893814423369046,-1.183907070775172,-0.5577571145575122,-1.87454265605522,-1.0127953603612683,-0.22335968715936522,-0.4082693357232729,2.122363461708177,0.09907503202957209,-0.1482054814615098,-0.11842400402488748,1.7457160987820894,1.0297138653161948,0.6121050378418315,-0.4196703155948548,0.9110588308615603,0.41184797288761826,-0.862797112061525,-0.1302007037922241
551,-0.9728006322449507,0.5852562002005072,-0.4065441965725888,0.20975421111865825,-0.961932634330695,2.816098974368473,-1.2401805976995934,1.5821583067186564,0.013467881404383045,0.6053364492790794,0.318590996889945,0.7977019011271699,1.2602036888835122,1.1487529550580944,-0.6637551819113724,-0.8302280942868444,-0.760409282709196,0.8615382358293716,-0.3686852155334101,0.4937945697865976,0.1186700321755587
552,1.1338171886407977,-1.468109830507555,1.045957236640926,0.007294314923321851,-1.604003217247083,-1.5156196084535947,0.6441558606710517,1.003154477308465,-0.29731866173920996,1.0571991780310415,-1.0079803804705385,-0.3437427276805844,-0.055567754737098275,-1.3634624904959418,-0.4273616360825013,1.6014957493381021,-0.19309915509407416,1.799258101531707,-0.5335725769303233,-0.7985321089266609,-0.060010684155478
553,-1.9349383327179697,-0.4567358788291371,-0.7506834733114074,0.20976506975178863,-0.7688229411899125,-0.7502484517909759,1.7230257407642364,-1.1719913974913758,-1.6408536360608155,0.44550895272322083,-0.3034830957077398,0.33418575207449397,-1.2086598965132638,0.18907705535706937,-0.09473431607716534,0.7185290511647122,0.9914387639441661,0.08577660327005991,-0.260355414454145,-0.8698642859183128,0.15458809476998833
554,-1.2712325016624235,1.5168490341124126,-0.6099790343781426,0.711767567539063,-0.23938006457659033,-0.39904423982315224,1.1107814551977575,0.7145716896405868,-0.23042584646797784,1.6065048949946352,0.8824664624887537,0.17801179691930044,0.5225376585045794,-0.07756703990776223,-2.4131368648323925,-0.8844788228154901,0.6324429311086719,-1.008470286175702,-1.1295277263977699,-0.589972723996872,0.16549906753892274
555,-2.0678468538043018,1.5427892432585082,-0.22887362619483698,-0.5070924042700339,-2.9126847664945212,-1.0534603222042072,-0.029431309069798343,1.0630572775860392,0.6673967531080214,1.3195502453152494,1.1387381149548286,-0.5295687302259577,-0.2588697651996391,1.486537592803929,-0.3976971651378658,-1.8534897335170657,-0.40033045999536204,-0.7538805977639629,-0.383150057525676,0.04925401334562633,-0.13867855541327287
556,0.6522142832206314,1.1523045588751641,2.1069455446385694,-0.9367454331258577,0.7422076347184867,-0.3372114041064756,0.4567154880981536,-0.551505344876294,0.35779959880438805,-1.1637524838508702,0.3250214850677768,-1.1100497064806165,0.14141127884873064,0.17778354379706018,-0.40438989374683726,0.24587429523376306,1.6311402764202358,-0.4602505725149609,0.2542695706728012,-0.8649613257176084,-0.1773609500092413
557,0.9069691394567193,0.9414044089804012,2.32318550210259,0.21848421092886003,-0.6532989743261419,-0.09493064325063989,0.6245114819851163,1.2834392789869622,1.89962727232268,1.2943953998324063,-1.1313569127556742,0.45237887915816677,0.7781735715165252,0.1655613295453007,-0.475706394317966,-0.4579627221836423,0.5663928683314646,0.04563738606598085,-0.42590838743906095,1.4609540350860386,-0.26339538365596454
558,-2.1277473693642968,1.0104540295508986,0.5440418486170592,1.4813455749707873,-1.9660274625958096,-1.770923051404339,0.3238176804282524,0.32254985966967314,0.8616603085043627,-1.0976777093043233,-0.28357790003913014,1.7807671508545402,0.2249608860256747,0.5411785061562542,0.39513559190282954,-0.08196450194139306,-1.2219587352703827,1.1153834274570003,0.04262543903262783,0.6231272296131295,-0.28349452453699947
559,2.01120969788962,0.8291729530781554,-0.08534925256362617,0.054052782919212644,0.5627230470203638,-0.716332542175624,1.1050739184719072,1.6364795543136823,0.8850782853816846,0.005101175908545028,0.7902496392252039,-0.638263275778766,3.4843863375175808,0.27664535242250166,-0.7801564740417744,0.6881866662438572,0.43720502280787743,0.49964847373615495,0.553607345467895,-0.9774469989626949,-0.256287897084703
560,0.8055352731012695,1.3702470612557731,-0.8812094618517918,0.6969571436477725,-1.7462813501372136,-0.05731499026850567,0.13823441268903516,0.2538625135548637,-0.23917678894946967,1.8383698542703366,0.4388622778293908,0.0954483465068732,-0.09677409380401662,1.2889294123866593,1.0805597122871258,0.08899075787513665,-0.24397950108301336,-0.9442961989046881,-0.7208325004104673,0.4700662627156399,-0.3390566746421403
561,1.5955474540920522,-0.0032191967837927075,-0.9115528718216714,-0.039049046728331246,0.5270720941553717,0.466173928206891,2.731581372221894,1.0458490621382315,0.2706988260519764,0.9908963601077074,-0.6504294842330525,-0.4863022148729887,0.7917680596256712,-1.4538788094758728,-0.6959370866517184,1.0947835358573716,1.6479157203037396,0.1332728847013843,0.19289902883032758,-0.20208086586448593,0.4120964339065717
562,-1.9923924242988096,0.13167349344140325,-0.46930104572000836,0.6715995904325177,2.1621431954609602,0.03751212858668665,-0.8940175218739527,-0.7791455544815771,0.5077913850963522,-0.13413265765107343,0.4396592910660831,-0.6991119660666014,-0.9764148181929238,1.4539788166768872,-0.8280098791436392,-1.1620116255932607,0.37761416078645516,2.3477612716054295,-0.3917968744840771,-0.3942993356984503,0.1495745887396948
563,-0.09944219300713539,-0.8246883054752867,-0.1592587470667342,2.1915531829120973,0.5520930735871782,-0.6070501351719725,-0.30806539146694645,-1.3572632801248958,0.26929249428687396,-0.5127720392742044,0.8400487978502599,-0.6242097465034429,0.8728966556136338,0.04902168742620058,-0.3196575164747816,0.5849944904381481,2.928657561562646,-0.8445170531183968,0.41471551034115794,0.458557592498235,0.1606724588252011
564,1.794203323359264,0.8657397390168764,1.5113410518381336,0.7415604547272966,-1.413161954091643,-1.3310919672667743,-0.20745800049835833,0.08118411869065385,-0.6346280121352011,-0.2373820713736356,0.1720308966948675,0.8126411520366662,-0.3768160143011257,-0.3509400846614229,0.8818032425427351,0.8750907880117216,-1.3104573893651559,-0.47725416681480276,-0.21835444709918975,1.9083258122534899,0.04982894964111974
565,-1.6201681787256417,1.5432232314792216,0.5891717158084819,0.13315912330346827,-0.286739129608212,-2.7547472630260046,2.434369763710038,0.3844982820095146,0.863280450129942,0.168458139711432,1.5393431645338689,1.250856825281812,0.4834720138473636,-1.1726694374792634,0.16016841041992727,0.05564202161696821,-0.9016214587028015,0.8232964178762389,-0.6090917509321573,1.3407498030094513,-0.30815719180906015
566,0.4815790976098347,0.46340350865585317,-1.9223232788871434,0.7782810877114283,1.496687596735337,0.17799857283555165,0.809252218894118,-0.8233164178563201,0.4050429559592809,0.7522390306197656,-1.0088293830022823,0.9901879961660558,-0.3102133951459559,2.24925173866752,-2.2103777489462892,0.15993686855778885,-0.7505668524591621,-1.1579968505299285,0.5069111561396504,0.24817386145536383,-0.13023206671371407
567,0.589977194564773,1.6280082085854022,-0.08017544938404797,-1.0259761301370693,1.8038799880977356,0.5828236645088382,0.20213613819014437,-1.7849929945873797,0.17961320452820423,0.5032413886679521,1.1345904989749305,0.38046425610888884,-0.7024317857093996,-0.7379568795360059,1.951351238786898,0.20953160902816917,-1.0357248991788395,0.6055211999796726,1.1204720720815842,0.26434038422758055,-0.08484738333405002
568,0.5968812906869452,0.8936280502467605,-0.8686925052969379,-0.6912039310434769,0.03686289537625945,0.35284712220800324,1.6217873566487637,-1.819893006026675,1.7132791291038638,-0.6522395254537817,-0.5347224438451855,0.5567196258700127,-0.10561852673525127,-2.557451721249092,-0.08825460855182089,-0.17555394836622262,0.3159022691773559,-0.4842663185683745,-0.9424370522978005,0.37944171118305986,-0.09969100679499684
569,-1.0160378123541842,1.3515170773378777,-0.7194082098188797,0.5003856648747357,0.42215581705504046,-1.1794231594758102,0.9310455142031806,1.2198960392794453,-0.11378384578914266,0.4120606900595147,0.06385754250492964,-0.15339891885974963,0.15031216270455264,-1.085125702241303,-2.913660760675154,1.570801190147139,0.5178398175715063,0.47396754414395165,-1.4839477095876907,0.6515430165589183,0.029575978028407866
570,0.7200200084843548,1.9671610778848778,-0.039125077727139856,-0.945960146023357,1.7939930710906071,-1.6958473499860618,-0.47698302938836334,-0.26260808857183576,0.8159561566460681,-0.3043330039732946,-0.41832543453635834,1.0529672915435582,-0.8570612532837325,-0.836686225033283,-0.44048567380769194,-0.7999901194825733,0.4761985512668592,0.030807986598068802,-0.5322894254463597,0.3866759222879133,-0.09597847318045188
571,-0.793755195243635,2.084211420546982,3.445726760215974,0.015984194222694238,0.6391265883751801,1.297471883864012,-1.6139159536252057,-0.1139556039653297,1.2864300946012959,-0.5873135135065514,-0.4323345071460633,0.07750730504746733,0.47105438812652806,0.27111610108778444,-0.08221826598889176,1.2532045339478282,0.3361182275991505,0.6303961578604966,0.11084173817459042,-0.19928309700943073,0.2717363107473373
572,1.8356502530454732,-0.039948020786709657,-1.3507390842629021,-0.3657128783123796,-0.00041845528820322076,0.9798841710334483,-0.4538267482600753,-0.5578640960985332,-0.15233668764520888,-0.8335839693737594,-0.2692478919062254,-1.5253665872933386,1.2393195535665662,-0.07196411866592864,-0.8019511639677623,0.82655672557115,2.7632700231825438,-2.371575079204358,-0.3628806029983762,0.0475926576361961,-0.2564329723650126
573,-1.5359718398652489,0.13729037848003248,0.09056734850553923,2.2205224959365073,0.15659786519189897,0.9044154680709304,0.6272629444949037,-1.4488579371048473,0.42794778601748784,0.038622110843215075,-1.157468662432533,0.5788781452762631,1.3805091995188419,-0.6065240618098333,1.2907285889999365,0.20026610030215025,-0.6335030318774919,-0.5931148176687276,0.5553826334618495,1.7763068215314624,-0.028652208116756256
574,-0.1337363861687459,-0.9485895280709291,-0.9359950061700735,-1.8296784795160834,-1.3486546428257504,-0.7105244309093698,-1.2161643062633565,-0.37713006979515545,-0.4220103375431234,0.8609031169635895,-0.7095638366550369,-0.29190364279586595,-0.7353273297599937,-0.8138484256606232,1.4118788723134674,0.048848791065022046,-0.1868453922901,1.4766684393189697,-1.3788573169481027,-0.19993665482490636,-0.03585134351676135
575,0.9860685986207965,1.252056581931608,1.515183591187965,0.8861843404904564,0.21141610406402447,-0.16288042952789814,0.30975820138280047,-0.8871847359883283,0.6271679826422513,0.2090441934051654,-0.856206461580743,0.4684668563792056,1.1238987842513413,-0.49690872972074274,-0.6332277211537994,-1.0795756129837757,-0.6188024402982519,-0.27622079608922473,0.22314248963323366,-1.2517376933912634,0.1929000490161019
576,1.196413758310112,-0.094919367980685,-0.5550684484188049,-0.9938122490767777,-1.529944902405341,-0.4727294962591895,-0.6287228994885787,-0.5128836732051932,-1.8710564896152393,0.10944106203826255,-1.541435840843323,1.8273026107503372,0.9651580467497205,1.3701768282691407,0.07968620838471344,-0.0529899418481673,0.6631614635535775,-0.23487277536177747,-0.3544739784904301,-0.14532756437890434,-0.11227343426216198
577,-0.2144375919103288,-1.0472212221615256,-0.5840340833291364,-1.47572262452642,-0.6721439603020839,0.46887295805488366,0.5317972293256006,-0.381573837063704,-0.4859643672515666,0.16076107263074793,-0.5849005174708712,-1.192480534209995,1.5428789394397335,-0.09408615664880247,1.3172938182118183,-0.9613590015037704,1.7902785792974447,0.33259035445729745,-0.5837456667807888,-1.0839760783920804,-0.06780521396274114
578,1.0135705678106537,-0.8047263835990783,2.421495985575088,-0.7294165016072082,-0.7591932893903168,0.942343110222871,0.1487458169396461,-0.6654464928192765,0.6390239807092541,0.4578534238028363,0.6474921508577671,0.6636038200217133,-0.13610795180227653,0.2989767991402807,0.1932785296087458,-1.1020988622000283,-1.177722246851239,1.7402619016318865,-0.6025363633732744,0.5472385824431993,0.10874925015485182
579,1.0856264119633015,-0.8789866002271118,-0.15201834854860438,-0.7575296501611526,0.44941770806227005,-0.76342829755273,-1.4096116516702186,-1.2369681565998203,1.9500734667619226,1.1536029106215857,-0.8888726631618701,-0.13642114036129527,1.880535880865328,0.7918999879997124,0.6032939251746855,0.5783708502081579,-1.5494882822180407,-0.1306937577051096,-0.08635464662185949,1.0814727939398363,0.36004154863725646
580,0.7688671143880721,1.2226334961521368,0.06696982118952172,-1.367966414139389,-1.1113820667805887,-0.624817823612062,1.5044144851111974,-0.8984936746458545,-0.6868325321470583,0.6002993136188527,-0.44292439857330196,0.9432369877305102,-1.336074417979093,1.6625620482259125,-0.7391009442066119,0.9478385344889311,0.5430161344412243,-1.4376667805602885,0.7608271137411092,-0.06078601884258384,-0.35482145823467814
581,1.8404908924614063,0.18336150519152009,0.6490046616095719,1.5184161668839293,1.4834354578114866,0.5026622873266886,-0.5493723922464553,1.4940960963856043,1.9838144754828695,-2.4788885919131536,-0.19963837774124774,-0.8666919773773317,-0.25479892363914286,-1.0171712852639592,0.16684958027147187,-0.6436629308101691,0.29435946467652496,-1.435104710311403,0.2042533545504206,0.20466366809201858,0.31828173341732197
582,-2.62943223854234,1.4130522725860968,-0.1532914163383813,-0.6546126731961043,0.7595835958450657,-1.6566658520598163,-2.741936914196421,-0.40265153227927797,0.5900687657534917,-0.6586799573208243,-0.20895047672735073,0.6957145352474453,0.8117682350336287,1.6460754854786483,-1.4219109556336917,0.7952254445899714,0.09963240288255493,0.6343753904991327,0.8738825824573199,1.0281710565457443,-0.0927524347750637
583,-2.0256476707894375,-0.3320016714038046,-0.8075822051637593,0.23949889119587112,-0.4161683106748763,-0.8151460570756403,0.1836821113099425,0.828591416564511,2.0471971238117126,0.8190339967137634,0.9951428027684078,-1.2214408680399456,-0.2659877488990717,0.11691957662293971,0.7824142544070337,0.5032591343013513,0.7496980255298725,-1.0213321460408766,1.980249366959528,-0.23633316663954954,0.08311360751277266
584,-0.5017301481644176,-1.6679443720502103,0.9141745007923942,-0.17422231868981589,0.9478235705404722,1.6443879970805977,0.7764157382317802,0.2934814699839112,0.44928023500354997,1.9167155328172345,0.8131107465460412,1.3053879788246123,0.8908731466650184,-0.698519462575613,-1.0214291626659324,-0.7476662490004305,1.339440420921477,-0.45081995203035014,-0.2521024824675456,-1.4251083400423745,0.15746451599475236
585,-1.9763027286985033,-0.06185473379989574,-1.5526232594613407,-0.32509649788199335,0.14422288458325885,2.410364697621353,-0.2495548629242649,0.7378845620701189,0.4321701111964725,-1.15475896456277,-0.4676704502426155,0.20421430533666124,-1.315295255926466,0.5777759423424241,1.093495971983042,1.2535939176957092,-1.222262034090357,1.4724775508068118,-0.12140453152021481,-1.0738070965029356,0.24131864268039077
586,-0.9086408838568504,-0.22514410648786934,-0.763513384856266,-2.1641746275102234,0.2207797886678443,0.27731722927013785,0.5906322800015724,-0.17739626488685428,0.5038993108186401,1.3439358423867105,1.7472425358037074,0.7849335031860495,0.16781010622778456,0.0674213204612883,0.6965032731957612,-0.20815563579036034,1.0608969760656781,0.7989489744646836,-0.5232962158171569,-0.05184870236354901,0.007963742014961956
587,-1.7078310912709458,-1.6565791513957697,-0.009593797916837959,0.08895204022098477,1.8219901117862045,-0.1368241410873287,2.445127986439842,-0.20947484861548424,1.1320492008739604,-0.6927681334133116,-0.5738923751157949,-0.6886108357133661,1.1797398500984895,-1.6309713388013534,1.1641998486961411,-0.016762064471841188,1.0787654898882257,0.5666850971994392,0.38549180089847906,0.28869032952295093,0.16052157783937498
588,-0.27093416523962593,0.37684422423801606,1.7808194162145796,-0.4665922558837617,-0.09956415693747983,-2.1914571330476695,1.8537939747753207,-0.43433799649804905,-2.3474335851296324,-0.047486006327316185,-0.2854891401441903,-1.8637856103605228,-1.0553016391999033,-0.2517279786837772,-0.42270400908194183,0.4096028987874334,1.3877789864277588,0.4234231375931739,0.24714930612589878,-1.2460792679934132,-0.1849108635098194
589,1.9183033309476087,0.5697527217785738,0.08934129856131608,-1.5420684676081085,-0.6293523036022187,-0.23155491711139098,-2.563268389766309,0.18148501311776147,0.029916718974137203,0.7405065755397983,-0.7039954990514463,0.9627565519577005,0.9323329086097528,-1.1525321523759853,-0.49741070125221915,1.0045680237982784,0.1966848392877119,-0.16625455694782582,-0.01828411852003167,0.622614030996302,-0.19482713207761757
590,-0.4395803028223715,1.1349049125307533,-0.5071400713232056,1.5510051901305735,0.7672034464081131,0.6229176732880238,0.7387905420712862,1.6336144055316364,0.02725673762396487,-0.41763914199121144,-1.1677042453990856,-0.46305337279065106,0.3247112220679621,0.25914131796447987,-1.0156339200492208,1.0006251134362283,-1.337950448579205,-1.1544006686484936,0.644239197626714,-2.003028984216227,-0.28602134645710164
591,-0.8433397096357739,-0.9078419346461761,-0.6838034585281454,-2.4477984448859607,-1.4383741732274427,-0.4246320982540382,0.07222310940904118,0.9040081460899462,-0.10904747971146492,-0.2177904014269566,-1.3115430370866192,1.8657727159884736,0.06067898957308155,0.21077086064629513,0.008734053924628029,-1.2158564603278725,-0.4942525121588459,-0.7096888705425619,0.3528021008491081,-0.351627602881263,-0.23932328082985954
592,-0.6513364870886326,0.2110702511058717,-1.359579555141567,1.1350665596315241,0.34981453687620717,0.36626099832876297,1.347566514192816,-0.6062285323333738,-1.9416076846385921,0.5820503363650444,0.5472944680214833,-1.0130091285203142,-1.3630505590778552,-0.5151548650255215,1.276740683492012,0.1433495228358629,-0.18601072630410198,-0.40629570424009626,-1.8745490473231634,0.09589655048343192,0.20068050743405233
593,-1.1010015367628045,0.4874688603296386,0.9984534270599108,-1.0314686980746222,-1.3660314144414623,-0.705985843003361,1.4744284726586376,-0.08972843793657015,1.2301826631663477,0.5457115238829151,-0.0927540659824269,-0.6896854462581621,-0.09548199406644078,2.1279624933906294,0.4362619998881925,-0.5784107506129555,-0.7322211607665199,-0.10053351592369267,-0.8892156564862059,0.8199158350721055,0.04929482812117044
594,1.4266868722091168,-0.05519430994360525,0.15276392520483592,-2.327134846094471,-1.8864120014010333,1.0590549226831136,-1.7405361425808992,-0.17324241151904093,0.30838194750721226,0.9987387186187167,-0.28569971516860915,-0.2411895208536562,1.2305785903677915,-0.2968875082569872,1.249243856567236,-0.821811291916855,0.5269931521753372,1.1636324229348554,-0.10504885565927621,0.45387891720554197,0.26262834538009366
595,1.0838599200899275,0.8290176085896468,-0.2240365763516318,-0.3442056486438121,2.386839003871594,0.453997248829,-0.07040469173747284,1.0506065132205762,1.4923535263256231,-1.8157029439233936,-0.03258862610577715,-1.173551287071608,-0.03228475417548703,-1.1629307966598992,-1.0528483642212711,-0.2049014398385995,-0.9179817317551423,-0.07372921448178994,-0.7175484921656721,-0.48525303208086973,-0.1284241578791399
596,1.2240337491669495,-0.09978133233968378,-0.9851016317399308,0.08221797727204722,1.0617713425860085,0.49239219014737273,-1.157630777341672,0.3739630499369601,1.361328329925893,-1.0412258044936475,0.8104146098582821,1.2529845708459642,2.1437649483460497,0.8004009188121531,0.4419143973210382,-1.2344893374160102,-1.5716885347752458,0.5495535469938744,-1.0570778086831811,-0.14741563256339826,0.19806863349480122
597,1.3004680669249935,0.07530197142427196,-0.828091292705674,-0.5337185716251582,0.02628570764711613,-1.2848777413323866,0.8275336626693379,-0.053797904933771935,1.6786996170458093,-0.7285082973982436,3.3727314803501116,1.1489045041736377,0.13474063629249824,0.22767661370738024,-0.8925105119825204,-1.532644822704876,-0.20673361295346862,0.21583811164971378,0.11917633378091941,1.1072841033485703,0.18258262897510708
598,-1.5422826740212374,0.7470693848555913,-2.11179206109329,0.5823077434507299,-0.7729724592495342,-0.2600054029144837,0.7076560664165583,-0.7465632813626695,1.1162320164232953,2.3120126226057525,0.2801010945194401,0.5773267609327433,1.3387785131022076,-0.4655507188142472,0.8357563566258761,-1.3467606724694214,-1.942854039030864,-0.09456040010499456,0.8636478944749882,-0.9179436193600475,0.12705551838055573
599,-0.3600094141755025,0.8613118432992439,-1.0556072641142826,1.2813917264598869,-0.28726392836485076,-0.8017492836762291,-1.3149624633729289,0.3158836339692543,-0.9221068197999224,0.4933346637764172,0.7327731410014362,-0.8022895945553468,-2.7159327859580227,1.1873825984544744,-0.20065159456663356,0.5851352891678432,-1.1575882439152614,0.12939119309915909,0.001934687061854895,-0.6085500477831429,0.10702760779663258
600,1.9847671657795944,1.0654732681794175,0.6339317868439742,0.9914051221540533,0.3223425510689515,-0.8224423898758872,0.2552187668690156,0.9477300471106409,-0.7966796374086236,-0.16905962001159344,0.1828441390375514,2.036966925698086,1.4869102993477816,-0.15934262551270686,-1.77918754248848,0.8586001687060112,1.6038689388683183,1.8882815975940201,-0.921546395770294,0.8549420019358867,-0.3921083180021121
601,0.24926845737411293,0.919038248914673,-0.25302758563702366,-0.07219062484228042,-1.516643529589003,0.4148114519097144,1.206211500763845,1.94369664792464,-0.38371615270180326,0.8560323047680645,-1.0123833613431918,-0.6890289374900919,-1.3012207389573371,-0.11031053795054738,0.361316725339982,1.1719311905237089,0.17547706585510042,1.0734291806472325,-0.49674444968410436,0.7512707586447311,0.21294937996007915
602,-1.173254733848711,1.0988449637446338,0.6896617128491349,-0.6314364038897095,-2.9843996830840496,0.97343967091413,-0.8918547701136353,-0.22210750211245203,0.06195899394981398,0.41582483906413975,0.7135432585443519,-0.5454905445788242,0.2469977172411103,0.9706022620001936,-1.0715582399165648,-0.345701377021155,-0.42772568361321106,-0.5217812107187588,0.5532910182418971,-0.024273427055402846,-0.21143673637158752
603,-0.23254201797745602,1.9254235336082552,2.158555460416092,-1.9758341658833969,-1.8396096848800085,0.12757664811446487,-0.282555960644157,-0.7179866344321235,-0.16062440965650696,-0.7630408755638218,-0.31210531731118374,-1.2035091471113906,-1.3668573077773962,0.1767106650413504,0.023153722869858808,-2.7266050470036864,-0.14816895930907859,-0.32851311471358413,-1.1655646171623926,-0.12431387533453418,0.25076398537929406
604,-1.6479683284784101,1.2235607643973474,-1.7974258147896653,-1.2789861721009732,-0.41832891559890545,-1.1406571675989858,-0.5210601086946092,-1.1924385574533254,0.48592903695687906,0.46552975820062714,-0.3602432252210375,0.883104465028689,0.897750528259388,-0.5531904798542063,1.0479681881803464,0.2506930919737229,1.2793960285170054,-0.1771829034266252,1.216661574162842,-1.3987830577599731,0.024854314244204267
605,1.1250493889892044,-0.5156494432683504,-0.4383219945641534,-1.4668839749484337,-2.796179011230132,-0.39812843590744756,-1.0675106642346281,-0.09811134224572185,1.0543160937151528,-0.7349065571361397,-0.6687347326579671,1.0626818722159643,-1.0738548989682517,0.01632146866269088,0.08573484131208939,0.35036100811502097,-0.1250113271635906,-1.489983743158199,-0.877995912926823,0.26291520505121996,-0.25091539376314487
606,-0.9838200501006655,-0.6957327077164288,0.6724016709400011,0.6626771917396067,-0.5282298010664599,-0.7202918208940329,0.8120002163179132,0.9938668685238676,1.1225767024994673,0.8577758567099812,-0.5110619192009296,-0.81322108868349,-1.0969659965717433,-0.6958702012587419,0.8321931194205331,-0.31657414838042897,0.032311780713305725,1.5663706036722786,-3.0262277225647485,0.7731237736916852,0.18728320995094483
607,1.9957430807359415,-0.49488472292300373,0.7082316565010518,-0.062489564788414,-0.14199141175196012,-0.8537448804104083,-0.1910489648036755,1.5568307342710137,-1.4614009903200924,0.7902520243196741,0.8889893503617786,-0.21526357076218927,-1.6176198556257133,0.6076666230816469,0.20144869633124168,-0.5981786932165137,-1.4360009801041933,2.2185620301239264,-1.2030334457093483,-0.751020054801201,-0.150611671029512
608,2.362512777657444,-0.762709856141938,-0.5612669466016286,1.0580410463300258,-0.37283819654609535,-0.6094417521106923,0.030838826573591886,-0.6352305247999679,-0.3390722197498266,-0.4214143835397336,0.21394399060174857,-0.6537536407088254,-0.7233158593018918,-0.7947339658603888,1.9844717195207255,-1.0485063652829705,0.23671556509550062,0.779688973726274,-0.13236286585085982,1.2717788213706602,-0.2056285389643464
609,1.225349698841562,-0.5757923790052831,0.3982145049674173,1.0243241865408828,2.062146401404349,1.021782363521944,-1.5438713965286626,0.8817830404785937,-0.2270606445459099,-0.4946645990097207,-0.4684108309711927,0.8955627599446996,0.30715678864155976,1.5963465262307484,-0.42639686999930815,-0.6541952319939118,0.632072421006559,1.503771760519346,1.4421085961502704,0.9707787449161953,0.20111510886452505
610,1.4080981297857014,0.1807434277090867,-1.6747399926686946,1.705449269263393,-2.0835894650276887,-1.065996062202987,0.42915677187275836,-1.4754777191512596,0.4961371677206547,0.3060889330382272,0.46996885529448834,0.7830258374537803,0.09325534625317332,1.0778592643285738,1.1141681513223078,1.8964014416935284,1.2242132388406957,1.369775591531568,-0.1585452407701092,-0.7499305903980041,-0.17476615964439976
611,-1.533917159410457,0.6860851647505009,-0.9629388345789563,-0.7558769925728297,0.09386989497563941,1.5120756160795292,-0.42013845216301376,-0.6684067105739463,0.45910882685647225,2.8414905589616835,0.947137346132288,-1.2459445736751535,-0.5451932336656375,-0.7319032333569356,0.7345350700426516,-0.3184958517301852,-1.535616482291012,-0.31034595283269306,0.9827278863620904,-0.16258517321416496,0.1050676073773699
612,-2.1339228284155376,-0.8257455558257751,-1.2815699118215174,0.7249031983892159,-1.68933566017487,1.000717057682558,-0.6173023495944071,-0.8949328510011737,-0.19880556951079023,-2.2156922906778287,-0.6540200946502623,-0.8749118829178084,0.9629802502930286,-0.6564941416632922,1.0334372659507158,-0.577061037546332,0.9672071018409135,-0.021158636945394497,0.6805502201034933,-0.018290071559778725,0.009957244736129679
613,0.4783030632484349,0.3731160244964734,-0.2960476314181366,1.3778030560685302,-0.47357390538489896,0.33816767018944066,-0.25885002841996396,-1.9167841240011672,0.7461082933348747,1.6888666133001977,-0.756744124262857,-0.3366381882309593,1.7820504888567559,0.4341904326274475,0.13657157296421468,-2.757539242623986,0.03728109717546718,1.1948754187918957,0.032354072965685036,0.27868760886896093,-0.16652460012425013
614,2.19468194890534,-0.6517448204635259,-0.7358133152347369,-1.3549133158612647,-0.9160150024934586,-0.7476846288924797,-0.9739786345294126,-0.6325905667662354,-1.4371912522652548,0.975263764338212,0.6369583875801773,0.719325985302495,0.5994050884198753,-0.09669924036455642,0.3372527273156235,1.0584822643850378,0.65515105661034,0.7319396568530735,0.38906644965525233,-0.5409458929373483,-0.2123024071699784
615,2.706948281214066,1.0786449633286466,-2.7152399602846273,-0.8931037329566064,0.20604080817214462,0.301780437713639,1.614843348303698,-1.0801713483422615,-0.5705582078648598,-0.4083828122127517,0.28134512206306345,1.3967249438622964,-0.6633211291975031,-0.4942591272651965,-0.6365300917188668,0.9876527154687883,-0.6560547275436034,0.2942081961350308,1.612139508175261,0.6438803552249925,-0.3616724330048878
616,1.6113568959445648,0.01768709619685327,-2.0201485686650247,-2.8369523187759156,-0.7000305139689883,-1.4841762956609983,-0.05316731830348577,-0.056670497619075645,-0.4471453985589659,1.1268188830103807,-0.626901676646004,-0.7634181994988991,-1.3897371277267834,-1.0884074000530413,-0.05077969897124328,-0.9860116373504263,-0.08272328542881341,-0.016407593916248756,0.5347705967200319,0.06782553949412486,-0.15756708744026504
617,1.2516815282856177,-0.7945988396663113,-0.16719920607362201,-0.8383674374326424,-0.5277180465695418,1.2712689240158135,-0.277562535686903,-1.1311169340507068,0.2276605908056641,1.5820510079854677,-1.171699288482468,-0.4552652204541538,0.420419378825176,1.9545223249687442,1.1553395443098018,0.564817031717477,1.1485970929808658,-0.5662617348084206,1.1904924953789722,-0.7162599852722881,0.024915198859071546
618,2.3359137388083284,1.4295132792648768,0.5351743128404495,-0.6931537875480334,0.6220554400718926,1.7463384281628966,1.2615959631010267,-0.32285896792055085,-0.27049069947514703,1.414776113229942,-0.5354098460671143,0.3623814690009408,-0.39996522557315034,-1.4534528995791414,1.1142072729589492,0.18177534689256988,0.09878421811077252,-1.0741681818204145,0.3222472030192249,-1.7058042965763172,-0.08226824294683986
619,-0.9278356664840713,-0.46465898044147486,1.2780444894864398,-0.5968347193329802,0.002074394634813995,-0.9997807441332704,-0.361966109718092,1.4373342799220281,0.8683218227187822,-0.43563067919815013,0.567448555080576,1.364377676786181,-1.698107693155439,-0.7755512905575719,1.3074300799496705,0.2842323848937765,1.4036850729834993,0.8925834646454861,-0.370438643730401,-0.09689468752236419,-0.1560786916872244
620,-1.0064742401346216,1.4270109324155107,-1.499163438548144,-1.3253274798272643,1.8258636070532086,-0.047361328859854404,-0.4938218695379084,-1.3573818535850264,-0.5787061458077895,-0.13679698651745661,0.023547416663458703,-0.608678619136529,-0.35475229033639916,-1.5544395283074322,0.4243994502964388,-0.8694535524662059,0.280138976805893,1.0867894638050366,0.6314322841539254,1.5380996902238615,-0.26894438412787824
621,-1.4513150823951517,0.9287287937730331,-1.0630883488974703,-0.2743082261050865,0.01118799427495145,1.4040182689872343,0.43468585660639286,1.2549133604775038,0.6616260587070311,0.23320135480066595,-0.39731259104953115,1.7811137586487351,0.390403515963441,1.4710837870635596,1.7314633668900257,-0.19447542546980384,-0.7648070068696781,0.0951126329284763,-0.11624165668805805,-0.9177334778111644,0.18932824779430762
622,-0.13586112975123965,0.225878253372355,-0.3576412593719074,0.9942567854937537,-1.0309026458732526,-1.1622368635937426,-0.6434450424184797,-0.3097608446706894,0.7751017986437253,-1.0870622245437527,0.041983772124902306,0.7924179442375077,-0.8577906012926726,1.0532527052609633,-1.29617074479462,1.739949662198133,1.50033886533461,-1.4001205094129312,0.2654857532431058,-0.29445422640343544,0.08305467851641446
623,2.3920360897949817,-1.6616303765137226,0.17521564646084198,1.5724619254280587,-0.3639105434758421,-0.4249237720496951,0.20269674267553892,2.6578986556469193,1.0630260985829005,-0.5876327718255124,-0.45893971333466926,-0.5600334127795334,-0.5959675976871293,-0.7720857075639063,0.10902102374759008,-1.1701517514493642,-1.386022817221916,0.3098665348214724,-0.5049219560277941,1.0812151353161261,-0.220217913046257
624,0.2910310387522489,0.18092549848248374,-1.1593559388631958,2.143363004196473,0.09489014805345727,0.6432977995045847,-0.24088829712822382,-0.3962050960324631,1.3860980077744915,0.851739361217156,-0.30619127779941596,1.4084973996091483,0.7879728433123955,-0.5458748584579308,1.0643098299826679,1.0218758375865962,0.10074441900818193,-0.7267044212712777,-0.3838523079374365,0.43653433202376435,0.3288333752913929
625,-2.127216449630272,0.9609377280413013,-0.7879603187287189,0.4582415237750917,-0.1172115147163117,1.4363833231741336,0.8301374239334766,-0.49209512938563155,-1.104140027917868,-1.7187616879984329,-1.3197210240046822,0.8939125145692131,0.5521038566601654,-0.3981377206539047,-1.2894439001217366,-0.11554727457690717,-2.0391077545903635,-1.4505037670318985,0.41406528073474946,1.7530914136141167,-0.09471754441992766
626,-0.7505300445369494,0.4469247394800834,0.5059723057139307,-2.639749510947316,-0.5573580266785824,0.31734338924352484,-0.03192476964667386,-0.2648320993394884,2.639831106399499,-0.13168445936567388,0.8731030688117197,0.21713524842895002,-0.8079396837855666,-1.7996214147482334,-0.7829925454518847,-0.7882045237134606,0.5648062319809827,-0.5848327654450532,0.12382922205947108,-0.7845033382710751,0.1685308691097276
627,0.2512879360609521,1.6703437984783929,0.6001862036453168,0.9141196374336727,0.43575790069395187,0.9075535751822719,-0.0701258360799618,-0.7753899638617383,1.6327943041599806,-0.3378849767953523,0.19559485857649428,2.3536725340169364,-2.066325468286793,0.43748920939931685,0.25623259009172966,-0.8058263029993897,-0.1724251869047618,-0.9100010631582439,1.0455670207883763,0.8733538610640713,0.10816717394103874
628,1.0952123388266461,2.2237958684637333,0.9976475646908651,1.8172600693390961,0.14719093353764404,0.38788500330856834,0.6219892182292903,-1.5912794806806216,0.5028808267593379,0.5740975746203665,0.2144656443653059,0.2407041801022122,-0.8766638512531425,-1.3771678120767807,-0.2576971460625703,-0.579268635029687,1.6994955852787559,0.16480421812453558,0.38463840170904906,-0.60919124081987,0.2719735413718709
629,-1.5353968790007408,0.14967186579575525,1.456192549113652,1.1253538752206502,-1.7617991309254326,1.1661518091211005,-0.29151187768238346,-0.4556619605877106,0.4942644653165701,-1.6217590548054432,-0.4988586743194468,0.7080076667486442,-0.13676276822305453,1.0522359906046892,-1.0386989861754214,-0.6201602812356611,0.9971563588214761,-1.929344541944115,-0.3026713823490919,-1.6877553600012718,-0.11983427106537442
630,-0.5320104065171931,-1.0399867036288528,-0.07000397473509458,0.7157291494130393,0.005552226476777671,-1.1847726044811886,-0.4424255223754041,-0.3593764987405007,0.3497158691539871,-0.6236675674254146,0.8255078737940367,1.784344510677353,1.6028162644157318,-0.19743165883529293,0.3533465342007684,0.7396281512357089,1.0282954675209892,-0.368998494516358,0.18374974152455803,-0.1278555681148608,0.333085026498175
631,-1.1256151938427723,0.06808535810548806,0.20940736125758166,-1.4330429648422274,0.09050664854894144,-1.7097452643499687,1.2344254546555111,0.9487859848491583,-0.9860871508784866,1.10334004849282,0.26750986642040436,0.17354938862382208,1.762223158946795,1.2300296993371649,-0.431019375157852,-0.7944825914823918,0.12700250750565636,-1.2194922992686181,-0.25227495565556596,-1.8229136064512068,-0.09255752780255838
632,0.7135691071935347,1.1522883445969538,-0.510770232315337,0.7678824496907704,0.23633758932382326,-0.5510013088478869,-0.6546166809201903,0.36159997015352946,-0.02183924109293289,0.05877688151812841,2.064255321896698,-0.1570399785187388,-0.33220304289622166,0.22988316482122279,-0.30455950859967096,-0.009584487115787537,1.40691415974916,1.1096329020291267,-1.0224781275300407,0.4724093626395371,-0.18399868088306157
633,-1.825662104303106,-1.8592627092936833,2.175860952875646,-0.4065931734679403,0.6588815944135658,-0.5327699995702734,0.3045095477015516,-0.3094958777728303,-1.092870120861746,-0.4323456523455253,-0.6431433365712657,-0.6615824344898489,-0.4353341444495551,-0.15416685671085648,-0.6070032241514841,0.9607726210957611,1.061991685872781,2.0456481677933414,0.67464550964146,0.5117844971250932,0.06687804492644743
634,-2.3198461555344037,-1.1607852884284378,-1.038837155782868,-1.765721070049028,-1.1752389483573922,-0.2717749203955526,-1.1539469853756996,1.4307037632156019,1.5652158892660744,-1.8516833468456293,-0.9710180618470592,-0.33042168040761866,0.10680382880125891,0.4589827670065546,0.13198844915180302,-0.5067943035719276,0.5917860003200441,0.01124743606000225,-0.10122694634927168,0.3686202264687826,-0.1637836285456308
635,0.936799382716418,-0.6760302694085167,0.3632618925711135,0.5824177889010876,0.541119669852004,-0.36049852155447704,-2.2038513453354738,-0.5603272930915584,-0.23550553506929217,-0.2254649293936672,-0.2625900223287679,-1.0012082822007884,-1.5132462415882648,0.7175391109009975,1.334947451840314,-0.9213855422584522,0.3895631687499306,-0.43542517105609924,1.5195096841485183,0.10630274226704114,0.12451454948538002
636,-1.0716543894800854,0.09152469206141833,-1.1989307078881994,-0.9713957741807325,-2.5561593738328376,0.7205817419268394,1.198860024625746,0.558860244150883,0.16673365816833624,-1.082998874543973,0.040566367401109714,1.0515872411561265,2.269399750807074,-0.550783753205542,0.4974088612529557,-0.012643951103390326,0.10127077497611459,-1.4806136572456705,-1.072253617662086,1.5166315196746276,-0.27172370411637725
637,-0.8700217577824035,-0.4812150124927155,-1.6898977389488323,0.4365057649447435,-0.6702480889874882,-1.955196241089552,-0.6403936347817749,0.17376418096310486,0.9565274379929801,0.9001310143573603,1.1596256354432122,-1.6768565963080218,-0.3779018162579795,-0.3970651143681634,1.9700926837388308,-0.45958703066156026,-0.556955214204215,0.7856909869420243,1.05603027477758,-0.20220900147271,-0.05908168840717399
638,-1.7604164383827532,-1.9403153529932122,-2.074599630142017,0.34947290528305414,-2.022729891248012,0.3575471276348032,0.8066063804856201,1.2354823847330811,-0.2242824144295028,0.04813407988525144,0.9262829508561734,0.9103306894917974,0.16844630574007355,-0.08327710097706094,0.016567460777930296,-0.9050715619441568,1.3882517595598527,-0.13563718360593044,-0.3793737090360778,-0.39776996576321955,0.1754784965047005
639,-0.4283591170945847,1.0565857671631342,-0.7123666723043544,0.3902994920311599,-0.7800601173442375,1.005387964181342,-0.44745633688205616,-2.1842191580414614,0.2402287725615318,-0.14084536461433902,-1.3233852352898137,-2.0992265385389453,1.807567503325094,0.6570893426557626,-0.04052870037320428,0.15827783813734023,0.6368458773091543,-0.8744172168270892,-0.11820296220546381,-0.6312365698359514,-0.0814492358133047
640,1.057463665660648,0.3978240810242342,-1.133798350759428,0.40651586480628427,-0.3343507072854298,1.411574206409912,-0.15460045577982462,0.18423179020065167,0.19437732191018295,1.0991621613977487,0.19713578427601255,-2.1198547737509816,-0.16718568518016882,-1.2888932237663127,0.3587438459807929,-0.11817428662927043,0.2483517417496215,-0.6586998923997588,-1.999872399575048,-0.08690166947997892,0.4336498095009572
641,1.999177629136857,0.034739925514098026,0.47210469597648796,-1.136776139521786,1.5269729909561134,0.5400435852961909,-0.5498291662225434,-0.17398862313083638,0.4026915429218369,0.935291826803941,0.563478562397887,-1.2284918390163961,-0.9228886655894771,-0.08531925984911029,1.8251281247724909,1.5526713954001865,0.7012858502017006,-0.7657358805307295,0.3412477069854945,-0.2753736997211465,0.05893622106000822
642,1.9879183400353846,-0.37288221768819024,0.7514752875212614,-0.655099500396332,-1.2457992040299797,-0.9072597304403285,-0.6963695068116028,0.14535738881559943,0.5196280038211115,-1.4086947826967178,0.5722169503800904,0.1763078158876595,0.12617939727583802,0.3601769837023228,-0.5430966047442218,2.875017129410368,-0.5891943633935364,-0.07755091729145594,-0.5611274608066456,-0.3557184167537339,0.07707576311643662
643,0.8221293299730651,0.5197064093225732,-0.8058951784188909,-0.8357838961493493,0.23267833369326713,1.4905958603522311,0.5707094643796339,-1.135061656517947,-0.4224568122905765,0.6210448616915925,-0.6609655310848068,0.5594414202863651,0.01274992087253839,-0.10770670985029616,-0.14163790870672857,-1.065889713416649,-1.7020340329276666,0.2964842691984751,-0.19025922731871084,-1.1010437629229728,0.1929853846464947
644,-2.0727012750337863,-0.8124386742636793,-0.4992422117236422,-0.26982854303849163,-0.44521726222463054,-0.16103127828898003,0.04167986056407145,1.299590841632298,-0.8606693015554745,-1.1501958089441957,0.8865507579206571,-1.3192680756617572,-1.7179634189568733,-0.0054814587924024195,-0.1096192694637807,-0.9066612943059809,0.6603448392689731,0.5777376512353606,1.7248564710297698,0.47803352722012254,0.22887718383841185
645,1.4242564335368517,-0.005917312253857608,-0.05122167343823344,0.1785102247450249,-1.2598723866572685,1.431803747916425,1.268354431961828,0.027970659542618626,-1.3744258813635115,0.23637584054272012,1.2323311508443373,-1.2649862100876046,-0.19151229775793233,-0.1488422166336885,-1.6708415550493345,-0.48827840925891125,0.1155605668224245,1.475067522453358,0.5624675000849584,0.21571222474460866,0.3929935585950153
646,-0.43330575311234054,-1.9075820427241639,-1.1782136974634216,-1.3959309800142834,-1.4941754685573074,-0.8439769664914802,-2.3602643615648033,0.8195694560756286,1.1495924497654369e-05,1.2083052212648762,-0.05409732759858738,0.6120728177917812,0.6743374610790867,-0.8473249773647769,0.5624591242688858,-0.3259076590938398,1.8488758903192464,0.09435407413123124,-0.37061553982198914,-2.4021671898357453,0.015713042009111125
647,0.40841749005763817,-3.0241341726807747,0.323580884110832,0.929363427517504,-0.9342946897403775,-0.4886182026806213,0.3040031845993678,0.14990166170644761,0.24808140425999264,-0.5206777840045322,0.9761694946753522,0.7172530357705716,-0.8544793025817149,1.0761864647977772,-0.0968355757388919,-0.4944241144327151,0.49568209097698057,-1.0527626048261025,1.077358144003031,-0.6426706519887819,-0.12433201101122326
648,-2.077799864856363,0.23922637154331283,-1.6969042030298207,-2.241680543622576,-0.9016681098735381,-0.7674021280683004,-0.7455975432006531,-0.20858374983086375,1.8864884987172097,-0.6998413261909221,0.600189734620742,-1.3566781422198158,-0.7312129816128357,-1.4490535772337056,0.7447559699079594,0.46887559479419105,0.5132575019156455,-1.9577786356761768,0.5383036297825164,-0.6717668859665441,0.2519382877746493
649,-1.9632696156491456,-1.5979625011318896,0.0849288890177308,0.7073206034919192,1.3369626299599922,-1.0117038942766323,1.1185746430651478,0.19191569856865895,-0.13048583958838095,-1.4416645960820687,1.2071622521038314,-1.5930244867933223,1.854780142301639,-0.7356190092457308,-0.3072082293168274,-0.683749937499903,0.3544315987050778,0.7570239904999728,0.5621903570251284,-0.8079383267987883,-0.22500546770121607
650,1.3122686504708547,-0.40242692836525573,0.5196648376239744,-1.143857187335452,0.7418613188258419,-0.38855118657814336,-0.2696418033692847,-0.031293069156117924,-1.4655262515035925,-1.1365135583179329,-0.5163032461900219,-0.7487549895940867,-0.42346702237131384,0.24108734084862798,1.0988681897428016,1.5834824393880738,-0.04353425235830622,-0.6786834191979004,0.2636186246934641,-1.3158440433170224,0.39300823832735027
651,-1.683829583955029,-1.4972897800165739,-0.4193367850649111,1.1200491019802463,0.10426971181656028,-0.2925819164442458,-0.6223848293766477,-0.681797705958813,0.6597829265754384,-0.6547425696537941,1.6405103070521512,-0.1785166925691122,-1.0254334648713692,-0.22666427615777743,0.24517393268255006,-1.1412715165216214,0.028761296113715862,-1.2012601705886765,-1.6381106520513447,0.48709191826316345,-0.26484523332241394
652,-1.6463295375898,-0.9776954088069425,0.18516282350221064,-0.5058773994962802,2.2099604058070335,0.4598319886612496,-0.5575179633454985,0.19163182133446224,0.03231066251089862,0.10454295759076183,-0.7560049933520626,-1.2755625337636334,-1.5884105549968666,-0.4765385663532271,0.5810735067204307,1.035077162156928,0.45610125913983673,-1.1718060120164457,0.11494826481205012,0.3519417405550319,-0.1700588630701536
653,0.7778631604269063,1.039021448769512,-1.0364360043853795,-0.5611222947260072,-0.1465174432336293,1.9764845151390034,0.985088212862025,0.4875965895181176,0.6256702975820144,-0.20686081847842608,-0.06828732255365914,-0.021299591822375532,0.07931072644552413,-0.7096138540512376,0.6084069133141884,-0.9787231909133259,0.4716353476143892,2.2815863750519134,0.5284403001941764,1.9380129920650206,-0.2370672194557049
654,-1.307345837149384,-1.2823187956087885,-1.9213591912190526,0.41666351466608426,0.5590326878595983,1.6163625728031805,-0.21234671119998294,0.5145024467928064,-0.3284964701863805,0.6156542974175025,0.4717922010678926,-0.37566189324589466,-1.222860274874596,0.9500059250587471,1.0774021967485172,0.49640285762960273,-0.24321858289363749,0.7546507787769924,1.0579464399273553,-0.7835007347678516,0.22450091760922009
655,1.211828357609176,-0.5712738542857986,-2.1405626984503323,0.9271745063948653,-1.7552696339713665,0.39928477337986734,-0.7815390378109764,-1.0333135759038072,-0.703055006143581,-1.7901996511955778,1.4977245444899907,-0.6264966946626017,0.7232065026767469,-1.0843924665177607,1.1257314266438554,0.21160335283782078,-0.06231046550243935,0.6102636237679923,-0.4432341760714628,-0.12994230343249077,0.05814184129195983
656,2.0659911953045977,1.9177367602536548,0.514051134236807,-1.319427628252951,-0.18926074063131007,-0.32640972059727225,-0.6146924420859772,-0.4212675199306106,0.21594591765318794,-0.07446993344757961,-0.9544890110285713,-0.26945941743932245,-0.1466850480616698,-0.6581021858627851,-0.9451161442875285,0.5206479751152596,0.1955896198370922,-2.0598531317624422,-0.08541610196170416,2.0420737484600475,-0.1456555518668849
657,-1.2310768240273189,-1.74763973249598,0.7154564764248511,1.1405364464109427,-0.8889323137904436,-0.9244027861070624,0.8442276225813541,0.29451327019035684,-2.17305288787107,0.69618252340931,-0.6974432823494199,-0.6969626925418019,-0.2815144628576246,0.6943350150408122,-0.21278879552763902,0.22435662959391914,-0.40896875698484586,1.6041602303646982,0.7678054466326623,-1.0473168215303328,-0.025962301151600486
658,-0.6174811274361394,-2.9800691868334264,-1.9047957891031784,-0.007146069313098991,-0.20837635342075858,-0.9593470117899742,0.2766411765202289,0.5902060921493115,-0.7223321111042758,-1.7377621075645315,-0.3721875221421991,1.0576666979027878,-0.7317051778685121,-0.24180751347747986,-1.5095723324180201,-0.2753274338490229,0.24196723238097548,0.28390160914999196,-0.7594417351295767,-1.235716706194394,0.32088200058361166
659,0.8905835042233898,-0.1681020651441886,-0.13075860314687326,-0.12200751039144223,-0.7580422582876747,1.3016026563296728,-0.09251950213704926,1.9091949734232783,0.8024519546711285,-1.0323150094930957,-0.16519512532980088,1.9961329147909652,-0.8252597102072566,-0.44594937984594013,0.08150930373239634,-0.5399318384511689,0.9652403157875858,1.5694568804253053,-0.43899207328203194,0.4708339984637118,0.04354060667076239
660,1.8196417421529862,1.0118291425485768,-2.2168460390203477,-0.11123818355193807,-0.2802110190652723,-1.2377447070401735,0.5813677323281933,0.9590035877224667,0.3919605174001218,1.4937456649456673,0.20376890504968662,-0.47138169525471396,0.7600092529854232,2.1859547325313446,0.17981933384416515,0.8479824278651661,0.7144286872311623,0.05797168256579286,2.090998642020565,0.0017452269063799345,0.22207044138851675
661,-1.096273773640492,-0.7260384141719908,-0.3886213756727135,-0.5563740440535243,0.2715490281689245,-0.5122860822552089,-0.9573674867540656,1.5988802385567071,0.627102597811795,0.04288724727302864,-1.012683336483864,0.9577523189183488,-0.9028061867695556,-1.2552201812263084,-0.513350863824126,1.325900421424143,0.887158919786954,-1.481917155432344,-0.2013594488369911,0.9661262723296261,-0.08922292996620275
662,0.9451481521415981,-0.8319937197465511,-1.3348513930211958,1.6650926979531844,0.18419740393905354,-0.8708992832573598,-1.6931024326579844,-0.2049873692503174,0.7569696211928877,-0.5522282364371536,0.7804994704071684,-0.41320390072217295,0.32221600632091585,0.14535109333645166,0.5168638425674713,0.6634504035698863,1.20135173939067,-0.5616637647034681,1.7393485197565806,0.15099175348876792,0.08009358235364467
663,1.1216045182887477,0.16337997821664585,-1.2948102090255305,-1.5341793362984761,-1.942931762361148,0.5677271041917363,0.028405829246677422,1.0053036378504827,-0.3090392264678732,-0.215536237692262,-0.1873815274082925,-2.073640433169481,2.3573574679832277,0.21621122627992814,-0.1518677366737206,0.8106021511641388,0.43611354707925687,0.2035486805140625,-0.33072049125052566,-0.38765352297240707,-0.07711348259678455
664,-2.192291957731354,0.021068691599370033,-0.26067251509162265,-1.7079399222867953,0.4164919669284954,-0.6729973712703078,0.6970273559713557,-0.7301854289337831,-1.518152181172081,0.8194656119916002,-0.7612323735366096,-0.7160285911084276,1.2259668570267523,-1.0525710051995616,0.4783794173322764,0.5811282124651284,-1.6053639902511998,0.3917615358320373,1.4610007145505775,-0.3905953484275306,0.08641778131935027
665,1.8481006960661996,-0.860937637805019,0.16892847559893745,-0.20447750078299612,0.14002766682615542,1.6203881551735222,-1.2768521385632152,0.5290505834641621,-0.10934087349015842,-0.8087125555048714,-0.22786246421332662,-0.3563255521859936,0.0948233734760048,-0.6732462291864452,-1.033462835975463,-0.8062372674375355,0.7510810795752202,0.684427066532213,-0.6008862383747615,-0.25463952341456403,-0.04553727358519627
666,-0.7269053898314147,-0.3190295897610896,-0.2760394905021954,-0.1642924628907525,-0.20282629430006036,-0.24212797385572793,0.20001853295130567,-1.25734945937591,1.496180194482202,1.0816565039118804,1.109520690187781,0.11484186686057071,0.03315662559347395,2.010654129463834,0.8756385478186616,1.3919395624718855,-0.03533539480136996,0.521021479877744,1.476772951308708,1.1433120483724868,0.26479444652977835
667,0.6076493144722902,-0.9815174169746139,-0.2983499697134278,0.15481228734458027,0.5605126883054669,-0.7083657920926387,0.04894024043522098,-2.444507175507409,1.4091264978741342,-0.34793368677465764,-1.4593497116412366,0.1276558434076963,-0.11754221852207192,0.7032621657023761,0.16390185483126163,-1.2834277800395755,1.3066104002220569,0.19865163303068264,-1.41799547111958,-0.5114241676919427,0.06982512246142322
668,2.5275279402622837,-0.2596180133611111,-0.6965194823771607,-0.8034145186224336,0.9477089888916045,-1.1924980198948973,-1.4176600418620715,-1.1870530748801398,-0.018357926492022163,0.5311070043790234,-0.9758966454625018,-1.4954204823386334,0.43919299298211045,-1.005079348870735,1.5312844884101393,-0.6735123336988346,1.5725131848758578,-1.0712875221320257,-1.015661222810609,0.5191227407052332,-0.2259277775439813
669,-1.5974771647360706,0.04751769141120405,1.2809987883885443,0.5140505467075575,0.27020220446467147,-0.24834919619503865,-1.7284521668987431,-1.4662764262959966,-0.6144519229375578,0.0050970444765653005,0.24106047328557795,0.9745259737131782,-1.7017836677219818,0.0411589087043059,-1.0637583909981903,-1.357508956220424,0.05854967489727339,-0.4586049892077102,-0.2420138670008766,-1.1757860644497562,-0.16926234794951386
670,1.5785308839190222,1.9863695684781286,-1.2209285112072013,-0.2057498948507591,-0.1532084750738838,-0.2888681241309585,-0.9247487684516167,1.2000357253094471,1.2810723865822575,-0.40235455997116093,0.13538815253496791,-1.9407283893430154,-0.6564609844869995,-1.7906666510002243,1.5587150457520724,-0.2929731392378176,-0.6302959266081315,-0.9315910494296495,-0.8240828368033485,0.8004458340332348,-0.09347323014235566
671,0.061922554070209496,0.580469213649726,-0.2630177505283185,0.33869509022658945,0.30742423245575484,-2.2189170118780095,0.06251753029761589,0.9902527569632144,-0.6279214209253903,0.5749733122812462,2.0203509109420725,-1.0741652400172677,-1.3599831154951285,-0.5077025880921493,0.9917976568430779,0.4623970167617116,-0.5167301791796097,-0.7941272398688476,-0.9251706377226742,0.589659247127898,-0.002825213031310976
672,0.5841867624905124,0.5761692930928227,0.44719480376759607,-1.4537865376113923,-0.062221277663066676,-1.3033668224027726,2.385306246991309,1.348209518611258,-1.02492874121756,0.19121804921896113,-1.7251907381533589,1.3651449354617256,-0.12413943303603481,-0.8842579938862346,-0.48633863117215703,0.2099155972557618,-0.714075681755599,1.0330837147530056,1.5415290981291034,0.37427932106968437,0.17311482394952654
673,0.9021557420540892,-0.479486431606268,0.28594279951978685,1.3937872431347693,1.1395469028870708,-0.24159614142953365,-0.09823504937828677,-0.3781136456690593,-0.20359243853349643,-1.707637194464857,-0.5059796717593634,0.1505452783662477,-0.5175285465132227,-1.8846017727047302,-0.9598423799220532,-0.633099204527653,1.5153804679067628,1.420150364501184,-0.2834275673965442,-0.4218851823935391,0.1396698253392361
674,2.1415169605949207,-0.37408169908862193,-0.8072098405678809,0.06741127985351549,0.62173725777275,-0.3798504088768966,-0.16679141850319948,0.9265820004335504,-0.8383010511630232,0.12137166473059754,0.11910754417931761,1.413625426930533,-0.42753047804245253,0.7843821203062562,0.5736566239024657,-1.8860970267250026,-1.754386869542504,1.3371713070223452,-0.6010931794483786,1.4854292409835317,-0.013044061834054639
675,1.278785224813826,2.662511817527701,0.7439240538459162,-1.18194076293309,-0.3554982329005129,0.3336230782711141,-0.0842045007777259,0.9080369377207183,-0.9105686922418385,-0.5023182776387617,0.6850105958541811,0.8390715668230357,1.0970498349040592,-0.16428915365212787,-0.40451032444195145,0.5383737311831507,1.7369665663958704,-0.9616701358480605,-0.020185646442725826,-1.1408746030117498,0.29718406255217256
676,0.801934971413733,0.8912010724198965,0.5792659294965586,-0.33346858445587607,-0.15413436019555518,-0.09475772142015973,-0.8056030195632918,0.32411340501190516,-1.3691824195724362,0.06568009005845807,1.9416747655555309,-1.6272523730834147,-0.5028371154229735,-2.545828328832276,-0.822072528479679,0.6008296719396422,-0.16226358872299382,1.3989073723600833,-0.030506070891850614,-0.15542960260651503,-0.2861494031556321
677,-0.026596659446717474,-0.11995135799997866,-0.058072900956976224,-2.016271455283259,-0.2718939843970407,0.5870303048617591,-0.044630672632323155,-0.45579543061395505,0.03466139793620456,-1.4978143864102926,0.43019571753374675,0.36082889730717355,-0.33406814658485057,1.1014929601987058,-0.19544186517719825,-1.4704617619141453,1.136611182289475,1.2219124753672486,-0.5238283536050128,0.5952521895443462,-0.0892585363590456
678,-0.9900544510212812,1.0389209608966083,0.5257863160348483,1.0657758740185064,-0.8930541198863866,1.2934343515597915,0.47333185327788596,0.33279522875444756,-0.6141837983917036,-0.21539165858893627,-0.7042577969154985,-1.8060367597025897,-0.3382846734312027,0.8623579248529438,0.7783741896916015,0.1394333806405952,0.5901619388479581,-2.1283655789770366,-1.9685943094892462,1.2893320396883585,-0.19108788722815057
679,-1.3595662856085944,-0.5684719677387337,0.4324644783966108,-0.12150064898220102,0.906594173638786,2.280040261064444,-1.258803101399984,0.357431844266585,-1.2868458580223607,-0.3071841852770676,0.9737471251767739,-0.04162352028568347,-0.5567698453478273,2.3850707025225204,-0.926388578691978,-0.11724205814263339,0.6124881511988393,-0.8264719836994743,1.485768454783605,-0.7374050342749517,-0.11077744518421494
680,-2.1056419508529935,-0.034052849839374254,0.17173784938252662,0.6083327313752042,-1.0575316703314652,1.0509016981773889,-0.6395291966996611,0.5688759642350236,0.4526365840735875,-0.12997638327433292,-0.749623310660706,0.6835426164966276,-1.4089976555717838,-1.842466041396996,1.5376860100241172,0.25311480677167514,0.8623636345556314,-0.6139151263078688,-0.09149055684295677,-0.9078621619336289,0.18510246871400232
681,-1.7394211674447373,1.6000646760056978,-0.7814846036368868,0.22881078488738285,1.2817970271800072,0.8220938765508962,1.8335095477202914,0.07824486230116674,0.9117230814322314,0.4812962119239921,0.07695686519213947,-1.1707512007837664,1.209843543141138,0.5008965870520419,0.5387332287076715,0.18162348318621696,-1.1447433014009316,0.29165971697429977,0.09063278953006039,-0.9644621548155912,-0.06561547091437243
682,-2.411851653909283,0.8920890714247656,0.4139756189801372,0.7459655800130794,1.8748787963794764,1.965341873029207,-1.5249605880058306,-1.3385300317296651,-0.7868928497481442,-0.057138971313077665,-0.23166108933304058,-0.21484868341907598,1.405355817033388,-0.5060786862939203,-0.6825437183540024,1.316454870435775,-1.8899722419550893,0.6909441850210539,1.4647684378489294,0.7710556241027005,0.14036625500877445
683,0.8799173514846681,0.17980830599112851,-2.90351224328326,1.7993184598847896,-0.6474367175265308,0.30512348931725186,-0.5518696049945241,1.14499635402274,0.9231565310563848,0.6636566453308328,0.47141467731094,0.48686440320473484,0.3181503237494229,-0.04614116118419214,-2.0822510037733113,-1.1150583913345786,0.40142778291911363,0.6511712814555042,0.3576973914154984,-0.9187618242830605,-0.2823202407398888
684,1.5141202896956896,0.4139786584808587,0.3501505327300928,2.7610144506403675,-1.0953290542777119,-0.06472806427827625,-1.3146181235846712,0.28542063732827594,0.8794660676241602,-1.0596878197578778,-0.8527911204548435,-0.4158420452953233,-0.891110225358684,-0.7091525703150304,-1.6202425208292983,1.068521836904577,-0.9379386613227959,1.312376116700379,0.8155835594767233,0.5649762645496859,-0.2280645480066161
685,-0.258105653865159,1.550391992045839,-1.0391778907202727,-0.6816588310521454,-0.718990232361148,0.27491262540551525,-0.3424304401663181,-1.688625314794538,1.6140926858715205,-1.894386476111734,0.01120200247536345,-1.0078993315471012,1.9057071878354437,0.9569443115617173,-0.12773788892126783,0.2921718066804792,0.48922698490145927,-1.4466984191804484,-0.8594211210839735,-0.35888517646238827,0.08234285579719476
686,-2.327399929359944,0.261350249172456,-1.3327828198280223,-0.09826995664261451,-0.2814650855306675,-0.3201632552065565,-1.0305721454332395,0.6008627901061845,1.5951566487968931,-0.4954370715834208,0.3523456740331666,-1.711039118905684,0.35552128938062677,-1.4576115963446785,-0.9302802142582347,-0.6920816754628765,-0.994144496468679,1.01638528442084,0.8161285542603776,0.018339817721073712,0.164280532896526
687,2.4279534096659345,0.5918652347137278,0.9193611233989493,-1.1727725251640548,1.7440283040815414,-0.5141057766716958,1.456144826095301,-0.6644382390507825,1.0846908476101902,-0.30894117763814943,0.3796722845098321,0.7208818745850855,-0.9673813636993442,0.707852962599031,-0.4427883940811535,0.44183237514700374,-0.5500089242842499,-0.1363401719629278,-0.8275202230890787,-0.2463052791442679,-0.18811582827295759
688,-0.09835404967246254,-0.33771010314737837,-0.10544301977035449,-0.571175491936311,-1.2786499504016522,2.003325050927137,-1.1277517389057592,0.20193947248524544,-0.5447335698139374,0.6001471079640686,1.0544192565953971,0.5281776855457782,0.11867845198465814,0.4456449201565433,0.8387869057565719,1.3081711222625716,-0.018454875516283054,0.676146665456757,1.5292027734463474,-2.2670439381723466,-0.20023101887731856
689,2.1565083886054803,-2.755271289141351,-1.1548017256877248,-0.858234218658781,0.6819563675967037,-0.8384175996672909,1.47932579148176,0.5792925277226516,-0.9703141301282799,0.38263556347343175,-1.5325652590274543,0.10766926012398798,-1.3749774580099003,-0.10024234237048683,1.183504196061849,0.6647257368080146,-1.5920024029721316,0.5546644045538107,-1.3815295296111718,-0.5596206453025286,-0.15869966547517325
690,-0.8336350876021753,-0.28629910536266273,0.962603951176763,0.6766988537718286,1.2301327113432516,0.8567353814161203,0.4749558864428532,-1.3417362098448884,1.874440168603003,1.9518426555531458,-0.2506233161932692,0.7985298415607004,-2.0731144932202796,-0.15026737725026923,0.38918825687494857,0.27993469667849646,-0.9327219541306078,-0.6997298962389769,-0.2199824474689512,-2.3392916987747174,0.16905977313115336
691,2.457682871589295,-0.764365416708035,-0.1774171771284075,0.08933740820959188,1.3886882444766784,-0.6641126258581935,-0.3773859263949501,-1.2911022372118053,0.5278118290793624,-0.9551305081275654,0.06000357426388422,1.1642628534695134,0.11857365388388548,0.6737742908549247,-1.569257135325865,-1.0402827194656854,0.7592410526621443,0.8372392408540121,-1.3722126364523295,-0.1786475118175048,-0.26716653929534073
692,-2.478511804866364,1.4131835019874701,-0.5134448385972452,-0.5957461931136834,0.39359293435725645,1.5069218901564694,-1.2202430703646403,0.5087275728073744,0.2848936490593767,0.4772372740585221,-0.8392899064638729,1.0289894454604958,-1.5957799953612644,-1.1960684327901319,0.7148414613629779,0.259572234859636,-0.27001314315367553,0.23469221876400373,-0.31192314318625697,1.7482514245920444,0.0723545276170856
693,1.1551920340933783,1.071563855068623,-0.04474231036776762,0.8896003039476844,0.40882863808909764,1.1282355616847808,0.03936740977625637,-0.8502264420734926,-0.32136042104541,-2.2293969601136117,-1.2176009614935797,-2.4725872640122337,-0.7381840679026579,0.8491294638015183,0.17697016013987055,-0.025730110794202232,0.058804518337497676,0.9579981064256109,-0.9776798036540145,1.1027272246125832,-0.11861256470935683
694,1.46771058851565,0.2991760008733463,-2.2741393168573834,0.20416264629182748,-0.639783918350664,-0.3031521694340906,-0.2720307954479782,1.1952280646188795,-1.2697120219386162,1.38700930495431,0.6520437419374651,-0.3456554407421777,2.0645026467309626,-0.4175608302955187,0.22834690724746137,-1.7230953328756118,-1.0337063093957357,-0.08149822199065972,0.19548443611727456,-0.2384128692538768,-0.014952298957787727
695,-0.6780355188390101,0.1436283325491492,-0.21490768923751966,-1.1404397437800056,-0.26998452936911926,-2.057111033005173,-0.44517588795702256,-1.1388904930014137,-0.48883981782174685,0.08114798062029131,-2.4152274051247793,0.5498693471223075,0.08073229337851838,-0.9725331052625384,-0.03413671535822849,-1.2061899547802273,-0.8859024693237273,1.916378296506085,0.4771421089044856,-0.4858262106126735,0.28498219279115095
696,0.5678473094671836,-1.5656728524778167,2.5069976681509254,-0.25281191036989525,0.47476564411626637,-1.3689500340661445,0.528919041165517,0.6085681857538943,-0.7080459256856217,1.2872385725377864,1.0564734370384656,0.1615749133536559,-0.891145556279888,-1.566104048680867,0.8626321799135142,0.1735842784299039,0.34831843913393473,0.17100607418304029,-0.46023627524346106,-0.13269405315485336,0.3476153620840392
697,1.0796067552357909,0.7531623197421999,1.731861628993625,0.030117734159503286,-0.6126897498288526,-0.0005253883391242194,0.1381731392424021,-0.03535881848331881,0.4738177432448879,1.1810133856826304,-1.3342771381112464,-1.026618449298433,0.9329435436485584,0.032936736897842135,0.06924740501119032,-2.2657278473147078,0.24580577952083543,-0.2564951132400121,-1.8909592455943203,0.11010045398530208,-0.34936108755438644
698,0.16214757225297294,-0.5496340717318706,1.226646745137099,1.491380316703531,-0.995158677443359,0.4871282753271354,-0.18658311207065192,-1.525877882384654,1.8998882408601836,-0.13379736876364118,0.5180250095275793,-1.14173133629501,0.7587930131121065,-1.58052297098353,-1.7521443869558209,0.8282710047455129,-0.4994817263693024,-1.158179300263396,1.3921886367750718,1.324109328060435,-0.17780674035276192
699,0.6295064305986988,-1.2845132809413884,-0.5589334132623478,0.29204810731363723,-1.2770980415325555,-0.15719483922179328,0.30728529255019216,-0.4682486405038413,-0.3282228745901044,0.15998568862794996,0.7275269471048534,0.2953556787396094,-0.9277036155428503,0.9284895836391726,-0.47680744340619924,-0.022260029074888874,1.4117990620397702,-0.9517161953665614,0.9380975673173922,0.2344700813337758,-0.08393531568260845
700,2.5651527460152184,-0.6910093619197728,0.32695052196643376,1.1869148300777599,-0.17346948096037942,-0.8426959870570574,0.23635628010166576,-1.1780725901316003,-0.3354571998803215,-0.7138619797367272,-0.6145948684681859,0.7811750682842203,-0.05983398778163822,-1.0260444125866595,-1.079979751541817,-1.457921726474158,1.1804905607199463,-1.0018562218829303,1.181849297878258,0.32543179951279366,-0.3528423207694273
701,1.7447697851445514,-0.9556634577797983,-0.5955284952718312,0.12881575678149415,0.2864521019210688,-0.7637223927331808,-1.2289102873081332,-1.7155581970917895,0.16850612767079126,0.2876288062748479,0.8186291311537515,-1.7265145294485078,0.4767806694950713,0.5739020713341892,-0.6699100600418018,0.916181469279675,-0.746007950999887,-0.650402437717349,0.5715975093194555,1.104106210245252,-0.009235777368573384
702,-2.258163046797203,-1.8137977223250057,1.8206565820924832,-1.5718407906286667,-0.27585700556636955,0.860730385959313,-0.2914023877712437,-1.980305323057749,-1.0715073093279808,1.3520153529230075,0.24459860966005836,0.1590539776132945,-0.15705131717098764,0.9684953231905028,2.0999065552273684,-0.39031245619981336,-1.7983128253675702,-0.549756088104422,0.005499885557458232,0.7027768363456722,0.07129990295565432
703,-0.4043695248347347,-0.09864720884976842,2.949965610409681,-0.41597706510021665,-0.883372359196957,-0.7524077388427302,-1.0787236538575653,-0.8101045761406139,-1.0826684279194208,0.8060623079563023,0.40745357755149786,-0.2912106009858589,0.5401301006315997,1.5293541555209282,1.1720545125682322,-1.0642156810163685,-0.7975930762161443,0.21296625346905382,-0.2390752073996337,0.2158389632342093,0.18340799398469457
704,1.361938098201415,1.774556150168656,0.7908419752133571,0.07142084349970218,-0.5775948836143022,-1.1649335554694584,0.3561412680437719,-0.7472759956168097,-0.3883087193419105,-1.7330396209652426,1.8887899248993913,0.669643546976412,2.5420671570199254,1.3431983177031315,-0.2722676417238347,0.24079946976050762,-0.4001515039858116,1.223871340684103,1.1652627542214107,-0.14690445337700733,0.023259205194127115
705,-0.10205034021635086,-2.0090179595239093,-0.8524115025266925,0.6581967029159984,0.40276177838008304,0.6634863232099296,-0.2862243217296053,-0.3156976975061383,1.1117055197922374,-0.47860705518453733,-0.43072022909044805,0.5094274697463376,-0.46682347579044803,-0.21097831182037866,-0.47521668817785356,2.150778432076493,-0.6178633990907911,0.4335844353050686,-1.0094474836291143,-0.7017049086416093,0.1748763342978481
706,-2.2043195720528237,1.2747863553280177,-0.025512217005366662,-0.12467978718364395,0.7291052981409092,0.7217629474411765,-1.4310267846251994,0.6154951581413077,-1.2076377809524323,0.4667475150223272,-0.8236311939075672,-0.2224408436280627,0.4372864519174892,1.006647976508737,0.48828928905140445,0.7945314349893616,0.5317844186231211,0.09768256791828304,-0.8565248529780402,0.2194661857032566,-0.1792309325059449
707,-0.5671102906281662,0.20576303323623762,1.036546291479969,-1.7577680525213717,-1.3083274127797968,-0.5810149163167219,-1.3256348399395588,-1.077857716349371,0.13270990572132918,0.03290672537648378,0.16448859109480013,-1.8785788285411165,1.8668204688157428,-0.6738371594550665,-0.6488166068427315,0.5470065189941508,1.6020840520478445,-1.697010258785172,0.45614579989698734,0.7305348056539257,-0.2446476945918346
708,0.7189147755984363,-0.8618756499096664,0.40711890546551865,0.017107712698788198,0.014266028279892125,-1.1399015200518632,-1.3368817861438305,2.7738136006294463,0.6154191529673424,-0.6339247873618573,1.4029219335819052,-0.5116663752546126,0.9615722829694259,0.019049594579200857,0.5158250199187278,0.16646397885836248,0.0258520365942132,-1.1750801797773673,0.7696623827168484,-0.06128903341767385,-0.19130894207344282
709,-0.9159940923975114,-0.35677860021780344,-1.132191508950859,0.1806042270384859,-0.3351614010825666,0.8708147813338031,0.04185898661794861,-0.2520019223400833,1.6551860534032743,-1.2911547559687602,0.8663611635326309,-0.7084111051961605,-0.12977775516107962,1.2031239172352626,-0.06942519259090339,0.03912241258185228,-0.19632808921066944,-1.2164526542698704,-2.044446348459454,0.8257927048344655,0.2049160263560112
710,-2.4103681955032163,1.3007256245980818,-0.40705413480355257,0.9864770391681942,-0.9456682472764039,1.430860586069927,-0.3423507815926265,0.8575255256676221,0.0985879391819848,-0.13173257782860226,0.13548228881194438,-2.3616463290320056,0.48741689949796035,1.1132646880390324,-0.5707078967942305,1.7505704818908823,0.14972038225797296,0.7192180817289142,0.35644457994378614,1.1735460670792972,-0.003525802684262149
711,-1.181767804500138,-0.2873041915639684,-2.5609849500859148,-0.21396386067967918,-0.18361037359414997,-1.8516347698630213,-0.9839556330226799,0.5856062310730923,-0.42533117785064944,0.21927418520206018,0.7052836925347842,-0.3022102524222167,-1.1763611532938187,0.9209763815473208,0.10205995138365997,-0.6712569522428564,-2.145926131539182,-0.465127441236595,0.7109565784550708,0.871011699175325,-0.14903892964499216
712,0.20299728580614554,-0.7980599267079281,1.3375367185680989,0.03640416813208354,0.7777512163626695,0.2896630751184756,1.0904383049928685,0.404548274532627,1.7987958344872985,0.5222703546080228,-0.8277087730423061,-0.8030740199385409,0.008407593243701656,-0.28297746993079254,-0.8125175885945838,1.4129462053766328,0.43497137259300195,1.0129707567908686,-0.8892353000446512,0.7005175252893538,-0.05407153705331184
713,-1.5103695035177849,0.17388312353140845,0.6661245585762642,0.7288007856359681,0.2855081755145917,1.2735684031027343,-1.761315964204274,-0.8554188824169366,-0.7106700448091571,-0.16781843170804348,0.17313063833703565,-0.5302825840468842,0.06627788405086456,0.9929719942661089,0.6612262691704328,0.9828073563940862,1.0050576592365135,-0.48045376945732227,0.8302265578729072,-0.4639505459713814,0.22037079364069906
714,0.6302052712125974,-0.5897564859317375,-0.88656669503823,-0.7087644523115404,-0.20153629931223085,0.4258417048913507,-1.455928413833053,-0.10903341962403953,-0.4319534912464878,-0.0004128793650562425,-0.8491896908051522,1.5796889714993716,-0.4747861929058912,-0.16344113514548178,0.8091952225742208,-1.0221080069203214,0.9369191255073702,0.3571000204345065,0.07591997938183855,1.1847301211654275,-0.027048735072553075
715,-2.155450389760961,1.1252585222170757,-1.1687317342218937,-1.9117161051943552,0.5686818669106396,0.17360539085323884,-0.6239666075130292,-0.2929828986635036,0.07769794299044518,0.17292905999218322,-0.9929508334458272,0.4899337832691828,-2.2014237577984854,0.4726470721155746,-0.36948682327930527,0.9900917242314472,-1.814915882114743,0.832363106771486,-0.21096408953152204,-0.5706099188110834,0.07176013728873433
716,-0.2800612136945489,1.6533318522594542,0.32043391818598327,0.9274453434047528,0.6443882470269712,-0.16063894212860608,1.4287160877433982,-0.8840365635800868,0.2644882721571421,-1.3501150189003917,0.9692483319386147,-0.3806717021554114,0.48675962907961423,0.9869786296191033,1.7498732787166484,1.136095663045084,0.09233078796822576,0.7865309844593855,-0.9812559873698613,0.17680725270760403,0.22966003368221102
717,-1.2187860020851005,-1.0708761286791821,0.013178422958492898,0.24468477249821882,-0.6315568436155432,-0.37436925218998846,1.5112833894071656,0.5903491732685088,-0.5697376736350385,-0.13624886673343087,-0.4338622600719079,-1.5533914569296685,0.1121859835269486,-2.4572959403787444,-1.2744596047955117,1.0182971897559339,1.7746234838416823,1.5908296535087358,-1.296556610444637,0.18514090030422076,-0.20181682367349285
718,-1.067256643996241,2.921998589977187,-0.2119106150728065,0.2700651397429015,-0.07386212880610846,1.9540926681271726,-1.2867983651241912,0.10840914082704146,-1.5294736775686688,-0.4219616635300794,0.7955508874044572,1.120111083917259,0.25241548707809636,-1.8727549522844098,0.9727269297683526,-0.7820716924627437,-0.38448524218758323,-0.6208704765863617,-0.25826189031494257,0.3736233841041817,-0.10905848993470448
719,1.8405300645126188,-0.06187365838210198,0.11159170944173682,0.5123548222465234,0.11205969198060647,-0.6128902197788215,0.6705220398981967,1.6713435789450968,-0.7824442386287821,2.7355881011427337,-0.8024074772462568,0.40882174308381547,1.10153789924065,-0.8804067218313051,-0.3765662534320789,-0.5388878470442964,-0.7136318342675428,-0.3910415741841147,1.4727197434413326,0.10603078799485655,-0.2847495031497933
720,-0.7435835465116892,-1.4491668111910607,-0.7469736644274252,0.8052845097549219,-0.6647357917055782,-0.7861485411401384,-0.4633916995759366,0.6371855928168885,0.7733700772137045,-0.22060428718329922,1.9441734019463335,-0.6426417648144701,-0.8079353114258245,0.49686039931440595,-0.18292252511443513,0.7816297175656499,0.3527310786989598,-0.6492256497284895,0.8121990849284714,0.34663483118238814,0.06637192158144804
721,-2.140432481290927,0.6565067832332805,0.8717622436996153,0.054335800512718205,0.4296086805044131,-0.16167145990595067,1.3048552476886381,0.3326950729557284,-0.6366449108581175,0.08508522984241797,-0.34156470092244823,-0.337220960740877,0.6544261217199872,0.6308729034205421,1.7428316634308703,0.8368919861531499,0.18269133205412014,-2.0414087842171615,-2.0950303387650213,-0.7132468766886906,-0.04266825251070981
722,-1.5372967869962557,1.6489967106405352,1.7069799435405761,0.03525963395507085,-0.5394893111129304,1.5994149869661312,0.05719186149411385,0.7411789524864357,-0.028117353864700625,0.5561044077345099,-0.20701320463527123,-0.3567121418575124,-2.297432887699829,0.3568344765355301,-0.09547494074302999,-0.41365238417715683,0.9359994065868024,-0.3109904247919268,-1.02888437220374,0.4982812303077809,-0.00725973854244192
723,1.478111254509106,1.609055258255357,-0.9285016681896041,-0.4388226658479609,0.8727257043776332,-0.2995522790898592,0.23169930769175628,-0.04850556259645454,-0.6399671094987168,-0.2117416395227366,0.17167812655756526,-0.36065261161494155,1.6001462786803433,1.1654969711951337,-1.0261499509581635,2.2799438039246773,0.45472997121849346,0.03191443361842264,0.7414063109573693,-1.3225943071597077,0.3096457603771521
724,-1.2122780823381218,-0.8804825388366089,0.5183206316626443,-2.2069009163982196,-0.15304491511837304,0.6665162241192676,-0.8108923233347419,-0.15900676918985543,2.329250652764914,-0.2748409399742944,-0.3350155996119903,0.9095910065792693,1.0659253761562384,0.1961231196988302,1.6605555190506016,0.6461778239376128,-1.481889605245744,-0.29932700312231386,-0.8828490890922887,0.4540215353885085,-0.00929396490327376
725,-0.8842921251320595,-0.13036347216283667,-0.2679018956089755,0.5463125904718692,0.2485250837778506,-0.402792528355571,-1.0350518330996048,-0.6259088862257521,1.9732367073056472,0.4154779594989323,1.3112902388846657,-0.5951922075490873,0.5701353765304529,1.447127752231556,0.6944352522665937,1.5008627984962255,0.18487534073820167,-0.508437744440767,0.7790143359601499,0.8639614383487978,0.25200420496825243
726,0.11722055981200863,0.7278771055201995,-1.2012182491238887,1.8623039563735213,0.5688787283066618,0.41573028225766107,-1.1987762514905758,-0.06653617917190559,-0.3492647187224365,1.0073510816987399,-0.12098825090306949,-0.7165232471066652,-0.23692721621447368,-1.5232798984768252,0.015607559886578757,-0.8606032468336944,1.023754148133298,-0.5882332636224534,1.3127424096844869,-1.7388024018908004,0.2758171849208919
727,0.49689587198814095,-1.7165498168031663,0.7673389277251376,1.67085827520535,1.307208108071882,0.36888160687293464,0.45336891073505536,0.24014753374033004,0.36495511007436243,-0.3241352827870093,-0.24629603276018858,-0.779781517015754,1.761597174769673,0.918922081494629,0.07646353363544087,-0.6086535366343434,-2.0143437202215715,0.48542490694866103,0.9371252627108765,-2.1809577439035737,0.1419167003104185
728,1.7994862077711404,1.5465277269065758,-0.8049745525071765,-0.6558390130009996,0.7900638162960123,0.13071110220356238,-0.4118612412454434,0.6825987170363982,-2.085131002591503,1.3317182653760768,-0.48990252128249623,-0.40569274739390926,-0.2403185481076588,1.3068921838443246,-1.1098576500258701,0.7006680899477928,0.9214071009273873,-1.190298554936706,0.27816263767316235,0.6182382602912846,0.21769919770276475
729,0.8096525976857719,1.8807310750791175,0.024828110967319284,1.1674898218985055,-0.49389237598621444,-0.8496286594992953,-0.06715543654863584,0.7705840515930482,-1.7880130451811664,-0.43474494666256025,0.8380117274135458,1.334848670704988,-0.6819884863597275,0.5332735524229325,1.7293746634370586,1.0723693940959027,-0.15015181956654688,-1.2424946051602965,0.2633098775763197,-1.1298856359067575,-0.06913558907670912
730,-2.1953402151224313,-1.2086008722611874,1.1769848506874667,-0.9347867414172755,0.8179022074268317,-1.0401802631445758,2.310421248158807,0.16073467592275698,-0.1998797418777956,1.19213125204289,0.21040361428079077,1.0374777592685962,0.35756940410709726,-0.5194136905982542,0.8313309975230724,-0.9631308204969888,-0.08317848845428918,-1.4456708792894004,0.3992262440358581,1.5736272526538095,0.0025607000083212096
731,-0.19788889476420995,-0.3800324638220477,0.14050461298707298,2.3729017674423116,-0.8776157805602122,-0.3007067018325159,-0.09775978800815524,-0.4598046568898205,1.584772389868486,-1.2571081248626237,0.7632422856123358,0.08360214520483822,-0.35967865793789244,0.7492711177094046,-0.912368754270401,0.23050818533669665,-0.8140350290934445,-0.4739353878730772,-0.5870797910535234,0.19723901017284012,-0.23356022034667187
732,0.41371144224947337,-1.512332943510425,-1.3160326754169815,-0.9685307358789668,-0.11498564792522659,-1.0935849825893407,0.7853944981030425,1.6870718802535316,-1.2969875766478187,-0.7330651174836985,1.0342139178017977,1.7181730341810446,0.9410985480087593,-0.6260016749292951,-0.5679850738754371,1.2673087891306074,-1.6294399738030345,0.4685312350328461,-0.019368375230909167,1.2784689553924538,-0.09111105443470888
733,0.7818144406024602,1.5754692413265992,-0.6762585575702552,0.053225908274203655,-0.43301374105255547,-0.4032777017685729,1.247713489203955,0.9722254382769263,1.5945979678183815,0.7757120731866454,-0.31991748217244553,-0.9268806128812226,-1.7252145993918788,0.29744787712973964,1.0979743531439639,-0.08184071018533655,-0.0016883840299705233,0.7846472541515906,0.4128907256329699,0.5573805846173132,0.26686904784275894
734,0.9335468883386966,0.4350601199615394,-0.25255288077658916,-2.4666685028979844,1.2526009724495093,0.007460965931424975,0.5924219774293317,0.3458709881694564,-2.354443171387979,-1.4319002146196895,0.9808233176106289,-0.9030646212378072,0.5372009246185033,-0.09343988538229418,-1.4664091180834937,0.0741210905503774,-0.03213638434202044,0.5033427261221323,0.5624911713674268,0.8309413150799869,0.3847076001753902
735,-1.991841098598192,1.794676674439308,2.2332991078693167,0.28260298897018127,-1.035834377267468,-0.006989439783017789,0.03142897301641193,-1.1870692213972571,-0.6106538505221025,-1.6889631353757137,1.0853593433449842,-1.0543824213125903,0.18594583742129647,-0.24908762332814327,0.5509101208544305,-2.091865730173723,0.02671963874351524,0.19488647561222758,-0.09312085447400181,0.7517594054645272,-0.07287616873663148
736,2.606223144066217,0.5067799760927175,0.44148399217375944,-0.08910895715972743,0.35254995467785327,2.2523858073528404,1.8691415368205377,0.2241022001544769,-1.1465775657840183,-0.3982189860163469,1.1895950359233385,0.49466328977360924,0.5260626872939954,-2.4109470788338045,0.05551731576843223,-0.7860450103077312,-0.43724232236545035,1.986344031135965,0.27946624576346274,0.6515212645818419,-0.35211102412718337
737,-1.2012807568688983,1.0868217120440304,-1.1857710558789805,-2.0864225047773846,0.47869278876419463,-0.35306229039460446,-1.5033047260993284,-0.7501671237476427,3.1046006132279627,-0.8085098429873996,1.1926341531316063,-0.06113922568497294,-0.6136617580588829,-0.46750205083125757,0.6447216517513917,0.2640137323496494,1.441682628941343,0.14258599613835776,-0.21613076038958026,0.3057360080117157,-0.07247324387458431
738,-1.1449678346977894,-0.3026987790583664,0.2611617394644037,0.7380309860929299,-1.7304262499466772,-0.5028169001814008,-1.509498011431565,-0.7724798357520379,0.7902507088605211,-0.35988239077290163,0.8936201905953405,-0.9236499019839218,-1.0021963840339785,-1.317356439670135,0.4316428797840516,0.4696054205448353,-1.7132429952558197,-0.5257388506453476,-1.1418323137449051,-1.0752892006904982,-0.13357458736325012
739,1.9780394398635603,-0.9858014878699143,-1.7220015890242086,0.22675455296305377,0.5347756046334827,0.4511752419812266,0.9757400879316743,-0.14480868347691242,0.8732604970482205,-0.10784187450451667,-1.3963682656372924,-0.1579776987122911,-0.6125272631633876,-0.35847500654068437,1.0594172803988884,0.24346604725073934,-1.0049725752711574,0.8031929294244756,0.08470767460588081,1.0817711302485837,0.2776538893893614
740,1.5030728248953844,0.15726971825818217,0.705877123723619,0.4481776179643322,0.5961910099773792,1.4085399919033124,-0.4615394464890563,0.47437817354774237,-0.21431403898675241,-0.6619327471833175,-2.27661545733759,0.8992351732521906,-0.03342205038517266,-0.1868911303431059,-0.1673084779002313,0.21301497824440102,2.636203859479788,0.3278416198440435,0.1215388926939199,-0.6216636145160326,0.06536944844511475
741,1.1704459041666484,-0.405311295371599,-0.813366815911967,-0.08533229010469237,-0.23710573956948633,1.282795628496798,1.395146100110406,-0.4897886133406184,1.540954823565505,-1.2964865175261675,0.3287689686803424,-1.242525098598667,-0.7379243084831356,1.2337984790034007,-0.011402254075035194,0.7396804196031622,-0.8704179567324443,-0.6901524677530195,-0.0776334314621151,-0.380047163542647,-0.17659038345697703
742,1.5559434301130568,-1.2503673828285053,-1.2648984083624142,0.0028899263227296825,-1.7554921610112033,-1.0232518279554497,0.18369679440944728,0.9577952164467919,-1.1568526892912454,-0.10205885636387403,0.5087655447931528,-0.5949733343059315,-0.38553838347548475,-1.1176824409972208,0.18830555634793628,-0.6194266486137724,-0.3862534859273937,0.43021778277538403,0.6387679759411715,2.3888931181196655,0.4105141760394189
743,1.3165152986025492,-0.30551417417640897,-0.38933268703296736,1.1370157813279165,0.800848835279609,0.06084478824453998,0.8551628950737783,-0.23805066320132662,-0.3293143312501504,-1.7486103939587554,-0.14712003568201878,0.17076197908377497,-0.9519114105675306,1.8213109371204905,-1.8132942964570007,1.4309142329246796,-1.6162448802190548,1.1478714184728194,0.7468581064787931,0.4862778220736743,-0.1404816651643679
744,0.3957442255181836,0.6375281350762985,-0.039313510664292124,0.5075079493313033,-0.35216793758217924,1.2114753687454272,-0.8237060669082473,-0.010163805466805042,-1.7631557421375765,-0.5198790646959267,-2.262018243290653,0.8023397636749741,0.1699344227628246,-0.7517629086689384,-0.5956549738382706,-1.1879679588713228,-0.23909975681474815,-1.2524038023966282,-0.3873894223175727,0.4620989295014357,-0.1905638941875011
745,0.3166435308751514,-0.2636660142046689,-1.4141113254502073,-2.0757715691365988,-0.8963248856763039,-1.0677258605096285,-0.6282833453593002,0.1644712948454184,0.1888139988450786,-0.7965477094088543,-1.3302356440861733,-1.9917366840991502,-0.36410590498374173,0.256266523281994,0.8612791016215812,-0.8573252170411251,-0.01745064179066319,0.14580689133804997,0.13442516949721403,0.25887834785450564,0.11618306855551931
746,0.5365194349255864,-1.303152137371612,-0.3413782288168155,0.48403531153717294,0.35167683885578443,-1.0365961576688014,1.4999117028147195,1.2346996412316606,-0.9027566931646859,0.6958540866683939,0.7268635893505773,1.4662599147603712,0.20420909910489857,0.578414091614673,-1.5419653467685932,-0.18475502852772888,-0.6372215015048214,-0.3572245497609339,-0.9887600975658448,-0.933658900333815,0.22902196279482134
747,2.09404834272543,0.3491802898948697,-0.8053716571509761,0.5205260166027549,0.5000475981089972,1.108071097713247,0.2361484518945163,-1.643349321376905,-0.7869388208109777,1.160338457953801,0.7898424496972142,-0.8588612101258143,-0.940219275286492,1.9347886168425914,-0.8646058954320397,-0.4560897548466477,-0.7920788143498316,-0.8029161683423762,-0.4921708620538035,1.1552836231400523,-0.1994286069343696
748,1.6948429246794403,-0.3193539577620394,-0.4081127999398701,0.4318073833935329,-0.32978467601126177,0.6467884826106933,0.17367457950832155,0.5814462377584207,0.6765597792425866,2.628568750065872,-1.3951775810360174,-0.8014550178682657,-0.592511971065868,-1.7283541850306219,0.24602915239257664,0.1457456316055525,-0.14132451746411373,-0.13744395978566215,-0.16231519287058413,1.037682129274448,-0.11592524609850804
749,0.19465207385397268,-1.8959870087152328,1.699892912847385,-1.5033606195619296,-1.9544302231509618,-0.5731641416757324,0.10407757435439527,1.3154959883482962,0.21615212199931869,-1.6339311528502451,-0.22135044612228222,0.25663387396524456,-0.47735776477052316,0.2352161070787515,0.0672999977642521,0.29322883760216145,-0.12738020728680416,0.1503982627646915,-0.6466540940608163,-0.9641026808292943,-0.10430926575365028
750,-1.2965592166059647,0.11794078115464067,1.573354341589273,0.9790964155779885,-1.361882339243544,-0.8759011887357556,1.1619701269056946,-0.3269607663778415,-1.1011567809949883,1.134121954520403,-0.13005371907200752,1.4800148778876998,0.7044876647564865,0.6146657140537547,0.6152759867510923,0.03359089103391283,-2.0835233696982427,-0.10433782194796337,0.8489086770980286,0.8059698833526606,0.015357173391253441
751,0.25043711568218524,1.5567203518524215,1.4433115887938197,-0.5204482286757068,0.36979763656296055,1.1516342256929946,0.002165178639651548,0.7111271813767903,0.19745308171595677,0.9123416614575357,1.6559195369412265,1.149487391645645,-1.2869595021835056,1.457310608372229,1.1480633983059723,-2.135964286989317,0.020485456685638892,-0.2836001516272433,0.23656443857813592,-0.9504638447142179,-0.2265101015469964
752,1.7315585017628272,-0.03999441738560143,0.6335785746995305,0.21675530253794825,-0.414507839988853,-0.6347515904564554,-0.5851283950757211,-0.9272263466581904,0.7001015119609262,-0.21369355802561188,-2.9057178522674083,0.19848850535868887,-0.1861361597458203,-0.6664314985737035,0.5581558126684601,-0.2088453841784088,-0.6970950541504363,-0.014188476016073755,-0.489653933955021,-0.5096216842360057,-0.13061145427491686
753,0.8765331582030176,-0.37685252330858393,-1.2159074256992788,0.04637414488246347,-1.0807709946424555,0.8373981010659081,2.3887947423645386,0.695259513504202,-1.0740043883949608,-0.19173381901906816,-0.20597080805828993,-1.3760459596777634,-0.26900384448413855,-0.5620097076554867,-1.4856670545479158,0.14930649563448914,1.5437630441035166,-0.8485034391196965,-0.4345401822650699,-0.3855513446919891,0.21035585723039588
754,1.7994898734240525,0.7514265709157666,0.2808074518943035,0.7520132425962249,-0.19702239725746806,0.10603316602917029,-0.150193999019506,1.802224725988752,-1.9558721451537988,-0.1374649700324295,-0.6902951915512301,0.30958054238754695,-0.8804862808492705,0.3964294006105488,-1.4267883778103674,-0.4852158676715455,-1.3963116517841765,-1.0617120503998934,-0.14517334146378777,-0.014718024924590385,0.3339189919887133
755,1.3927353814517178,1.093332515695917,0.33309068607679515,-0.9980269929637747,0.3793188660733932,-0.31939932944715416,1.0700557715258217,-0.5399692746260076,0.43852145886651384,0.5368992738833578,-0.6840814916322903,-0.3787050355777458,1.2329656256153116,-1.373702483980671,0.5580210998839201,-0.5718225362066173,-1.0409280989082867,-0.3802768659105238,-0.5671709083401449,-1.9110477453386643,-0.3436067910203567
756,-0.06685188204354081,-0.1650274863005619,0.6722225557605841,1.8036559146251343,1.0832590001857239,2.236327056911468,0.1970016476813295,1.8446356427547392,-0.6673343388218268,0.6394984132221279,-0.2743561198193795,-0.8776930486478693,-0.6815939085784767,-1.4553618220514537,-1.146593569611279,1.5105791723388917,-0.02254918025243649,-0.37272338100138636,-0.061556510623163835,-0.8543384646504412,0.0009409327282432743
757,1.518581213125372,-1.7711798130539622,-0.38905986391816755,0.8110512503442031,-0.12691828510381442,1.4363575222719387,-0.03352105650810358,0.24059198592995967,1.7347487737170995,1.0954231653225566,-1.23123310651424,-0.4944184689251911,-1.1542939080126153,-0.354926849678812,1.6707639494302036,0.37280172197821254,0.11639194257185032,0.3759331565682986,0.7486268618711241,0.7566379243565143,0.43904574154000586
758,0.7281793121115164,0.03211094083184076,-0.23746689707041924,0.940554910392559,0.017689904452646617,-0.8939435409883286,0.40792015188389213,-1.0030644957246069,-0.4798094449047941,-0.6319766880720145,-0.553274231523198,0.7370374435198592,-0.5276005972864642,-0.3615255188412295,-0.790862884494743,1.3050792681149763,-2.5205629512371774,-1.0377473582714354,1.207461827242567,0.39042506010583905,0.40818125066105215
759,1.4016619046437273,-1.780941922598417,-0.332212054021314,-0.802146149744649,0.23448153460355634,1.8532220141753923,-0.8558638037351817,0.5634548264081928,0.025032224320072165,-1.1276398913166246,0.3959675995869694,-0.7453746940953987,-0.9697354934312988,0.18815566795233876,-0.3357910988525541,1.3885380622580086,-0.46440807131931816,-2.0699636645694595,-0.2790527176955985,0.7365035183695869,-0.3071377109354589
760,1.2876249346772308,-0.6923882685450761,0.39347106462458425,2.1119215703225325,-0.8062882011897549,-0.7325683661905914,0.023153072214840312,-0.9871943747588702,-0.06713341093888703,-0.3999044771062455,-0.8330177594632815,0.1512513013405548,0.9528281974914424,-1.1391690239831824,1.8136066916457687,-0.5097391279004597,-0.16435209524427064,-1.512886317504854,1.3114144651535058,-0.0687992168704592,-0.13779032338178512
761,0.14326966376247902,-0.04617749988923609,0.11816687056826355,-0.7417141114542997,0.3696400253389309,0.6400267710354339,0.18523430633749843,1.4181412124652784,1.2488161166971312,-0.11815230985490016,0.029991829171495416,0.46459444088314594,1.8976835163738448,0.4712190206663472,0.6012849341843656,0.45445505119816176,-0.5624485135786172,0.5331472829058633,-0.6793273447564571,0.3271153150784923,0.1152707144799914
762,-1.2000615394791339,-0.12330589301054573,-0.7165265085607889,0.35153871755306265,-0.36860497597550806,-1.321338028729077,1.9199399698344728,-0.7396895898026766,0.223178570012691,-0.06896949303121874,0.6014773802648536,0.32715849026766286,1.9978255893538799,0.22157467959656046,-1.2507032128525148,1.4514299969230224,-0.8371852352308372,-1.1261243289552838,-0.7266223165045339,0.4455133539430459,-0.0058526361012574985
763,1.591255878792875,-2.284899057722449,1.4604925246101572,0.6384824719331221,-1.3215814499425136,1.368538337136029,0.2503721393343325,1.0894020085871985,-0.01792642836529464,0.6621167308307591,-0.135885054823812,-1.1475014632845635,-0.7952076357076702,-0.10094355320114015,-1.207899817272428,0.18984926555744444,0.30197276474918094,-1.7238458859328978,0.46362546209701,-0.3785250160699306,-0.026954266895876728
764,0.212709479723351,-1.9094125991536768,-1.3263495669731697,0.01583489274746206,1.4128423272763888,0.4064020718993256,1.1318547543563118,-0.9656474325982235,0.2449091081360001,0.12099923748572856,-1.1912398412276382,-0.3726656356650224,-1.815060788723705,-0.13891491535511832,1.4763217102151656,1.3380839410336058,-0.5900872480405862,0.09284974149843929,-0.6242822218384659,0.21017771895867282,-0.09488333654594765
765,0.6998144321209908,-0.026311594217124312,-1.3249293396281725,0.2853972427492171,0.345667994381189,-1.5091500892968512,0.24576119155017445,-0.9172652596989195,1.2335828192563618,3.2945834378188166,-0.255491249976258,0.537984905313445,0.16869212457564997,0.5465609115091861,0.69365854393761,1.4425132505212017,-1.8853279573534771,0.623392424956371,-0.27379559544404175,1.491478470075183,0.027084574832877413
766,2.2511854946002017,0.7491702802000109,3.2246801910909055,1.3070874617069945,-1.1278080563123243,-0.5315234065511407,-0.6824393788782556,-0.4648437706805589,0.9576271299054979,1.4505446394449661,-0.9991530786379703,1.3059105401683275,0.05228404191986664,0.28620893814842724,0.5814320419102861,-0.9407560036379338,-0.12956128870420935,0.5743723801957449,-0.19581994677932243,1.3949703092064685,-0.014697163331935352
767,-1.9614738543152475,-1.1317310000239844,-1.39782171389495,-0.2330329457437578,-1.2425858362511384,-0.8773316395226542,-0.4747764396843082,-0.1337184638631985,-1.5522305828584886,-1.2897057010806836,-0.6029155993012749,1.4753926140801463,0.6355800938731199,0.6344880708973617,0.36264258751982176,0.3365157486097359,0.6368980639584672,1.403229292886053,-0.4973162855418939,-0.16334004579544262,0.16067090731886652
768,2.20109835714038,-0.46188633447320426,-0.03737363483993075,1.4942507411989858,0.5293556436451924,0.1772230802404908,1.2906612306403267,1.4673160392904898,-1.2064742732321807,0.7489017836869564,-0.708982297483115,-0.7154125364352829,0.4098795315073916,0.9708363624379034,0.11251757275697777,0.25305079916675377,0.49611562408158993,-0.4123175510577039,-0.7771135916381317,-0.6423493210557873,0.2650266353886271
769,-0.25339011160945885,1.113555561745136,-1.0727599064653415,0.6426663572320063,0.6864555112451834,-0.2125491609704979,0.06019000896556038,1.465873730053051,-1.3235254599814723,1.9611453581525204,1.1788451531588993,0.811091134620195,0.1950085882438131,-0.8080571527980753,-0.48790256547747357,0.3153426713972392,-0.8509832924950057,-1.0464494337429582,0.20914406335928754,1.3409204719205141,-0.285946343911947
770,-0.6954736984547368,-1.4793337488518845,0.8863510836164276,0.253658286835521,2.0262194000612745,-1.0447562466823563,-0.24825169358989915,0.774481298099949,1.7551883586693493,-0.011594752475520229,1.4619488924969046,0.20150368851409073,-0.6517517160068523,-0.38443441210920337,1.4696179737255732,0.6619151473524316,-0.41318244963497025,-0.3208800278255313,0.6428788813672304,-0.07891251613512625,0.25110998574201177
771,0.6735231476140069,0.5207406783721059,0.038321112321173724,-0.3023833860871173,1.0837370784294342,2.089458607289689,0.9665838335055922,-1.3486854263814996,-1.5591644440882648,0.06624164673670799,-1.0520512607897776,-1.4018786441686444,-0.7680816016667787,0.6861351432023807,0.3561371158426503,-0.020413360192980724,2.279702206113986,0.21090643501165912,0.07892926982482806,-0.17479181544318304,-0.08124144208648093
772,-0.4255518354599551,2.3095663818430405,-0.14819903884448213,-0.5766636802894648,0.7505713746288207,-2.479955170413837,-1.5565454786270416,-1.2439109192517919,-0.9974930470061069,0.8593247067399334,-0.24042085580109052,0.09824556757388729,-0.08409593494262671,-1.5888069082448295,-0.8461249889882109,0.422496163047988,0.7395300121786565,-0.2555142160346324,-0.07041562084422356,-0.42773641592831363,0.0030381631947704484
773,0.296630772398174,1.499142566235939,0.2054376990037509,-1.582856539673099,1.7948689463422178,0.4309556149835377,-0.8524467557378697,0.6029533430068417,-0.5359276659876169,-0.36655027420139696,1.1210884252815199,-0.7236555967231538,0.438071925847027,-0.8002450213993538,-0.0651424491297771,1.3133685805731277,-1.277074601328177,-0.09284468949815013,-1.5456286501458063,1.7165770196182881,-0.049584533179661466
774,2.4485037097181013,-2.0428368451060246,-0.5727755411229942,-0.47708861797094376,-1.0110971045971882,2.054163858026543,-0.5912103673085541,1.7692759673492224,-0.15158583038819035,-0.7577878461973747,0.27380598183988264,-1.1529026053919957,-1.0106225455990347,-1.0665665447440493,-1.0673967276647698,0.005903315726007814,-0.6589034049377248,-0.7085881742679253,0.0974666471994135,-0.18130805141265902,-0.19033778930552048
775,-1.774138533444313,1.1546366003790207,0.06836008595228998,0.5254637876436006,0.4467150771451068,-1.2007135302771577,0.24361863615942292,0.4237881822652886,1.6286172720650496,1.842136902031962,1.7203588030833679,-0.7005601730810181,-0.28777186341843913,-0.29536214658187687,1.0967401118554188,0.123618057831882,-0.5660680045902498,-0.09283661354952649,-0.9034232422516447,0.6354806348698144,-0.03949433472770874
776,1.1669499596046888,-0.3186540070902756,0.27286855889297923,-1.9641207543893162,0.7285134979764727,-0.7829630584200579,0.09845220259502892,0.26452662988873943,-0.09492535774801572,0.6317049623838337,-0.5330948228085451,0.8229591413683504,-0.9340049426108783,-0.04628176501718953,1.3501106126299545,0.4286758823318119,0.8812716499747544,0.7561813755378607,0.10339372274951716,1.373262464414943,0.24744490014267984
777,2.7382020239817355,0.6725555711123168,-1.1226353418646526,-1.460969075565125,1.1114325130534357,0.06238275823482219,0.8448587070457272,-2.2659487581785362,0.6529379714531032,-0.7748734383089596,0.6368660803189538,1.5006746140465197,-0.031076492061586865,-0.8081410285009133,1.1455686321331724,0.4950633403199974,0.957987933563829,-0.47507607042672223,0.9834040005763928,0.9129153757827991,-0.3267635137963857
778,-1.4893132895536516,-0.8646141963493977,-0.8796221176199692,-0.784316761839379,1.194608788405025,-1.3436280846536799,1.8748539195423795,0.7000970120510766,0.27156036303261044,0.15633849907182076,-0.5583867162273801,-1.545042462491639,0.018582706993023716,1.069746574198198,-0.44828025906941693,-0.7184144553216616,0.1153238463660274,0.019400531616336404,0.9067971999748862,-0.28004959535873364,-0.15070442886842836
779,-1.37599894569139,-1.2359904477600512,-0.738046393553962,0.34741660251570883,1.6054421551375129,-0.2664158237060526,1.3932209013226184,0.8318668918388616,-1.087488852137885,-0.859988971253159,0.4425722784733876,0.0989220989545437,1.2246342315983996,0.8006496881067066,0.05539438076394424,1.044036130762185,-0.045565183429558814,-0.8243976387325368,-0.2071522264353852,0.8475212019748515,-0.08979740581719925
780,0.521439985685652,1.8206489081000188,0.5364037508158268,-0.26334161357768426,-1.075580367012158,0.7218553464897637,1.9434204915560027,0.15290825171479153,0.491208535091717,0.6515855388360654,-0.358283218276367,1.4151907092173812,0.6397673465405197,-0.019049327848617126,0.5266737817910601,-0.44963607522522814,-0.5569330080949595,-0.4134950858666595,1.1034212668030583,-0.8356218598583917,0.13019925531196203
781,-0.46440731804901486,0.175518606246001,-1.2073793572272604,1.7981314550309897,1.24814778978154,-0.03585587866915829,1.0373815082775257,2.14946556675626,-0.010964911649852959,0.30301994743997407,0.7334708368038202,0.19857977483884495,0.7168601350334424,0.7817085066971934,-1.4835249101852306,0.5813327339031811,1.279269848037161,1.023334882084134,0.5056493771634835,-0.28558332373584333,0.3256671847910203
782,2.1252470194323814,-0.2872872881570687,0.679547090278882,0.353416290325768,1.7374756468490393,-0.14233951126052158,-0.08351138964212358,0.24535027827238795,-1.2356557993220985,1.6691741155314679,2.0502413791812106,0.098154014294124,1.9913843174280572,-0.9016827003298876,0.01906263830068934,0.11168739771903673,0.9783976942003058,-0.24942366857530596,0.0313825279340805,-0.7056909420122531,-0.025928681536085352
783,-1.0916851528114488,-0.4571059237014085,0.13579651636904067,1.2151570812489814,0.7881834476889575,0.6581475229276474,-1.3108111142815848,0.4180013900450336,-0.1532639942574621,0.38993542208992765,1.0523647878742195,-1.7866708297885492,1.5468511750218752,-1.348122975879513,-0.8620529994276149,-0.7674557126734813,1.4225163288610914,0.10909953304135223,0.19790794606537543,0.5365441362259111,0.2523634362337025
784,1.2855993644964376,-0.5400381815842697,-0.22397390751785096,0.6848736675280268,-0.25259872537015043,-0.3926299539164033,0.4840080891151084,-0.40230436876552916,-0.41805220199065163,-1.4606284579951352,-0.26468557370467194,1.883118521313271,-1.915100471765899,-0.141465928017379,0.28530102236494115,-0.67884901260284,-0.4757112899226856,0.8322302692002012,-1.3250758216929428,-1.0055518272317494,-0.24175931078057916
785,-0.701871963386955,-1.8056773754731454,-0.18389134770083868,1.3787830192374124,0.5738990389447041,0.3733755488644749,0.07014967061930691,1.5635691792856838,0.10038585651940479,-0.8204218788199601,2.1405287558575052,1.2926030942781637,-0.032291726005169503,-1.6446615182095874,0.6361229449772198,-0.6290424786890999,0.35910595007567847,0.12741736280171911,-1.5735690834592986,-0.7113132930627135,-0.0628353595558136
786,0.3790878470118373,-1.8903520012382824,1.7308464700484745,-1.0000063615341903,0.553870296135853,-0.293575726460056,-2.786714255419293,-0.6391174241532731,1.1745302396128465,-0.13055575494670024,0.787778880252772,0.06421712803242632,-0.6184945504916356,0.28462234220114496,-0.33917750306529665,0.3426827651851927,1.6262759062424417,0.0414119838545743,-1.410978476728267,-1.8362054608702805,0.21879894132044253
787,2.044910113988349,-0.40009216948051757,-0.6270622978717162,1.0698560214706518,1.3265961402744393,1.597464028770575,1.5159728785002322,-2.146105430094717,0.3084834552319211,0.9457672893611487,1.260795383784202,0.49058627071106115,-1.140705514794687,-0.4009724153874903,-0.6993353886482402,-0.07981588426985914,-0.6588286671500607,0.6071671433055822,-0.3428418842483671,-0.21778587364869897,0.09891207364485724
788,-0.02986059278267664,0.6226298015710723,0.48041187352687925,-0.907571481724126,0.3962444929943944,0.569519479335781,0.958726218430469,0.8780959373054036,2.4751495330283326,0.8248762808356924,0.08610640294192458,0.42441080145944654,-1.057804183242596,0.6046194418328282,1.1809000272735957,0.7123591369077911,-0.7232909954477306,-0.8298681179503592,-0.17066037271960668,0.03675479850105565,0.34079238545588264
789,-1.1882766373027087,-0.6215876661856884,-2.823804304808346,-0.43563482946321636,0.8268264242975482,-2.1884530332701457,0.13784715330986014,-1.1628625031058457,0.6522342120036849,-0.983163427442291,0.03269043131752249,-0.035420778548259785,-0.004072293214657496,-0.7179067110583213,0.12026249316889147,-1.008209274728479,-0.35055735013062495,0.031125303946692398,-0.7294041399102009,-0.4511327382021732,0.09029964695249167
790,-0.6799406701305446,-0.7781708974357643,-1.2070593459641001,-0.059081236782252675,0.10630292279071167,1.5953707134186454,2.560245603737408,0.49757036203155836,0.7720243083137732,-1.431278244667428,-1.326118847579968,-1.061800624227478,0.19118877385766644,-0.46877424450916116,-0.1138143147229864,1.1356629960617395,-0.33105961742722667,-1.1877566627133684,-1.0507690457814352,-0.21675672640015223,-0.14546703407381023
791,-1.1964091008858244,0.21359356786988568,0.9478806177115248,0.840232015402774,-0.861666214150457,1.0164856232524533,-0.1466486630096365,0.7289780175920338,0.8896928008593359,0.3597101791991702,-0.0840254604843594,0.9275579013123639,1.6764192045896236,1.2176012089005899,1.0278643903541778,-0.8333289371517564,1.0957246985490061,0.7535976097241079,-1.2187260937438469,-0.9388342175745458,-0.047572311295185805
792,0.4847412772802686,-0.6706679062174936,-0.5289786798667406,0.6646220818016826,-1.043185287947984,-1.5047563149400154,-0.0016509056935522382,-0.7897553391363865,-0.5049999840768884,-1.0121906716630462,-0.6341165885680683,0.8547227864203905,-0.2225539151619257,-1.2368386988112596,1.2556537195436062,-1.8592488746624467,0.48323735667198886,-0.7707532820229941,0.8116926136202652,-0.10212082106790758,0.31980044205594566
793,-1.8649514521772048,-0.49350106026340756,-1.3096968484981697,0.5012461196495748,0.037042576421300114,2.175161529455471,1.3928918528902394,-1.1802621343627464,-0.5433734047056128,2.1422159530838116,-1.717242980279034,-0.7896615053467695,0.13610010922429422,0.9202763545132739,-0.43098326467279774,-1.1144649317047222,0.48403510995769644,-0.8681764737622938,-1.2373403569522712,0.9555842556065989,-0.24581251181529526
794,0.08811923888371173,-1.267818904163227,-0.9298387780247812,-0.15685009367005617,-0.6201652290105074,0.8383474247114292,1.7213155559510074,-0.13766107414816606,-1.8506564288405423,0.09418136659249558,-0.7304648867095062,0.15573572093712243,-1.6340449115335236,0.9731502609786845,0.8239732271488602,-1.1213893643336066,1.8816852238399113,0.37578121526020175,-0.18613561172628465,0.06891329896743821,-0.07880599450562563
795,1.5931833786661431,2.617086226012152,1.158072283602647,-0.8706807334861963,-0.7984532946471314,-0.027513400792318614,2.2944084626269783,1.3425236413517971,1.8712467364622034,-0.6836552056517737,-0.8837010409154077,0.11261352850726096,-2.0694535170511954,0.41775545255509927,0.9510907755080684,0.163853401050445,-0.25102631181214197,0.3308507377205981,-0.7019208258088003,0.8909315183933973,0.15195968820155634
796,-2.215157759757561,-1.2188568721624062,0.8199881898492032,-2.356076210325998,1.0437510505790608,1.1766920105846288,0.6876223401191456,0.9379024135941422,0.45338896195850814,-0.7556285341760013,0.40224945785404254,-0.2457290300668573,0.11424346330658106,1.3117136263991815,-0.48686315523780144,-1.9530885157457227,0.10065087950510593,-0.8477610989832433,-0.25161979405899926,-0.8432328157981188,-0.0015544484161667252
797,-0.4666877806566392,-0.6877166794911517,-0.5823970475009419,-0.48923670153079496,-0.16562292037257878,-1.5765871720198352,-1.4080242387020787,0.11399598278787146,-1.4637402821713026,1.587373543003088,-0.6695947988721479,-1.1381794259497888,0.14452791397528594,-0.35701497949929367,-0.8790042074400802,-0.9387161737428996,0.6420107376181531,-0.05284478528479054,0.39075995143512104,1.2153471411988177,-0.08403968436023876
798,1.0847300679764147,-0.0902427144737073,0.19859534525459582,1.3671198071445758,1.7987457931477562,0.6676627451891778,0.04945112384526682,-0.2336275199433098,0.08775750528009796,-1.1975835594877529,0.8775840822074564,1.208319537196754,0.48185158029947817,-1.7575009194434597,-0.7003245400661816,-0.09113647897816762,-0.769753842524556,0.19895465626623318,0.23707552584370012,0.4123401897163914,0.3675602802236942
799,2.735215912375166,-1.0650452529291048,-1.2744335337612052,-0.11508790766842414,-1.020412089588642,-1.1794409118520126,0.1834084460462646,-1.0392578393107894,-1.1374236201468868,2.8433222908371247,0.09125650141330009,-1.2772042040268377,1.56344203449529,0.5354974581172027,0.10267330502686187,-0.5017764197966622,-1.4266221026890797,0.0520265805966519,0.40495094369486495,-0.16484756406771386,-0.3430546661668341
800,-0.4060372273311973,0.8592755801243975,0.3053030876121666,0.3096700267464933,-0.9802880266975194,-0.8832273684891897,0.5779383962618306,0.31769104951154103,-0.4983485647724333,1.093347190813129,1.0136294413300457,1.3948107120405404,-0.9635278483538543,1.9599252253507813,0.518648264420531,0.09157300520419225,0.35213347819006846,0.25491142445710946,0.7148074328830714,-0.4763597698431504,0.1641331487827673
801,1.1223360676477765,0.21230209876515044,0.3974684981664614,0.02078323132172829,2.4973635471148703,-0.34662472023160334,0.43238060077956714,-2.058540290529009,-0.5382966225991308,1.0867271559881924,-1.934919666165254,-0.5083519390688582,0.5230537826841978,-0.7456727112238001,-0.5958089112762153,0.15510460278282556,-0.7322842925422312,-0.9864014183840328,-0.4730213294641463,-0.8040995910361988,0.06317889987209968
802,0.9872714532200698,-2.2073524114912906,-0.8527280856905542,-0.5073775554655227,-0.0584331216309381,0.13525226819163935,-1.7049176311799947,1.3149751044758125,-0.9636192610673022,0.7740310597232675,1.137826870697079,0.1364310087611771,0.003266490168923184,-1.6271103817334538,-0.3631950966298534,0.33478510650873844,-0.2865841860657606,0.09249491977709806,1.9414636729327208,-0.027797539659879914,-0.0532145272928483
803,1.495575796755969,1.3760858231660762,0.48003499660683624,0.5455778914393409,0.27376067987412167,-2.16110256742259,-0.2594044227783634,-0.8618068161670319,-0.6016322423570722,-0.6858032181454952,0.0774064820802406,0.5566988311669352,0.7948135849603462,0.09409149217390285,-0.5760752740305564,-0.3286337965255631,0.5697098652785672,-0.1613779414924333,-0.7614741244578377,-0.34959129751387485,-0.23803060611683244
804,1.3981332109615734,0.23546599002569246,-0.8552576410559551,0.11258177663836737,-0.21352212750034394,1.1040387927471949,0.0845597950270631,0.4791433745304504,1.1577911035015978,0.08360434378413259,-0.18485138257627734,1.3947053075972442,-1.6753100426628798,-0.4271817881128069,-1.9641123418971411,-0.27807989047601056,-0.029310183002346172,1.5125135507467093,0.058029246729122574,-0.8285541160156085,-0.2894546218386667
805,2.0951894086099876,-0.2290820731695887,1.2856119667150032,-0.3520668954412481,-0.3828614029895742,0.46314651945052315,-0.8759847218636087,0.9320236653236413,1.2675155813936347,-0.8867417251083768,-1.4468770119675083,-1.0885430535671858,-0.909612026699841,-1.3204796994304668,0.20211767922311705,-0.9572893861687886,0.06685365245179185,-0.32546998097997604,-0.2438575425387168,-0.5367277559654032,0.038353475341552035
806,-0.5541519079990231,0.4548529195361649,-2.079008591950878,0.5278168824578088,1.1858688778786624,-1.0133181234629267,1.370284087541502,1.5955043164031981,-0.4983993529025876,-0.14699431185772976,-0.170027124993891,-0.6102928399130926,-0.4319118135893331,-0.09258261903642001,-0.194811729635674,-0.6473565559516561,-0.43414653431077793,-0.949780677318224,2.4060844984649186,1.8142012426774563,0.291193789307391
807,-1.8111466347429002,-0.3503374089922795,2.30260275109686,-0.5101294021122447,0.5554208675883272,0.8408734703678472,-1.7466243851808225,-0.7695444621853514,-1.0642245995598092,-0.5604992463239297,0.37546293448798723,-0.6006248721250597,-0.40189130924502714,-0.26186816413913777,-1.7132613165585815,-0.4998579904747046,-0.7179991514377415,0.08610255631308415,0.5834096862360107,-0.30536803395593487,-0.16686075347863366
808,-1.0237156006664363,-0.5499126500379995,0.9045572494007764,2.1620547385047995,1.5403204970070432,-2.131270561278832,0.6396928202896227,-1.4319412873595212,-0.10030297964814666,-0.4399418163628181,-0.09459751425234124,0.28704818674153315,-0.0822520198323555,0.13069231955509908,1.7880085081604469,-0.4585564378934335,1.1256669823519694,-0.3500847386926944,-0.058788392199661116,0.577042584964611,0.19169938272973255
809,-2.1683927780790744,0.6329665660986341,0.696711485656874,0.6093937713913197,2.0435260350107765,-0.0906983661914586,-0.9043600119503868,0.28319726040064186,-1.9949076477875598,0.659396345908072,-1.5850966846318635,0.9867881851274121,1.2247601999543876,-0.2674175481385347,1.1275272397968066,0.9225256992024083,0.4174476576815175,2.069399114618487,-0.050342141221113,-0.6426343417918892,-0.08387916163513748
810,1.1601666668622959,-0.19330352949587262,2.215922172918042,-3.028249918789215,0.8881456787501947,-0.8879088308788421,-0.028295028208927833,0.8628668222311522,-0.7885426969822844,-0.5437189914672833,1.683059638282938,0.2707407950625121,-0.49112880207423504,-0.6953940519422388,-1.1531131156979504,0.43242028021255385,0.16746009757056912,-1.3446776579798652,0.7088262928071113,-1.095622052804612,0.0891245223687307
811,-1.0312673423765664,0.8709378899489792,2.5365358888069824,-0.07332535666975157,1.0262616300130503,1.024431621559757,-0.3673686824523311,-1.462979275136889,0.7102821998371588,-1.0409582643978437,0.4841289703434386,-0.1421817266823272,0.4998159562768375,0.8707711134249871,-0.6711181455427561,1.8009697243236265,-0.6189736545147493,0.6038951431710099,-0.05000455685180492,-1.6830563348321328,0.05212592211487506
812,0.8672913305432568,1.5697945426193958,0.2881155911631925,1.2780243619092897,-0.19820531774310657,0.39644847310450937,-0.12528785621990624,1.0952232010335676,1.2858025226577823,-2.1933101570588938,-1.079441144658568,0.20356637067972103,-0.6344162270058341,0.05628553660378451,-1.095624593853836,0.2830896071165582,-1.1507691467456214,0.308756025946303,-0.12200336552895853,-0.3071853624889772,0.2733028396563076
813,0.5707031449247053,0.21650464769004704,-0.03738357035655322,0.5555356782791366,0.33908659802695473,0.10847131677504877,0.8117966852928286,1.2437038945070438,-0.7074746986105941,-1.2378754941318368,-0.16305873374189725,1.3313868742354098,-0.46609454582458537,0.3640646386081605,-1.1201742120708058,-1.0026530279118924,1.5350823845660586,-0.3954932146565821,-0.44356753239260444,0.762171703618533,-0.1545445021887354
814,-0.6486964389970871,-0.05134500698254973,0.7975146273850146,-0.5713184113637401,0.7409848709853828,-0.7271297886704792,2.30051414261963,0.9114247368321894,-0.7911752405827684,-0.9674026932487355,-0.6823637163996175,0.03012355701329138,-1.022680574067587,1.2333823099940098,-0.21210438736747847,-0.7944921220800292,1.0655294295148539,0.039675843760126873,-0.1413445759051425,1.6784369525254303,0.1924695406656815
815,-1.5964824500160513,-1.4877171419378046,-0.6171208575261822,0.28220609076464326,2.207838346665745,-1.2271106879732072,0.04213366310680734,1.0799434498736737,-0.6733329262155858,-1.5016277632206696,-0.6606658027774578,-0.347542661332046,1.057435570709536,-1.100757782442282,-0.13710810838947504,-0.41346762822137006,0.09787433670395301,-0.3989896765183786,1.7134361981844128,-1.1010364745708692,0.11683957416696729
816,-1.2607244152666477,2.290763012064973,0.3974999778989043,-0.49922772174488794,-1.4456619905635544,-0.3239256616890363,1.2408661434540946,1.0170726828081147,0.12131720859489577,0.2720562208098474,0.5561256962381818,0.2374467773848053,-0.09950858208861015,0.6493497988733719,0.15776516143764402,0.040586749806250454,-1.0780690078392126,-1.1258465943617995,0.5734639735511045,-0.9301223086583471,-0.17484090221508872
817,-2.4780365735418743,0.7824229403858506,-0.590589591448246,0.4705347202671395,-0.2520481450812813,0.5745808903151413,-1.8389441038831176,0.9226014374520358,-0.2079893102177241,0.44481559762043177,0.42296155016666565,-1.0896995336820665,-1.1562506333751,2.216737384286363,0.8513846707377268,0.3866734597718901,0.9468122011986903,0.09451180223748093,-0.12259092382740358,0.1712285090725337,-0.03506006156683726
818,-1.034417721695467,-0.4847268937947688,-0.30527223164880807,1.0002183915550225,-0.35048986654128994,-0.21222756151745034,0.4937456474810207,-0.8743523811763982,-1.2216083144582528,0.1846317734529912,1.0527273566587128,1.3678130419932224,-0.5399096188423685,0.07502794656107306,0.5121357896407608,0.26316102243934586,-0.5224777430760863,0.017232182345704672,0.8112156413054329,-1.0671787775230444,-0.2107413082711244
819,0.9492187738311058,-0.4826436324373796,0.7697421366400456,0.6178145727634279,-1.856788444342789,-0.0726708875724732,1.5139263012618656,0.7970841042963632,-0.6926823955280486,-0.3943523316568627,0.9102232969808522,0.46850338263222113,0.7997177018174656,1.4293658041647297,-0.5029353231691168,1.1435973823491372,-0.12564850171615918,1.6068462907688879,0.6397335271118514,0.3151456819723743,0.30234979416303276
820,1.5283732255617952,0.08654225827007699,2.0953727154492725,-1.350666143778197,0.25416507259445625,-0.2538382123882231,2.3977737415639657,0.2674380192242351,-1.0587046692599822,-0.5021346999032404,-0.19749750777909925,1.031822016833797,0.7244111410331537,-1.358919053683702,0.2259648716554723,-0.22972844323094566,-0.9991638408908518,-1.1436281311466558,-0.9321312229452126,-0.8038191290084613,0.04135967035995216
821,2.1666496789129623,-0.9703241856350702,2.2733445553823195,-0.8508070468471344,0.5518285319041664,-0.41753739199560824,-1.8069520833411823,-0.27488236335856153,1.0278327463354908,0.8085638509189192,-0.7499383656576548,0.8264683441312308,0.41936626756512824,1.3985530836862137,-0.25347886635818534,-0.983200181263221,0.6157738930581077,-0.2958245322588751,0.025673096694828305,0.15604309570569302,-0.031998916218241386
822,1.3822908979501853,0.43278168782202425,-1.342931721751797,0.6512055801921063,-1.0368173244893537,-1.9905211951891253,-0.12224403600933088,0.44645786852677494,1.1267920539330498,-0.29804564910193454,-0.7402352986084145,-0.5130123827411394,-2.4396640376747025,0.39522642913213035,-1.0327502318665607,-0.15083519233249326,-0.3060146791878592,1.279877398419828,-1.4538013672332522,0.12876418466309564,-0.35281139300760345
823,-1.9409325267803335,0.8375614800381709,0.1301639028415396,1.6548635930211566,-0.920657109633662,0.819835264021009,0.5008000430004445,-0.8880151280114313,2.614479942199951,0.018508584416102727,-0.34104653473675883,1.836681539243036,0.05798074971408136,0.2998349454936711,-0.5871454238265428,0.38545170852265837,-0.22396196745002409,0.21588955861993245,-0.4812807195001329,-1.4726328090620884,-0.10816741390094403
824,-0.17409320179733365,0.8029093591185421,-1.8954257970232653,0.763930798487036,-0.9021406619944241,1.505379416483557,2.030182357101454,0.06251275075317568,-0.3202254426389961,0.9257886163180998,0.6114568030681113,0.6792679454801557,-1.6497670898066166,0.03963789242683389,0.6442057166396549,-0.023189423061829917,-0.7128612576751155,-1.0412899268051317,0.5963961172185451,-0.5925942029527043,0.204893004835219
825,-1.8641612472973124,-2.5185503321860043,-1.6697624441160723,0.587194438059305,-0.9877979064153856,-0.08490494367589957,-0.2140147338248374,0.02776158661288151,1.132008917174914,-2.0486955757078564,-1.696284234404678,0.08576930654196903,1.710757508755608,-0.3944826430114311,0.5108354606588866,-0.10446669630480208,-1.0730639338352204,0.6963265769553826,-1.1667032915718925,-0.6865310708973158,-0.08501184013168574
826,0.6650531239916423,-0.4481607818223843,-0.12840478844145606,-0.893380655631054,1.1709578391280615,-1.289449723991087,-0.6034375833722144,-0.7955018019461815,-0.8207740558298865,-0.9344699966391729,-0.8221052515676978,0.21654444948530485,-0.7753318769552501,-0.9293143882603782,-2.246443332987482,-1.8697228212140653,-1.0525497444798158,-0.4566441249568794,1.2977767666865927,-0.3007790419924466,0.24124376077010964
827,-0.8183183135309743,1.2858145969615147,0.19928482257766694,0.4149228427352229,-1.7102021010569808,-0.21975539007008232,1.2000256840383798,-0.38424781190999785,1.7173826247084536,-2.2446557267210157,0.18390207927468388,0.18713969163445462,-0.4687401044159348,0.3856110340674848,-0.46064916492565783,0.34319685105269715,0.5821129770027254,-0.912376904779332,0.8817599372874834,0.7779141420077108,0.21358928672049057
828,-0.9436206599228626,-0.8959553029534645,2.1318190702794126,0.1665317112444439,-0.5981753647511692,-0.22442170348754295,-0.37523688620380286,-0.5903442539217196,0.18504109505921462,-0.24806462172830895,2.1656495162367935,-2.0901825261469877,1.8436772045999306,0.39615489202311155,-0.34147124472390855,-0.8721820018064225,-0.7692629466430515,1.0736681370780008,-0.886899070619155,0.8822656705754166,0.01506080334594035
829,1.4874535588383029,-1.7866080592456113,-0.7084853176111273,0.4589095796446664,-0.7298977953635759,-0.3800515407497347,1.354910236459137,0.9870151479531234,-1.6597471735519733,-0.3348016471678704,1.5462547627607737,1.8592075094926326,0.603159923459396,0.5445471232339402,0.3978648501660312,0.1590745235593008,-1.2777797887802163,0.3275679181576142,-0.021209112070756216,0.045470383321383895,0.26531423481106636
830,-0.38357196977184616,2.040914579270152,-0.21915634477708057,0.4961449114988288,-0.5530494091332709,-1.262514756467404,-0.4497572887233482,-0.7658282962396998,-0.4928084599347991,-0.5488097584102322,-0.9167035999554258,-2.4282120743111033,-0.2934369641608132,0.37716372721490526,-0.7468137863645113,3.2398169026823447,-0.11497157797350882,0.449777044773423,0.025054102390747544,0.2878782584367337,0.14444964876681493
831,-0.8584528834219004,-0.14113666731839491,0.30571290949665664,1.0379354304586883,2.751969712948482,-0.46407414058971885,-1.6725244557464047,0.6156933827679133,-0.8572346799932048,-2.296130199912639,-0.6534504596833592,-0.06068220411219541,1.1880458459827474,0.5013643920388624,-1.1094789899465025,0.38766885683128144,0.3462508937627598,-0.5227627051979935,-1.3315142167321037,-0.1622382883138462,0.05178445335257543
832,1.9609692868970918,1.4341306567567635,0.6345501084955004,-1.552499153100573,-0.15511222988054654,1.0731218661505049,0.902147602884762,-0.2650257304496308,-1.485395820879789,0.5780307841517964,-0.9894942799966115,0.631332186525147,0.9281117175485041,-0.9837572506693315,2.5353903363097414,0.00505444609387602,-0.24884181626034257,0.29793098027031195,1.219701441789729,-1.004953839893304,0.22549881379490394
833,0.20551332615532733,1.480522367341364,0.25967219393865354,0.7141166471450531,-0.1310189182286211,0.6010318482929834,1.182399648779981,0.1953141585151765,1.9240596929874887,-2.730605748526327,1.4787751759120091,0.8371123001126664,0.16882110640967668,-0.7625155149402257,-0.44760964581702906,-0.30535622633934206,0.44640464717513817,-1.0074391091971207,0.5524331360467359,-0.016518970422828665,-0.2815639070086835
834,-0.003067091784832032,2.064740271375033,-0.23105483182174455,-0.7024659100798639,-1.163854050102862,1.7786975391223898,0.7412817749123122,0.7503955372508565,-2.0362772495341095,-0.8627807845184104,0.9729872514481973,1.3678573343399796,1.0111549878497121,-0.016559617246670696,0.8634435185047161,1.24953333958548,-0.8632464617615031,-0.327414352781778,1.1815453058596712,0.04117259544745355,0.07448132246950846
835,-2.3962552946698077,-0.9339220121683954,0.30305433641511836,0.5733680994991842,1.4047795804934455,0.704837110324437,-0.9034009505016324,-0.5350269198428109,-1.8075810669350885,-2.3557060985228913,1.0029096046823938,-0.19115511960645665,0.7114154727666536,-0.8964694932911901,-0.413040326108544,-0.08949207870889964,-0.2868204014233185,-1.3474886017508665,0.9507030501503912,-0.27598017457102836,0.10932744274214277
836,0.6832647206777117,0.6066880829359904,-0.06327965527024731,-0.6280697482139631,-0.2096181588403954,1.0675773316504127,1.8237286395279926,-0.8333774096302947,-1.175818930096698,-0.28552099424867694,1.350476097342333,-1.3823991345771265,-0.5742049843683957,0.23234024843876522,0.6566552185922877,-1.6147393693807748,-0.7686638663389143,0.756179823080301,-0.8716692783390706,-1.4842812073778038,0.1871734977036005
837,1.4601243546585887,-0.3143648150337365,0.7588719220990651,0.9476354619898321,-0.5464571267303654,-0.3771916549420914,-0.22454960243568878,-2.127097865675349,-0.6413996804031367,-0.7090914366764675,0.8829637718658097,-2.001505258234563,-1.0514548382654654,0.26903927828428553,-1.4253393506915937,-0.7374138486207528,0.7243848252545385,0.9223480661294275,-0.444632860567707,-0.8958113247345,-0.20898523444229092
838,-0.23146404028978187,-0.5873732423412045,-0.7269983402261552,-0.9481355626811034,-1.3873997928827921,-0.4484411647944756,-1.4459309005305496,0.7041485426607974,-0.18471447704261248,1.1106724577812332,-2.582311726089413,0.06846567640586601,-0.133915949927939,-0.16232165663078574,-0.21472003958538285,-0.019297241845105065,-0.9089086471308924,-0.861900698072214,-0.5290755203240641,0.2654590128529702,0.2628538711882284
839,-1.828033968204626,1.3754900536963504,-0.27121061679619896,2.200963855862531,-0.7011771827102835,-1.037882420644724,-0.6934560688304784,0.8171477848609628,-1.948445980162714,-1.2258833492636931,0.14621238345366883,-0.5226621950600461,0.33249318802117167,-0.6495998959425554,-0.5539907175581414,0.3291294470689751,-0.3549061521428914,-1.683196530664517,-1.1169207570932895,-0.5059629996279345,-0.16045152774290233
840,0.9586913205404562,-1.394395512041429,2.840831956264287,1.9781755314490643,-1.3031650801517125,-0.32697296999869874,-0.3614262580733164,-0.6389479077219667,0.794612572926253,0.8189929665846947,0.14640457257385714,1.0978058443567063,1.7291393344578496,-1.3342786070337012,-0.32761649559957806,-0.7451323354360478,0.029007894580962312,0.23939687065972468,0.22023190447611374,0.30255128598889935,0.3300050550439034
841,-0.973533787082609,0.20808037720786754,-1.6335402291305328,-0.321707899016914,-0.2770388056622017,-0.5499754438981967,1.420733342735746,0.31688529237257235,-1.3542395616145462,0.4916889171402153,-0.9067669804957497,0.20685483681189032,-0.21141121270329344,0.5442136832016092,0.06054752032888096,0.5263660150047533,1.302390113074917,-0.6287032930120144,1.5506744401620656,-0.5599224862969864,0.09832520304149875
842,-2.115872723093911,-0.9254607160875528,-0.22991455765858726,0.6608846108120217,-0.597410406607849,0.9163007685136232,-0.19144608817571218,-0.41086242707561305,0.5946909350747585,0.4339700512447285,-0.3539943917660508,1.502757683994003,-0.5720591670000503,0.45117225958185203,-0.08602730945241314,0.08640874915081047,0.2670518840710084,1.1827851088095678,0.5581786534218831,0.19034555429989283,0.00024640799158822817
843,-1.465242466961349,-1.6624558440368788,-0.03198394952674167,-0.3934300882165603,0.5694010585565764,-0.32764913400123247,-0.35949483198236926,-0.08420249530860295,0.9932747778503777,-0.30176441515546715,1.5005424853213098,0.159244073480089,-1.2729273321076582,-0.9464674279298959,-1.9184023005586295,-0.41521932657578203,-0.47251144699808995,0.8651296428458624,0.28045604868362134,-0.1262530546611976,-0.11334823587489415
844,-1.4283075241120493,-0.2643315570919964,0.5133227520963408,1.0740929527175214,-0.47948643707984323,1.754417468096468,1.8284409774515604,0.7751273431142244,1.9711095037084372,-0.38837830884433877,0.5324454254237471,1.8853286238292446,-1.0027917209887045,-0.09683516494573718,0.9583907153916434,0.06752463619219716,0.2574895573697586,-0.13561227153711233,0.42839138052783987,-1.8076279732452731,-0.03209596091541782
845,1.1404207483421993,-0.6321812977730507,0.038328307774098354,-0.3653475179972155,2.035639636715309,0.3819511121705175,-1.2003356132199845,-1.5699845473728025,-0.009314851696881721,0.18095398508578392,-0.3255219499792441,-1.2292413460858413,-0.12945198726081028,0.3700223888413342,-1.430533995120312,0.3498890384921818,1.8166406990987314,-0.6254506238230316,-1.5725989285113697,0.3940238666132832,-0.08832009944655979
846,-1.988517575589607,-2.0016415655877307,0.07435797799916298,-0.2571888412718489,0.5163962709118259,-1.4473686195407938,0.6666066280570765,-0.05482053634432742,0.23053579132714025,-0.24493217638833664,1.4682224407549225,-0.9975672380646888,0.054657814135319734,0.35805233678408166,1.5061470524519167,-1.319298235265853,-1.3761687567442706,0.3149300946613563,-0.8884546190196622,-1.1722480225543768,0.12223044492937657
847,-0.10318480525055018,-1.6713462396748746,-0.08043988373090631,1.5815058517680665,0.615214210636542,-0.3189279692195833,0.8132641357614264,-1.356837561316597,0.9985590214753656,-1.3116943709981033,-0.5081866422327843,0.1283841676722686,1.2284052935050247,-0.9186676732644349,1.4073902108358258,0.5059229794865728,0.7273193639720678,1.1359345350003573,-0.9619108137024184,1.2150399806389247,-0.10806802085662799
848,2.2174284461257456,-2.124473062643118,1.4125280361918535,-0.6577870691080427,-1.112867430269632,0.8005562314894449,-1.626577597610854,-0.33984441400135385,0.2102695916383293,-0.9575184144988698,0.6960008253319407,-0.9795867426569493,0.924061560822972,0.09889814712770038,1.3106536262455963,-1.5227472810193345,-1.2486969840062947,0.17666494426168516,0.12694881254758938,0.3009613557969563,-0.24769844560587387
849,1.1113540576611982,-1.9699342553769792,-2.064663572426124,0.13197841223035203,0.36763794998893967,0.08147859258321064,1.1983538159255633,-1.9066957157209294,0.38230603492561693,0.7380074337902622,-1.6373820231664473,-0.2853677275616601,0.9787285011112385,0.27448967463877216,-0.9881146994080469,-0.7059459829169804,-0.5349553334019871,-0.6385451136089193,1.0836763019926365,0.4893043751404069,0.3126771617086232
850,2.2248807706604783,0.44414905336988336,1.1097705638542017,-1.1953248580309244,-2.201919308295473,-1.047379239633797,0.03384163351338878,0.5724126685397932,-1.175986839308959,-1.274690455437245,0.07509370598700905,0.5620703028346132,-0.2876709577299528,0.4598139041478721,1.3024127371823824,1.8172860943386149,-0.9976742137985858,-0.3515277522969212,0.37979740697637226,0.5970680467085162,-0.22207692141446628
851,-2.1335326740690737,1.611503002401917,-0.0677772965789419,-0.3164443316257152,-0.10832219157137998,0.40839008037923097,-0.3050734597329673,-1.252199493017864,0.5293032222277595,-0.38865990323836397,1.5181506056864817,0.20834040607712584,-0.4153074413597272,-1.487219827406611,-0.988088086150915,-0.5415319484303158,-0.5856072066718176,1.1562102858595624,2.4423540231231997,-1.1151854461982338,-0.08464886531949235
852,-2.2654961016731434,-2.268721787704628,-0.23019708952599846,-0.238374990702161,-0.811769789685069,-0.09623062497308646,0.2922652410538013,0.8123347198847812,0.8137116637549426,-0.2812315851896661,-0.5113778160896539,0.03402359767595621,0.39921625354978046,2.0523741130947832,-1.2521750907683464,0.7555097992695682,-1.3771471262446426,-0.6528342785530147,0.4183935177167362,0.7882895097871947,0.042258094007229
853,0.8753181104635459,1.465824814836247,0.3105272126131673,-0.3118512720366411,-0.5611663782803197,-1.3999693446937453,0.765815186150119,2.158806429116341,-1.2370540668232017,-0.36908012184718214,-0.6269638248901696,0.4701244197997796,1.4420068153483456,-1.4949334040740991,-0.41792484428586557,-0.7035526631855583,-0.4795335955483876,0.02142883349126878,-1.7859684290665148,-0.7988246757232654,0.22226064077620084
854,-1.1970326819637955,1.4466211832818905,0.010500561066023702,-0.0825969271718167,0.8322526326819218,-1.115302860629715,0.19593346047850455,-1.641279343089897,1.7686680437465079,0.27752627602985563,-0.19267178821943626,-0.13055052755665975,2.8095506611667895,1.7055112796782645,-0.4390571375100587,-0.37984902377079766,-1.2968806345755444,0.9188698557179592,-2.3356305110239672,-0.49110374443781885,-0.13389295735106546
855,0.9909710169293782,0.0949221741265632,-1.3563678920485651,-1.090338018932229,-0.4284956597281521,0.6138743849743605,-1.5512660413504216,-1.2731345832877858,-1.4040373875350858,0.2678207177198061,0.2667185003992471,-1.4342045764056512,-1.2666600312853802,-0.21926667666533994,1.0711255840279277,-0.3879255319850787,-1.273148974415982,1.7265131877626325,-0.48907354181546525,0.6675421265498915,0.3531376776743635
856,-1.126101499826769,-0.5825853740763621,-0.3579640827126512,-0.8039295722380265,0.39603908177509195,-0.6783442436614521,-0.9082892171882142,-1.1225314002575209,-2.321113894026716,0.9915107083980672,-1.9257460059009868,0.5820603463749253,-0.1757249700506537,0.021055909485433066,-0.8767238588459337,-0.9090734498000844,0.9603857967356156,-1.4068554149118793,-0.12802390641912345,-1.223469047220863,-0.12821640349969846
857,2.3447765122713435,-1.4059497352408843,-0.3115578690920422,-0.1498895499209357,0.6238286595696215,-0.615831086602512,1.1794970708265742,-1.003100027375185,0.6276324609093332,-1.7792156532222343,-0.38274487835889587,0.14762183712345683,1.3950229945108366,0.2613953801811285,-0.2936621966675963,0.2899958004433135,-0.9386158981916349,0.4541233724530205,-0.11153609291324915,-0.23226447001272454,-0.18234505878305943
858,0.7816406602849566,1.2449961921940886,-0.7455027590996284,0.9310109390185499,-0.46780302977788496,0.16964993831782446,1.6728076524826039,-2.504407842723525,0.5867424167957996,0.32857706884425913,-0.20919386489956995,0.6698628354673872,-1.7290840497114373,-0.8474559167585953,1.2481027640772813,0.45254394755676947,-0.666455344748681,1.1516783968967708,-0.8536253667364393,-0.7409571528162091,0.3876664947696469
859,1.6002704445857974,0.35632014763916714,0.8270922266960563,0.017556024207998323,0.10751986720092037,0.2097289628516296,-0.45451646973988763,-0.6328921673491921,1.7298191575759891,0.6517967528436265,0.3809659433794115,2.0077186645382974,0.502483028172958,0.04370982608868172,-1.309550548610645,0.3155619994416231,0.40416030674483644,0.29351179530620386,-1.2929849436920176,0.5381987145330364,-0.196063133117973
860,0.9383014358519661,0.690212719623123,2.187962869564864,-1.3035352020267077,0.2744837694592147,0.889144406715448,-0.2705730428418414,0.4404972496188605,-0.0029543273979373143,-0.6169771620024213,1.054892007991221,0.23555541705561345,-1.3622933155305859,0.19109017656721247,-0.8072487447832122,0.9687230579314754,0.34106418008889605,-0.005764638911968349,-0.057704304161586374,-0.7136382266245337,0.29388514539550475
861,-0.5417986878623565,2.5457793318066946,-0.602420594306311,0.26605242159549913,-0.4273648123267893,1.096544939557646,-0.6169139465299778,-0.5138976155849846,-1.110338380079136,0.8149000075205717,-0.5695147096914565,0.13180236591245426,0.9641996769507278,0.5003558255526245,1.3620007092125477,-0.20288400097761913,-0.07832615318897551,1.0527579214229257,-1.0506785186607899,-0.11470533423322808,0.036325661407302035
862,-1.378970640311639,0.07537153007684029,-0.5473526910027123,-0.7854999202019018,-0.03549024002320869,-0.710811311745929,1.6990708878882717,-1.427137716888651,-0.3502263778531646,-1.0368432163906596,0.16563213656674852,1.0638154621287135,0.3423296065217781,-1.6581132631034754,-1.2425925095840136,1.3816888615327414,-0.11584407419180492,0.1902819635934634,-0.22767589557064918,-0.08654796095086341,0.23342553157646995
863,-0.41030343510733097,-0.875754757167185,0.23858978504767736,1.3758100672568356,0.25586112054011373,-0.567448538879887,-0.8050496405244344,0.33637239204239944,0.4839111656337528,-1.0784525092708035,-0.3281699396284458,-0.16964597038199347,-0.4975973469851017,0.025333944966886505,1.4318114509522875,-1.0403820774938557,1.1828011848855633,0.05629250678407954,1.8345031728274537,0.02526382643167163,-0.0875076265037545
864,-1.615678215492497,-1.561897098316187,-0.7118325059008885,1.1646300180561793,0.08611734235084054,0.8695197141774633,0.5263073317842929,-0.4418337729920689,-1.222998996551378,-1.5803989736274597,-1.1752922735610674,0.5008443800095033,-0.1307226965073276,0.20514820031946393,0.4359103418715822,1.586709126043592,-0.6802852078756199,-0.016553500071820767,-0.4708747845388268,0.05303765687515243,-0.06347306979416688
865,1.850198972623944,0.005513894412485385,0.6131859920215695,1.2157733803377968,1.7287171248288433,-0.3035748961863607,-0.8439208779678158,0.16438094737670073,1.8640909951806577,1.0934225450308992,1.0268162249233532,-0.6880616963052376,-1.3945134597636264,0.7612212583434014,0.019468894810983323,0.3158862221539109,1.1983052343181606,1.2903822735743589,0.24859222755589114,-0.3508517214597059,-0.27306525041359536
866,1.2603616812622374,-2.2575218357133555,0.7986790582719223,-0.6132378686927917,-1.3168093409930162,-0.1677099159601693,-0.4253985807224178,-0.5899711737570407,0.22418764651797649,0.24532044500960276,-0.581105111025825,1.1073870268038317,-0.044751770441869045,-0.8618198456372942,-0.5453569987117814,-0.7744450877196936,0.043300650222120506,-1.8413318225078061,-0.8565453751189483,-0.49366963778410833,0.0664116482342909
867,0.21454064442985213,0.7795346125911389,0.9016528658997129,-0.14854558570428608,1.1024801103701132,1.258592663202234,0.5446751217911906,0.7112474300766612,1.8301454892423443,-0.06523599451862194,-0.6184826008256336,-0.539563993710017,1.4489997760433853,-1.5333405711570136,-0.5231557119540939,0.25224324258179487,-0.6724191661474633,0.23534185865688642,-0.2761884267375099,-0.07510214567825332,-0.1981916656696269
868,1.2683093870396471,0.667957288532022,-1.6319383055289847,-1.2784808481656835,0.9766346855591889,-1.303042465085914,-2.0851669264388506,-0.13225570890164354,0.237418882399307,1.1722032212251892,0.07222971228016556,0.8498498690769163,1.3662523957871515,0.11177723514832025,-1.1429703794728885,0.42177430295029644,-0.03548097570243209,0.7274462878906937,-0.5897941981591355,-0.3241773319684885,-0.03202723315086313
869,-2.3192658518071605,0.46673153445170557,0.37268718454235655,0.2960605256277126,-0.7383738201646217,0.04799555214280755,-1.171263201923391,1.409914904642573,0.003326176568049856,-0.8601824881367848,-0.24949105331889762,0.14733592328707693,0.8648695654830231,-0.08721895156644494,1.1673569138300488,-0.04615046899770176,0.4176311125867052,1.5906188073134835,-0.15931120971366938,-0.6332709322577708,-0.09211895635865075
870,-1.5061355609647658,0.11059674996824014,-1.510910711004788,-1.4447125182998557,0.5151133085510418,0.1364688838595599,-1.4864429169512565,1.0129525222266844,1.2280635507668005,-1.0421920675901433,0.17701148063694602,-0.44574768267400516,-0.9631685915809822,-0.1851127068591797,0.63675163040224,-0.6741148341318903,0.12703273540033055,-0.9526311275857766,0.9452200565731655,0.4951200244637459,-0.019038906796869877
871,1.5957168346694568,0.4936404003893738,-1.717763362062974,-0.7047724861568984,1.9834977071441575,-0.06191138589751367,-1.122516538287224,0.018077320574666454,-0.8197469452051214,1.8180971736356832,-1.0411318058511865,0.73735280129698,0.8151028370074354,-2.128850853195189,-0.4475368217652266,0.14395249998095858,0.05334386562141157,-1.2024265266977345,1.5285847663031533,-1.4177987430330097,-0.16395640001133616
872,-1.6932804462299584,-0.9787812397478726,0.5578945688678079,0.6179345283463823,-0.011333473945876669,1.225450329681444,-0.48238802123969465,0.4132503397782713,1.3547630304095746,-1.7685697269006777,-1.5208697135871894,-0.7960920689159255,-1.0356382338211447,0.08200742575286829,-0.9338915580496157,0.7789148382194115,-0.6213177281350902,-0.1609960255701423,-1.7150715398992713,1.054122807171991,-0.13959910752822008
873,0.15098721430816098,0.5927217191443175,-1.064688768512193,-1.5495744647981893,0.46081565848757866,0.008063008798696867,0.3185960637642354,-2.328346216060314,-0.45847436534102237,-0.4516784355843106,-0.8239723229354378,-0.8661129648250757,-0.3306633993642061,0.8420259864012886,-1.260383249747739,-2.5568375994130736,1.0950261199959075,0.5891684012455958,0.8461368409958491,-0.8438572250700298,0.2373924942916858
874,0.6487776991256801,2.4376636592146417,-0.964446115754831,-0.33129271116071773,1.9297794065166622,1.6395829596522828,1.0688006399753285,0.6315890306915842,1.1625367830169946,1.2813673619713362,-0.0038340855612352493,-0.6799908331551535,1.4914376100582358,0.24162984861411654,-0.4169319350822726,-0.04910185728572651,0.983208995691091,0.9704634916863465,-0.014718056893666903,-0.31394914580375255,0.16322600604996496
875,1.0591376976511473,-2.080885944119944,0.027979875935212818,0.12636619441016647,-0.16955888743272593,0.08698929162542551,-1.7967389373016547,0.059285943508237834,-0.6013208857853215,0.46106929071682706,-0.02646377586666025,0.5929866987501914,0.5634968377068702,-0.24354610112762418,0.007671621476299347,0.8249331266096199,2.067179054156964,-0.0372557400155192,-1.122347671163673,0.14068584715638177,0.08405108250174775
876,-0.9484435231202909,-1.507515136421834,-2.3071910470507206,0.26570622599118066,-0.42505870042089,-0.5053125007365402,1.0319289907629972,0.5258474405161965,1.031777574168709,-0.3248497559238952,-1.3320512503276043,0.514705010407544,0.10149013724662073,-1.4690179492579467,-0.06102597073816145,0.7521446845745459,1.1123164375664674,1.0324507049988898,-0.000609187523851109,-1.1451042979767303,-0.08124617992334263
877,2.6032333024224177,1.8622427396799435,0.45582396440573164,-0.06782350651044913,0.8305029552950076,-1.7974513310399098,-0.12369631060840972,-0.30426406389355737,0.6879593568290481,-0.27089355727194775,1.1130344574163662,-0.33083866906325116,-1.1111573675192414,-1.0638360204872188,0.8810921922552949,1.596077136121136,-1.6924864009478153,-1.3704871396776213,0.27543447886830147,0.3449468399022759,-0.33988214242133974
878,-2.3925845582429766,-0.014685622067339536,0.8956066733185796,-0.2716496477924769,0.6191095158400666,-1.9226680970700563,0.684789087316898,0.8248804347488816,0.8548972213206414,-0.42567632310887965,-1.0134319713669375,0.15167049556498108,-0.44405574831283323,0.02198792487573009,-0.48708398895800087,0.8779820028901884,-0.21146189658040349,-1.830182404567379,-0.4402692608777831,1.595138778265124,0.0602047411053819
879,1.0976951296148676,-2.1113381742059123,-1.1394679696281291,-0.5614753753651397,-0.00017017416702598447,0.35621813124907126,-1.171032538365994,-1.7216644851979364,-0.5455788351079764,-1.4988857510338083,1.4515704912093201,-0.4304152679796968,0.9886215982863163,-1.4192930511100026,-0.25787865948047495,-1.4248150737943739,-0.8942842279856873,0.22094663649619026,-1.134535998082163,-1.0863370738651712,0.3652027136551294
880,2.7197350908906492,-2.422864184714204,-0.8179261729785159,-0.6569123173488838,-0.8692717951613492,-1.6936599224409803,1.1428725004656517,-2.0450360745558487,-0.0074746336073550634,-0.17417007607885723,0.19720796743974936,-1.054049812498819,1.2591674231263499,0.5850988747143109,1.4028311522518013,-0.06330580419222336,0.2618628129167714,-0.6085692180766662,0.4830226759641341,-1.5675370893648288,-0.2676447032229183
881,-2.7807097104412097,0.6674098436730795,-0.33572783779158244,-1.6797201066727045,0.9579269949801884,-0.17022555713775228,-0.9958407302101354,-1.1982523595088042,-0.8036544161727798,-0.2848929958948779,2.3749434838708883,0.3934299441731129,-0.6522268254937488,-0.4045455650677344,0.09790159388848356,1.7957808605393981,-0.3531846563776299,0.48164440355722826,2.186588672646659,0.625105996751649,0.14327195043974
882,1.8041613897933686,-1.5770276962202283,0.4613478462880491,-0.405487460622666,0.4429585453243137,-2.2615066643530386,1.0755872082150622,-0.6897738765454063,-0.3820216793035229,1.0146583805933553,-0.17042725856270696,-2.4147024164121147,-0.8785159967349181,-0.1873452931121902,-0.2783137043609253,1.0527482039376554,0.3847243004413935,-0.6268151956532665,-0.7684424433804671,-0.05778035856210376,0.163131480006399
883,1.6982354206028443,1.7645846349539211,0.18185408942921,-0.15799370868262833,-1.6093008165654603,-1.6358944354932705,2.3680522902472454,-0.5188596249844319,0.4484476967432667,-1.7517127532528851,0.015685869905793726,1.0937814503632655,1.0985415238157548,0.22349024366965645,-0.34477633639339506,0.916519821307834,0.014360140840701027,1.926015950575669,-0.4701340780308272,0.2186649548715175,0.1887786242601179
884,1.0575843381646477,0.6611155877623944,0.3088498433280461,1.9441630124352562,1.570670845426066,0.15118041581448885,-0.7651041213318951,1.9140601766203242,0.21333098789651805,-1.1895326224928562,-1.1997913508344422,0.9252544349736882,-0.6527227736356254,0.7518234325226477,0.5917690889049358,0.3547804578660269,0.4499422783626259,1.0317561320686552,0.48728736439013765,1.0197451235761659,0.1594061268231672
885,-0.004190631271665154,-0.3749367771807753,0.5186913172735078,-1.0721528499641675,1.4706468969274817,0.2909267608723289,0.28257628518094924,-0.4072475669810776,-0.8252067075438069,1.7201683674636037,0.0006887410963956528,0.7815670221359057,0.2321039829449942,-0.015432028491745286,0.010373461229571525,1.9591097283548198,0.11485129678905626,-1.588798248816665,-0.7057244969891316,0.21641257294481958,-0.15738587775895257
886,-0.4423193551577606,0.19779013343166207,1.1041731307837943,-1.8114461434501479,-0.5549497630629225,-1.6563651031616897,-0.8717204005599779,0.3475370131797946,-0.48456632730114296,-0.18679504086189141,0.35602607185844,0.2447144024957831,1.121347818975909,1.8484342306952593,-2.490032678931213,-0.3059855164270765,1.299429512429865,1.6516277935536818,-0.09961726098598886,0.963069199935415,-0.042434969997889475
887,0.7257026563255318,1.7443925650618084,0.668156563575533,0.17675923141195196,-0.14970494114749808,-0.48606724582669936,-0.5168078045246961,0.7603407928564307,0.9420083716592494,-1.4160141577147107,0.9702251195922375,0.23079889509175883,1.3150353262444872,0.2718839097871708,1.0166156708658107,-2.0558701830608936,-0.6394738867345194,0.16460258435062214,0.3365310389033944,1.3075880204544519,-0.05554052242684468
888,1.9094135914880646,-0.4893679175702517,0.45506513473719407,-1.199947224505322,0.0602334402389891,-0.18768361879385165,-1.0510946716619227,-0.20453922278106848,-2.6184210404561035,1.0186630802385974,-0.7953330771467103,-0.505277739155008,1.5960344778271323,-0.5377277792995963,-0.5691831361813648,0.4997726662860656,-1.6411790543115412,-0.48705661754043983,-0.12590490626179246,-0.6276481669213041,-0.22901300268725816
889,2.1192151895966376,0.28403517072562223,-0.3022638971213587,0.8140523725523664,-0.34404894171886846,0.7386071315735016,-0.7550022176345759,-2.832197557753379,-2.0899618516755725,-1.6117186305230284,-0.41108166866684653,-2.1059154377763507,-0.48278091718260135,0.12820766523949498,1.0188103537198665,-1.1285989999638006,-0.1683378502786298,0.9720505744181983,-1.4445319683571367,-0.23425564070442598,0.1038729148705225
890,-0.17533935117736854,-0.8871081088542229,-0.09995262248025871,-1.000600567616327,0.021137328324011176,-0.3240297838056853,-1.1086597069917248,0.1889914685301867,1.0245297288098272,1.037672320277245,0.7279991759597464,-1.0613291657878794,1.7909520796060445,-0.48099082334075327,-1.0905429809505662,0.509826724605997,-0.1295497925005126,-0.14913113513771323,1.6571902628576873,-0.2901293985741811,-0.043978983902220325
891,-2.2087244662945618,-0.1616626924412606,1.6867557312349992,1.6884786591405618,-0.8171175591197628,0.471609224043486,1.5060523201944067,-0.005465660360905984,-1.3885383390984878,0.6859136589188849,1.3181020008929532,1.1658806643825559,1.5399923878630721,-0.16912642374794792,-1.974923105078915,0.44641702727714055,-0.6439910301589951,0.7059536520606302,-0.17328348332522575,-0.2564885838617203,0.004638628882785482
892,-2.0846121880368127,1.1006302532212109,-1.012299528346401,1.157649011139989,0.017727549279624864,0.8898344154380687,-0.7504862175821803,-1.2513890193860315,0.4606398123542086,0.25132826272866554,-1.2528394408402932,2.1040212989918294,-0.9610036514499428,-0.5875612716017505,0.14390104820637833,1.6194461800482394,0.9067022768269938,-0.45225542664315604,-0.3506868636417841,-0.4675452014166613,0.19178965281502117
893,1.4962485722669683,-1.48334101942447,-0.10419139808678303,-3.082791540696603,0.03482778628735927,0.04213575227796434,-0.3389498646100951,-0.5132426260701031,-0.9306517982383068,-1.1019447209756492,0.20464187528799418,1.0659259157771697,0.615804114721656,1.204304734055879,0.5581706350112077,-0.24255793700884115,0.12110276456643057,1.0438496507984805,2.3353545155973507,-0.6907211894316237,-0.2248344799357958
894,0.44625452217579364,-1.7504950559679013,-0.8953534390047023,1.3205887691907328,1.258112117558104,-0.19982096562345442,1.9750173682777352,-0.771228596662094,-0.17736662165596953,-1.036935914953845,-0.4340049981422763,-0.982764191525321,-1.4522787592476767,-0.9568184572872113,-0.7023526604174936,-1.407072635613862,-0.11597790248313246,0.19804872965733938,-0.4795353309008684,-0.08889212637271234,0.1591402994911221
895,-2.2429082733717944,-0.004668918740466977,-0.2656083580313761,-1.358472609323593,1.1068472784139107,-0.9588744701980194,1.187954735725345,1.4739713675090735,-1.2490482644959828,0.3268870852586692,-0.34417914341859895,-1.8138256156330699,0.8490396218854858,1.2675748647245821,1.561441028960188,0.3234686573206536,1.0284806916037845,-1.7899371182535764,-0.3760291236649399,0.6766260071028954,0.0322818456474962
896,1.9482010790486917,0.686444710510452,0.7828295840812524,0.389653848881451,-0.3083459290451753,1.4307855611942768,-1.009591150756408,0.24518369095311746,-1.7236828488485627,-0.6011110051537208,0.1672326871537944,0.5282354813712752,1.8108015950419778,-0.6159798379645428,0.410900145068223,-1.592406870316646,-0.49307787626894545,1.3156354483633073,-0.04760665651225222,0.10570132156041387,0.001732673413302876
897,-0.6077820007140995,-1.8369124807826784,-1.9449232543793185,-2.1459279582443624,-0.23449063585768506,-0.3249009154865124,-0.23913632651752964,0.17230464856372663,1.02533629018369,-0.3290193214201369,-0.9621557367825793,0.45544582358472274,0.7783709810473819,-0.7192884832899117,-1.3914610223979296,-1.732933799939408,0.7358008898947768,0.47566474666111574,-0.15780334921317615,0.6841834609617126,-0.20485767117735187
898,0.6859981274541116,0.08489224907418265,-0.1824853726426653,-1.2623248979092534,-1.0759305344012058,-0.35839380229122214,0.027179814745471723,0.46923115858103975,-1.304566109526328,1.2170710175940491,-0.23011996770306398,-0.395287436144367,-1.2657564274839614,-2.626588155968293,0.3552751708574299,0.04801838591806085,0.003033041636916383,-2.1095803016918353,1.3754376830593793,0.6256281569363831,0.43585918956782155
899,-0.9693387468847062,0.7716027556653721,-0.9534052821323077,-0.6808047248557125,0.5040654871436988,-1.4218765640057016,-0.5728067445006213,-1.4568423921943674,-0.9018522876785585,-2.566203453994425,-0.3464984970177124,-0.28409349419825125,0.16936762944982736,0.8557080956935995,0.4260810535057576,0.8221862969021408,1.2382311396528443,-0.67221681192449,0.42741945303481554,-0.5123963895826048,-0.21712493259452528
900,0.5446610708141314,-0.13250678504664887,0.5309871654552948,0.02580218234440309,1.7879578239385359,-1.2477579828990073,-0.20275768981743747,2.227276141305176,0.4392403935112307,-0.35249994763170006,-1.3907303614664144,-1.4665324557319803,1.2847879031949656,0.1207202524233035,-1.0556775332201855,-0.8376950211901736,0.6670299124331279,-0.3258737811259932,-0.5572197827762762,-0.4725768350444405,0.016095455987642882
901,-0.9304550565803794,0.1953896867857052,1.4662547767706084,0.4505436600424651,-0.8468122666481793,0.04857823365700478,0.9673957130020704,0.09946016257220823,-0.22232995845316444,-0.06333440635984565,1.0417406769806865,0.7150596540989029,-1.0813684841275442,0.14477544413564905,-0.9092858060438377,0.4327427553620142,-1.8904981891966781,-0.9955066648219204,0.11891931027239452,-1.8708475418395742,-0.14643412793253444
902,-2.0257436470893007,0.5167820161016867,1.5708037531476682,1.75272349941492,0.2493987217328108,-0.10436281570227232,-0.40022306832470966,-1.3306611447989352,1.0469288422745553,-0.4556100190109046,-0.5769333749132939,0.2502972080383699,0.9500704995615623,0.42013709470263805,1.1143351241016792,1.6750418617407523,0.3560993163994358,0.8575715122013187,-0.34642421358633707,0.9071319933789125,-0.06424820950053149
903,0.4174052399372417,0.4523234071821245,0.740320066870857,0.4756055522929655,0.2519626696427083,0.04499800502720182,-1.785330165825378,-0.28892248372724505,0.9658202980852401,-0.971369677647332,-0.5315238235072319,-0.02750416147001021,2.240887510239126,1.6378949948831831,-0.47131385094503014,0.5660062993146203,-0.9907312770607102,-0.6720625024167327,0.4629886177165509,-0.08049500664042555,0.004909430208683952
904,1.4424406754885568,-1.0316281756909618,-0.42718316941857404,1.4303863181141057,1.200387419125563,0.9328187677335217,0.6055592264686591,-0.49053657790172545,1.8034334101500213,-0.5750615374569374,0.6268160288319674,0.12280436009927077,-0.9405997478595796,-0.04766427340212565,-0.6308998296265337,-0.42828506865468097,-0.3565517713272274,1.397766028284059,-0.12068530498251312,0.7656613347944823,0.03795697309547861
905,-1.4813948373257297,1.1110342297389186,0.9782191335043641,0.49278419744318913,1.0641940226352604,-1.3955927210841221,-0.024375967063473804,0.30279336615235236,-0.6537659738284141,-1.7829090486118657,-0.45480516823166023,1.4352588765425247,0.11270871232249649,0.5004533834839326,0.5350845388129941,0.35475821011795944,0.13947648074005298,-0.7665514336450129,-0.16272503968462387,-0.5516684423805713,-0.2084258449877948
906,1.4580930436049886,0.9999969448065358,0.17544536506678793,-0.23474483929982695,-0.2765602308194127,-0.5966116625925869,-0.6082382339996388,-0.6369769032490877,-0.08312207950934104,-0.1533116769162827,-0.45893430084938514,1.3041037210768018,-1.834249172620435,-1.046592067752236,-1.3155818235969008,0.7960180230095358,-0.5671852705032642,0.9331070213531556,1.2222073478747182,0.8792554362641272,-0.17992910480269658
907,-1.3366573121358039,-1.2224775736121791,-0.5457061896526109,0.6193209774820196,-2.083263613358301,1.9550263641945207,0.8292106145056947,0.6722238929866593,-0.7107392971000389,0.1738615610663061,-0.5894552361888001,1.7294883049936756,1.0651389296060039,0.9442751671050366,-0.6174940309806485,-0.5160074704304817,0.029490259236151728,1.40678941382273,1.9448449961415655,-0.4266197698282314,-0.23676432487874535
908,-1.665371075763528,-0.9396964526414661,-1.0403867851173667,-0.0233193436924913,-2.7640712637653047,-0.41222619280995737,0.7728681206802505,-0.7546535731263214,-0.4928418131888376,-0.5838558579415151,-0.8692733905029135,-0.8780240804635003,1.3248818622073681,0.9437878272566629,1.2626041655829359,-0.6090452811649777,1.075905914065512,-1.4126800653372167,-1.010677405587486,0.12485957453983895,-0.040333834198148365
909,-2.080707335239389,0.7316926199862783,-1.2853318421207507,0.61774710609289,-1.0711000798117145,0.7184039470767344,-1.2014057243791856,0.4075456123510017,1.1667143592303522,-0.9524019254207563,-0.3459448429950657,0.11463744462144111,-2.422585474596854,-1.4162839767846354,0.38739502491694916,-0.5355593294628012,-0.9040307757974514,-0.3400613984183959,1.0080863786193568,0.5074293371595232,-0.1634285895111642
910,1.2482930523822628,1.4454858727757631,-0.5681152407313138,-0.40062385099546766,0.8263641976673126,1.4112955633598705,1.5153777861918576,-0.29199631421511574,0.08074666029739641,0.2577535482256698,0.21468218904614053,-1.0746907519349556,1.2486326007427262,-1.5807614080270136,0.8046616690614828,-1.1864988467610498,-1.0648582843720698,0.5743940124858076,0.5968656529687723,-0.16836508631604188,0.17904336878815658
911,1.251279427030137,-0.4821394258187,-2.238481709119329,-0.2801170944087203,-0.5411320858629205,0.21865838016959865,0.6171231890667149,1.4296012041398263,0.22467575837596993,-0.36123672883259716,-0.07077536106414693,0.3209662143744599,1.688261601794142,0.8781929085013689,-0.3245002874845839,-1.4653190908843952,-1.355674524341779,0.2643239410600074,0.6547271289724617,-0.42455063883339517,0.30636800528679015
912,-1.2438398611291615,-0.4756279092917122,0.8664962355086726,0.16166350912321403,0.7702020746338687,2.2645690289196327,0.7209897227070357,0.10409453030498984,0.12462710257137713,0.7427595022194142,-0.5469530715276401,1.3529821201408019,1.7837088074007699,-0.029279752890559972,0.03298045853034673,-0.6317454939416364,0.5656277026854095,-0.2880235936394929,1.2293090894286545,0.5778100451371598,-0.12845337876521007
913,1.0028502347513872,-1.5632761420498287,0.18539745848018596,2.0362541918039208,0.5737613356680523,-0.3036251741263942,-1.0720895465057867,-0.465097855340724,-0.6653984977157399,0.10831689536967966,-1.0683351548512752,-0.3292962906017566,0.286957650892933,-1.1287860683848452,-0.8636937243675018,0.5339635065250884,0.49582570630761125,-1.1828220454458866,0.09826497456301908,1.2958275836215465,0.3121492038842453
914,1.7993504179307958,-0.36941970432275617,0.25490213381541316,1.73253587074942,0.4452642241907694,-0.24980193248249233,1.4841791641770867,-0.6811884685321722,-0.053552322858467644,0.7330644289272719,0.052312413659933575,-0.29734785009632214,2.6043126959132104,-0.2961680610397898,0.17914254725776407,0.26283347202396484,-0.17928455680924038,-0.23465626083111657,-0.842836896329353,2.0426470954494866,-0.29889964773934874
915,-1.8511861926068065,0.1794664238774513,-2.2913819029497473,-1.6143366563294028,1.0174430549845146,0.495676983783573,0.5585395961568208,-0.8725736779050374,1.0076276174805965,0.009542365832802106,-0.05858527125777186,0.6815382975758139,0.498911389703528,-0.9092580806098425,0.2839748422165742,0.26233773495218826,0.8460118330674543,0.7181504432600136,0.12280911096368038,-0.48202751945888545,0.03981075419810794
916,2.4017805954424007,-0.8182890708308647,-2.242424024246859,1.7610170154508076,0.6796595561562134,0.7777582408712778,-1.4974859413359944,-0.04936292286412824,0.28494316931939706,1.074329301110919,-0.5522424917170741,0.9536665378743777,-0.6544143801810446,-0.36809877211461783,-0.04950138014821784,-1.193720651627506,-0.03093961275936291,-1.1691410845605261,-0.05938893191302325,-0.5947473072624081,-0.27736302224754755
917,-2.1668150577725016,1.1478607687796067,0.1170210973030258,0.8463262721585502,-0.0007312332829781285,-0.48664847405538336,-1.1050128462095963,0.34097091157079756,-0.4940304415363406,0.5202662288890737,0.263816611729409,0.6096383371606,1.1031519541610817,-2.3448534936861267,-0.02369754902224449,0.2079144478263554,-0.6566185204893692,-1.2902915456646842,-0.571877606652352,-2.0104424471020677,0.08941190612929899
918,-1.2410641224049523,2.0246740898548183,-0.44865147939846534,-0.34277898317403416,-1.0872596399839014,-0.6370242580567033,0.28412096811445214,-1.5566553269804901,-1.5243644124929578,0.7126663848645911,0.528443487849072,0.07805078516731155,-0.6038818118430364,1.179614724265419,-0.5446984187256051,0.06372108229376887,-2.0865307857798,-0.177303018376435,0.486014075339638,-0.19755120618263258,-0.10320140001165184
919,-1.9761141713647143,0.7708321539023747,-0.04171882901398828,-1.6451347003217949,-0.060427423935385915,-0.16570352510821615,-0.9799966480757574,1.3606349863370666,-0.3777505323654115,-1.8169089364930522,-0.1439113076160658,-1.536959768550355,-0.4975062800845981,-0.45791027447250926,-1.045302216270665,0.2658965366543396,0.5369337071399714,-0.8426030676664776,-0.4677145282940552,0.25195687983752074,0.14259162999606387
920,-0.23290284818481954,-1.2461674186358032,1.353919211042053,0.48118840321808176,1.9037990790036543,-0.47333377504201457,0.48341339661181837,0.23811918690492015,1.1970243943516439,-0.07446871984098234,1.4028223489793943,0.2944315978105494,-0.660769046798016,1.2314775020481201,-1.0041227183394046,0.13959952805346426,-0.7868977375125163,0.1588306795319449,1.514294147935447,0.630411999571086,0.24539019083023314
921,0.018168691249603932,0.44870963233417077,0.2922761308479696,1.286652544990705,-0.57995851625218,-0.28795256527080965,-0.059931010707352496,-1.9948329860756304,0.5471770123027276,-0.15744581107270852,-1.034958450903587,0.6559469636671674,-2.5128443853023774,-0.2308684341045562,-0.9761411288408567,0.002146538064693463,-0.7021149262120117,1.5372599704423195,-0.5208215907028734,-1.176795657445735,0.22553530369490965
922,0.5703573327007672,-0.5821273714311286,0.1668294413057613,-0.40146915563829344,1.675225724705794,-0.9624012164046998,2.0485400123521873,-0.15294813891128436,-1.2621780409582,-0.35388293761281325,-0.25888098853381425,-0.8162098997615914,2.4608857697244044,-0.43864985195414774,-0.6201375979256192,-0.8409089777327832,-1.7689178953623668,0.32736164651407373,0.091223354936675,0.8303283922014858,0.19987019604431117
923,0.6281539404070735,0.22291598276613528,-0.24686397356858386,1.3663873063232208,-0.3490207423890449,0.6278964678021337,1.5393484915949134,-0.3880997634717074,-1.3338341817827353,-0.08431764335521261,-1.2345762102121998,-1.3164999113096476,0.26259300194067425,1.5364422586673385,1.4666850769515158,-0.6587986189154211,0.6849910904843691,-0.06698733550697687,-0.07123208343293233,1.0018696836222345,0.061990238503388695
924,-1.8779264322735107,0.9065326179285151,-0.6507256691958057,-0.9758512860077768,1.0912061504262807,3.295399207135768,0.5175287792444947,0.7618993980497502,-0.5230061204198644,-0.07064959448029531,-0.8434959096829351,-0.9719372477461639,0.85763527195056,-0.25699613810456323,0.28927135110467517,1.2869947631084633,0.33327317706841364,-0.5339128690937051,-0.9015768136700282,-1.1215820548835695,-0.05216968278368737
925,0.5538589580667043,0.8962533188863052,0.2921295084494361,0.782827457888756,0.35259370591377504,0.7211845517102542,-0.8812345183669817,-0.5401575245886179,0.07434531361642188,-0.9789390131657129,0.42911744700169635,2.090555878002705,0.0466545725768086,0.38989416389591575,0.13748390422493842,-0.6902681179130483,0.06323165693359753,-1.358314285870393,-0.8819733911492084,0.6329125627825753,0.19661811787323621
926,2.0922516607930626,1.4446656355982703,-1.0634527605872577,0.21140577317512252,-0.19636478379802497,-1.799467072472847,-1.0852512184144014,-0.7652553986472942,1.0358906464628423,-0.047290267712294366,0.2831335964967885,0.7957772706573641,-1.4321150919296572,-0.14056971797076093,-0.22185322847552183,1.8160587643368453,1.4343589676882456,0.3904546194564745,0.20318013827691994,1.8250700250199134,0.09627367013615233
927,-1.5874885238292666,-1.6577451172574047,-1.3305467464679372,-0.6955290409930168,-0.6166172448575957,2.484811969596522,0.8401198970275843,-1.1927754977170268,0.7775609194712212,0.376239257548385,-0.7377151251267295,0.36157014322474007,0.4991001866170957,-0.07404232420065471,0.02404508500663739,-0.5748976262339279,1.431303037257834,-0.19544758857347286,-1.0698840576620086,0.4139010042763408,-0.06022272263096451
928,-2.188674616261238,-1.8225323619428357,2.1861576507922678,-0.38108265404582636,0.161013004330321,0.18691301131094046,-0.34149508234539866,0.9879015170253705,-0.14723885127445582,-1.244767122299804,1.0630858901406042,-1.236811526315031,0.2792781753954075,-1.240055261356725,0.6662947301158528,-0.49400477170384793,-1.396376705628926,0.7185391378913946,-0.6564843637989567,-0.5278916349632209,-0.23929670793836436
929,-0.8685234884420491,1.6382424051116602,0.9678861990143317,0.435612502740449,0.21780956297816212,0.04488733025331729,0.030557895140446614,-0.43727584137525144,1.1134490034200768,0.38599175123318213,2.0697629879862975,0.12886469414712318,-0.07836971042835966,-0.12815893460726147,-1.5902125287389741,1.898698519050698,0.12021693488647289,0.3643309129513734,0.8818251455976067,0.998064577972663,-0.057271723618804296
930,0.6276444736361433,1.1319013944420921,1.3543430964832515,-0.4544266493233988,-0.21144208033450443,-0.6598396152885333,1.965813282649233,-0.18542298351221068,-0.9520502029002577,-0.6572034667422088,0.4979167919409148,-0.03241904977879036,-0.08718843504296481,0.6835726869480133,0.6279133945746901,0.9670375812795153,-0.5580896330875587,-0.6146727370082067,-1.4618537602660937,-1.9787218011109522,0.12454204326393287
931,1.8091275335445867,-0.06453100168568282,-0.5258874372930213,0.18506168551369445,-0.25286917443589535,-1.0287861388265667,0.06402291378128291,-0.35057036724242674,0.529485640645534,-0.4979443784001694,1.4196255911039268,-1.3249853077572444,1.3154807233291255,0.009196181270867191,1.4823496806841279,1.1403874624637065,0.8282682760612975,-0.05985430153125086,2.269694079714337,-0.24249331950531752,0.06037205351262166
932,-1.2644437046739105,-1.2983273643764524,0.9258886427711458,0.5698313922813137,-1.0288676398636596,1.3426806768935362,1.3238471299800727,1.555590924119106,1.5422581072133283,-0.12836876831923114,1.8958574499130807,1.0996909978931022,0.21367129896221623,-0.3833274207996986,-0.6577486566919403,-0.16914342538134908,-0.42777389975002433,-0.9204042490131485,0.2951793326451016,-0.5135680848594328,0.022186387735128845
933,-1.1257941081506826,-0.08085679736285888,1.7816878680968944,-1.3263485676782047,-1.8574256546696115,-1.312341583896157,2.1307905869082666,-3.0897363870325787,-0.6854962428166456,0.6566461483674536,-0.2873967289750315,0.10242877689374072,-0.7982779230969803,0.5145184377982923,-0.9308856052243558,-0.31722456589907977,-0.8718607034516642,-0.2378239238572533,-1.0487652839161645,-0.6190307041828582,-0.016716208516430117
934,-2.46438868977551,0.847610178854115,-2.713518910379086,-0.6167199254792622,0.47849494757592415,-1.2236289937875795,0.40971219514775215,-0.2286521369803453,-0.49673348233494463,-0.7424336527665814,1.8768205565308984,-0.571003060177133,0.1452931107033184,-0.6557835281861205,0.5875073201532476,1.4485302821114212,-0.8307130765267229,-1.3446779318431525,-1.3263712571276691,-1.2335479224250332,-0.043294241237073955
935,-1.4053848410102454,2.293561520862261,0.042772598208865545,-0.15526931047963433,-0.43364349609789526,0.9068453266048434,-2.1190056262582964,0.9549762722093998,-1.2563631318184578,-0.13019535950537273,0.48266750085817195,1.3325766765892992,0.01221736701266573,-0.0483194287016565,0.49196458519803316,0.23335061324599568,-0.07146255941599,-0.7551582905974548,0.43470259244329723,0.08573039226499263,-0.23310245651422773
936,1.3321425621492113,-0.27578292597401255,0.9517442959522897,-0.14579958611649135,0.9731420673339717,-0.5061457780204356,1.0604846318787382,0.4281093308274822,0.7493395866289951,-1.4563528070238982,0.9145190479360259,1.100612093219584,-0.3479962434560653,0.2977322836488368,0.2608555671280015,0.6391646136207619,-1.9763317095739557,0.19294019946905142,-0.5804196208513007,-0.2384148404055977,0.23328118438784098
937,1.7907642157962105,-1.0245263618402543,-1.3154928033199518,1.3304803931015767,-1.9356811371973124,-0.6675783532659754,1.205512969778563,-0.6902903746724292,-1.035115101134291,0.753268728540738,-0.4738410720714802,-0.8858148382252818,0.16263103943437607,-1.2783935348599698,-0.28016303245617097,-0.28848480604114907,-0.3839256353497737,1.1000826797367669,-1.859213614353282,-0.8307636359575877,0.18046963045153222
938,1.019466229825699,1.8696718003194857,0.10716918778001754,-1.4702498445879377,2.220759884242248,-0.7307492363387555,0.9257684949269561,2.481309604941552,0.31140145897376603,0.5837803939817535,-0.4096974124379523,0.09735051819231838,0.3629551937458839,0.4794641457388438,-0.6166802759735815,-0.682801633606087,0.6905251899129088,0.7071204052088003,0.5892787864259929,-0.2569065887492486,0.23600570786039363
939,-2.2976604180565565,0.4327375296221867,1.360560124444722,0.7135811122639552,0.39304197717843187,0.25910015405813913,-0.7344456583765147,-0.48176829746850525,0.5379529442031539,0.8473081123630292,0.597275575439973,1.4106410754592862,0.01599864152666052,2.258762498883465,-0.46758969030215125,-1.2843733232877497,0.4244655606082379,0.7485440139773707,1.1195838908112414,-0.21282699753799342,0.1308026409989099
940,1.5907962405866543,0.7978910844377316,0.824939126680877,2.153183139028584,-2.3891402076168915,0.22351055568832676,-0.6668355654949809,-0.38857458814101864,-0.7091558877487054,-0.03166324783265768,-0.8507405840441398,0.1604208314801198,-0.6512982889208655,1.323128003461409,0.6425511240611673,1.1158281520358655,0.8131690120223314,-1.3217043483684903,0.1348037221393554,0.32025556531942817,0.3151991292550095
941,-2.173623667873104,0.043922762998846336,-1.0051131024046243,0.47757938284423135,1.1526460536273042,0.683051752168139,0.4997718970922752,-0.6917453971144432,-1.721592508923009,0.16979217146316045,1.6086982307555524,0.10680943030843386,1.0312529610436756,-0.08719278623226516,1.2513841669846366,0.24325125157809063,0.5668968213995244,1.522628785196033,-0.18630401537523306,1.5001580823226957,-0.1698003944120963
942,1.261139843082454,0.14548445867799237,1.0522991017204153,0.0705276625625556,0.8883716561274345,1.8384861570280953,0.06645689713710268,0.453802129319865,-2.678470280819234,-1.2358145934510838,0.007476937487292573,0.3002058705183196,-0.24351874587773675,-0.7696877774856414,-0.5947812864934843,1.3342825019526208,-1.6901889378672987,0.17190596072879696,-0.2463430110823138,1.1786505290603528,-0.07373912010613834
943,0.46253811940785244,1.4224881361990185,-0.06730086998109887,-0.6181559040320388,-1.0000980851106487,-1.0174858539427536,0.2561063726595124,0.3536299712411598,-1.4350812943168028,0.7995773408847646,-1.7698176815069384,0.10333837923479713,0.31043546928183774,-0.22462962899986458,-0.9697104628709595,0.4066084815693037,-0.04397574542447414,-0.6288201531976753,0.19068306714565428,0.27834664336316756,-0.2959042858432019
944,-0.7117561451379396,-0.4218055711378695,1.2018440248826137,-0.7267214376554763,-2.608857717492706,1.6976823200352458,0.7036722155612142,0.3547523936709826,-0.493106250360842,0.3540021807771679,0.9783714928552318,-0.7220254220071249,-0.1694699651318665,-1.0289493999172685,-0.22428673091641793,-0.4030224336534527,-0.5053018137816335,-0.4537201006509614,1.4049022001372888,0.3632801910751439,-0.25436492857918547
945,1.848567096924636,-0.7853384264103231,0.7971088508187311,0.44585150163563214,0.38142687478958315,-1.604229418727223,1.2639607039212022,-0.15962096446921048,-0.5743322030920848,-1.6376497033361457,-3.476410029621284,1.010886923591785,-0.6361645733547269,-0.15152166687841098,0.7627614824853985,-0.7523845793151452,0.6484168976355323,0.28678627810589513,1.038594948355716,-0.3187458069246467,0.013673861567476181
946,-2.178632891056634,1.7913508796428415,-0.31930126932440805,0.07328389263193165,0.20680247928579945,0.8302619952278381,-0.31212408831979,1.7259181834219965,-0.7530607978604126,-0.2968939464285159,-0.961451773736167,-0.7622148919408899,-0.05326565779260015,0.40971594042636345,-1.1443025821860622,1.5654944218923148,1.3261626370845894,0.043086961534129345,-0.6326727531285943,-0.14834609092118275,0.14695089405080425
947,-1.2592368759157941,-1.2669835756863035,0.08661450490239575,-1.100893739093272,-0.6148498264095429,1.719850016390864,0.01612149352864152,0.316139485891168,0.8449691822822653,-1.902703936639151,-2.7524752028878385,-0.07194100933688359,-1.7513655915350252,-0.09413535315550639,0.38900268098304064,0.5046715411275763,0.44932759649544973,1.1188558407545142,0.3912874103322903,0.8113989970447394,-0.1518219643815641
948,0.15570876439930179,-0.19173009377039232,-0.4514904652382559,-0.5012030301076115,0.5555702886871826,-1.19391997316936,1.672769730121367,-0.9994323323088495,-1.798948161234034,0.6357316178830552,1.7579724532239,-0.32048628703008014,-0.6786965604700772,-0.08093519077255105,-0.9563952546757073,-2.017828145072798,-0.2656674057823342,0.44218021188825946,-0.5424038466518326,-0.9193499903212773,-0.24587229622866502
949,2.509636140873989,-1.6136540683966836,0.6381676553021542,1.0503470614728105,-0.5311732767728602,-1.5704843796317647,0.30755625200436115,-0.531176740074073,0.3537402317693506,-0.7518483164598273,-0.1274181279542668,-0.6777931612246346,-0.272540482567726,0.3461477197140741,0.2516043929450231,1.7052879397527276,-2.2034704226798176,-1.8851901980489094,0.9387650947716968,0.7447706538238726,-0.05167454256932481
950,1.3719979220584204,-0.08593857885880994,-0.3715565401213482,-1.4050282929439388,-1.2555476411535909,2.404949804149445,-0.2467564490820552,-0.456383921483687,-0.5465413682116479,0.2824528355787169,-0.13502295874931725,-0.9751789935178447,-0.6880831363858416,1.1050681110375882,-0.49461567258311373,0.38513114736007087,-1.3862605590562904,-1.2211760987699747,-0.8881363332638779,1.2030668668534723,-0.19760773084397543
951,0.056875439355197996,-0.015928767536853294,0.35956584993271257,-2.0122907976977693,-0.20093736553670105,-0.6289973368362447,-2.0151370104897857,1.1524776324082344,-1.0280688095308215,-0.36287581774406596,0.4144704810188393,1.5096444484917872,-0.5552170870647657,0.5762673396979693,0.027258577283226004,-1.3484195071707095,-0.6952704339678576,1.624996672704561,0.11922304406833285,0.05579318314322357,0.3005055112169024
952,-1.8443322865751217,-1.237527058393376,-0.7908380505134674,0.9710262014812304,0.674634443120263,-1.0713975381967888,0.41508784477653055,-1.6547032111541227,0.14421896568398299,0.2823611074553935,-0.4660194145023708,0.35444092234703917,0.09976001944335876,-0.6171021430454551,0.531703498244691,-1.3502709410175944,-0.8199063218977243,-0.9474998357158556,-0.2196273592557286,-0.09525222906384477,-0.19932787475176356
953,-2.3149712181628876,0.023679496439662124,-0.942484761527976,1.2710373968188167,-2.0217530099255545,-1.061602607620336,0.4852521427433525,-0.5100178119249277,0.3056100615095289,0.42806517704972424,1.7573171170761965,-0.21625943421119567,-0.7969996334608168,0.2640277964753308,1.179520568283034,0.0855153488388099,-1.2929625539619922,-0.48946778420390313,-1.1503493817618737,-0.5289623002127583,0.11521968862917784
954,-2.060503560479201,-0.365495874996315,-0.544487517944048,0.590641843080133,1.4046332931303125,-0.6708952281444156,-0.15233393171143828,1.1791223233064156,-1.2792180303625913,0.13334436642424669,0.29229538689881424,2.867088419921752,0.11317952666717933,-1.4592056055302607,-0.0036303681551863747,0.1804320872613965,0.14769424976218812,-0.33881931713114233,-1.473887940440615,1.0348411978140892,0.07437272822704882
955,1.966221167551906,0.553599559380442,1.7303696513315476,-1.4682133710888288,-0.4323752943281357,-0.097526603243679,-0.6818229116213891,0.09451686229127249,1.5028466077610418,-0.6038195532129281,-1.1140824370664217,-0.5791927575762019,0.3166613087146727,-0.40460263153565107,1.3394791272516888,-1.0852164608186314,-0.46714477473048877,-2.464900611357654,-1.5440792439816322,1.175607541845574,0.4436759798956321
956,-0.4965088139397847,-1.0760188572811908,-0.5386198074121881,0.6963477791765752,-0.25905199806762236,1.1103451312942998,-0.5165114219554263,-2.826725020166646,-0.27414789527682304,0.2957946288747901,0.7785079371787155,1.6411808916664068,0.4201776459490283,1.4941931061504061,-0.44264843780548524,-1.1132812075943492,0.8404847280729405,0.20772512623012718,-0.4941459890585081,1.5541910641042056,0.17331516992253837
957,2.4130670840185178,-0.003840166084737958,0.3365959417328563,-0.1848588546052372,0.22993338661989055,0.6915780003270207,-0.6313220560623446,0.6301742432013736,0.2982234204968902,-0.19895483341303583,-0.7904550993191125,-0.21442245436666604,1.241822619264169,1.0480402096819508,0.40929764175307454,-0.3855011028578066,-0.25567200227260467,-1.9911980624823293,0.2525047888704388,0.7936873333304701,-0.1940411724690337
958,-0.7351263924740528,0.18219716874955652,-0.11050423498390417,-1.0929095902956367,1.7870617523940933,0.782896330290061,0.3148134558386253,0.31515726740131716,0.21560487293711755,3.1446362431454458,-0.14653287020998468,-1.4102369566235629,-0.4336023664038913,-1.3853626383480742,-0.03814775039611207,0.2661010254844545,1.0541635460081225,0.20519474981465627,-0.02341413847812899,0.693482208948459,-0.029042352125488825
959,1.359141920644454,-1.6330861498500362,-1.331928832176046,-0.00046814968929787904,-1.2737628455198684,-0.029386960266647232,-2.6623641215274745,-0.30433332560885495,-0.8139764984416439,0.4822250189253732,0.84948696307265,-1.5133937374734072,-0.1857413291605575,-0.6349863295982151,-2.041308860392194,0.9635158404543043,0.37326503789734133,0.5446672224059574,-1.0234237079177264,-0.5698217923191475,0.5021415637833396
960,-1.1579152986754009,-0.6132685027359265,0.34209368242798965,0.026757010810878647,0.8332688380339967,-1.7116564754332508,-1.2905977302539613,0.5517761635457297,0.48169330031256796,1.1898312815989998,-0.582938150938174,-0.10946472368818064,0.6120228891298104,-0.41923406068074853,-1.2223743003260623,0.42129036342207093,-1.192493707116178,0.9053179667733636,-0.6333154469334582,-0.23693396390383836,0.023515243172732996
961,1.9729928756250295,-0.6412086900488911,-0.4173166457345005,-1.864910565300901,0.7067130752966402,1.2347785274481613,-0.11226653511479272,-1.468650912732793,-1.5324850715277576,-0.21947610818746283,0.5701463913404486,0.2855908513171221,0.33026431506000664,0.5390392334757278,1.7837240204941829,0.44779133092644147,1.368046124871437,0.02085304910060154,0.4414208123220839,-0.7409501265866604,-0.23636604660387833
962,0.06373990343066087,-1.7442141541604737,0.3076987239130175,-1.460602345557654,-0.5361615734131011,1.3640755150802093,0.5958703737481923,0.03016068973829468,-0.15089817986916554,0.12737476599590128,0.3290965154935688,1.4258242372219312,-0.5377248890691577,-1.3358587397677129,-1.8433840411266456,-1.1876316135720264,-0.04764903571496169,0.2089403058776235,0.17805772644323845,-0.16880655664721936,0.29062517068560934
963,1.0732808211733762,-0.4052885235213316,0.1791491126808902,-1.5562702853284764,0.5047005286119485,1.4102564668973634,1.926313677250052,-0.23062873057439795,-0.5436696302045296,-0.22202440247702418,-0.7700417401142594,-0.8855070915125732,0.866950067239243,-1.1661359249780177,0.1191453305360094,-0.29630435118009324,0.35894467817960246,0.26650704161307476,-0.20680973802299948,-0.9073781510321869,-0.3020495628974103
964,-0.49015973446072925,0.9327237355876383,0.3598335287280184,-0.48815584302622866,-0.14419698774084935,0.7318778259508367,-0.5289618168077881,-1.1537638740000216,0.15075837453258048,2.0078340263204604,-0.27506704644257823,-1.3433281794612206,-0.4695679050650242,-0.7357166711880087,0.8712810288241735,2.3051780241581303,0.05416834373333911,1.2676801131633146,-1.6704467242759309,-0.23152146792082123,-0.19528257212481523
965,-0.22861779440721922,0.30451980191550254,0.7580192525515139,0.8322086675926685,-1.4667514007328226,0.2624809294733606,0.07336417341772539,-0.6247109507576618,-0.0594289995587096,-0.17211892015216718,0.21441020519478016,-0.9028585556828591,-0.7685942196413639,1.478482787216742,1.147864296751731,1.950838665641362,-0.7536683606630578,0.07041805314282272,0.4682817698430352,0.47639634941669934,-0.1725590238053836
966,2.0554737792857063,-0.04286586290985794,0.5500296693856582,0.6266753786840212,-0.6423430964097695,0.13881707945593322,0.7170671483266923,1.887621381393919,-0.647695239833203,0.2791065749211961,0.8400873112534138,-0.266396693766578,-0.32357308214206304,1.3775183087544063,-0.8694259790159407,-0.6709958292658463,1.5298961334853816,0.08882528631979747,0.19017305668302256,-0.023860897534627817,-0.26937516691506674
967,-0.9391422241435121,-0.2042882293656755,1.0433321903450299,0.04024280777057912,-2.3679634476958658,-1.3376115900499759,0.7802856599052328,1.8585536083193959,1.4802848016328427,-0.9178693267284325,-1.066430771417226,0.42879510656699577,-1.1030092065712258,-1.9538183538320308,1.2196653632143677,-0.1381547117298907,0.522737953966251,0.6646404925450342,0.46585800597605637,-0.18944741375894916,0.061957258215430876
968,-0.9284127798647348,0.31073450724245205,-1.4369828706151464,-0.3502320429681141,-0.6673119540612518,1.5005362246776408,-0.5062472715775692,0.4380102747753626,0.9412151627566256,-1.9273913968780638,-1.4714496873195042,-0.19431941127550562,1.6090242563229373,0.03885789046804552,-0.3566618624621473,0.6808323538013428,-0.34283310473482853,-1.4173809103566888,-0.800424404443942,-0.6501466364434562,-0.12403848942394463
969,-0.5793408449559806,3.20372743397788,0.38760830583200884,0.9242934053499244,-0.34967598789035165,0.27264267617432186,0.33862391589663415,0.035172603609937764,1.1430276950851106,1.8857154925559187,1.018126527692369,0.34256277563314935,-0.3417641229743176,0.27659077983545477,0.09628994527240411,-0.8841230988017466,-0.07161139522995691,-0.8578658499027656,0.8920367527459095,-0.08483169503071109,-0.20896681473780815
970,0.8005207871548983,0.9724920591727376,1.7031959272340917,-1.543719271300576,-0.8306759765926276,-1.5209214366844306,-1.8982048568514107,0.7581055394027946,-1.4396333248945654,-0.41696983853093045,-0.24177582578615836,0.14975751214090166,0.2805471077343814,-1.162703665737819,-0.5842462267214539,-0.9838160036985923,0.13272062145863264,-0.7747799656875036,0.2742019267293528,0.31610556163551345,0.23544791204861445
971,-1.1477839006503323,-0.4107701982912006,-1.5303691936116641,0.7072686947313743,-1.7480407393783457,0.2685218942363443,-0.48735101782245,-1.2197918579606537,-0.2202797547386676,0.9245677185707967,0.5312227961867432,1.0397682034523859,0.5936711081247759,-1.2109375463892469,-0.7144219482891556,1.5967083433140037,0.4732461238625533,-0.29743053244471884,-2.171049901773081,-0.7872141556716261,-0.17828773161983072
972,-0.17410522001083287,1.4139240058745068,0.705736561822991,-0.47926281585256236,0.4087714207088343,1.567311929615628,-0.3935444166705748,1.3967476440735198,-0.6844172340854466,-0.268102053165023,-1.4497012065096657,-1.6269198905705684,-1.8205620934053188,-1.279820877025545,1.3672378978030744,1.4022198865852917,-0.1546226307882998,0.48580257589488907,0.6987928202995134,-0.9695197077587239,-0.021339104575414523
973,-1.2342164962750855,-0.2310895799912703,1.1577899043988114,0.08957651551989043,1.8454090263281753,2.1921663967401948,1.157904313483475,0.7779078219358856,0.6178469957493287,-1.2170495840590758,-0.6685458997398264,0.33907621762916496,-0.22309822053635414,-1.0889526456826026,-0.04212649055847939,-0.10477618107945838,-0.8888515676827613,0.49124534005061876,1.1910383831178801,0.7918235039373462,0.24037185984201856
974,0.23421778941119578,1.9671005242521689,1.3606385188864996,1.3486933874178206,0.16209380159872477,1.2924925213355887,1.4793516451589992,0.15139301523528692,-0.5604338085166376,1.8763695449770605,0.16935516417979618,0.6023831112936492,-1.538343547553276,1.7833905079806225,-1.3082392054641228,-0.8228184492485965,-0.4036885492582476,0.331758103682894,-0.20370394833175903,0.5665433846137318,0.1630947034755733
975,-1.7308616151470317,-2.122188248149158,1.3545460639729812,-1.7949373207417605,2.593156026380394,0.35022779889005956,-1.4258522319118228,0.33393909214522655,-0.8101730740996498,-1.2792712384380598,0.16135939042955708,-0.7435184270141425,-0.13243434973206739,-1.5332577293718765,-0.3063016649263967,-0.16923683438771298,0.17346951212931155,-0.3015587960214288,-0.42191141227024964,0.7805743230222691,-0.134368336056489
976,-0.7270856559038217,0.25925529051777696,0.7471850501218986,-0.5084586610678807,-0.3136658964119137,-1.1282203609008812,-0.49639119592954606,-0.8026876661313262,-0.48261999737771993,0.7464516792358679,-1.6460513618716333,0.2723204787865198,-0.48253387511730994,-0.6833312151480714,-1.2896488196751188,-0.8238120371798466,1.7165274344998158,-1.3860428922469328,0.31361864648187754,-0.13853996453994874,-0.2345223998209984
977,0.2446367874346366,1.8879826245917541,0.9834363106873955,-0.5383065664103842,-0.7189203671529867,-1.2835233817116471,-0.7455131929631467,-0.9915610114046587,0.14932930908625963,-0.679587229334799,0.574142516056073,-0.6436006367804711,-1.1287738714367601,0.7997951733967815,1.0139381890545864,-0.34101254943666154,-1.3178274835962867,0.9548507097413933,-0.7474819125381968,-0.0752481038038818,-0.03373797958541837
978,-0.7800194749927569,3.028104886369497,-1.1016359737594108,0.9771293583909793,-0.3273973600360158,-1.4163818084866744,-0.1392515377411218,-1.2927256409840278,-0.6590630414482662,-2.586352255096094,0.5481005956696157,-0.5903908044998923,0.45638581123084715,-0.1915409063795307,1.7459091867954417,0.1674538875320886,-1.0747840094798604,-0.2613805571267195,-0.2679207950767324,0.8053862258901183,0.24180771316376115
979,1.000744419552832,-1.0558542410390648,-1.3523432720132373,2.5023900249218087,0.12442378213526817,-0.25204173796880247,-1.6551714086592895,0.11873159362862198,1.695271934217108,0.2127535738999194,0.8280503840063171,0.17082933629167382,-0.09549278293061954,-0.9571549036338777,-1.5638455807634548,0.7029924981074325,-0.6441135193536123,0.7982669902029614,-0.08530351462281532,-1.1918190731723743,-0.03408583179629958
980,2.1784643561180275,-0.959178529004721,-0.10013206802049718,-1.2314380185443528,0.32912291026473034,0.3232609811585186,1.8015783366657887,-0.2286837792249384,-0.5614938197194955,1.4825464008779308,-2.131235794520688,0.4155945390366243,-0.6659092173596931,0.43277461610855916,0.4758901287090174,-0.2413540945869478,-1.103165587103419,1.4753665574941546,-0.803423570673585,0.15826317491458664,-0.025046507011037986
981,-2.106657768184882,-0.21461775717588444,-1.2505351858191398,0.46024690264239515,1.1112673922956642,1.6764955014728105,-0.8199639064360247,1.4689187749685289,0.8308657828665621,1.0850471099090957,0.8881883910998696,0.13451796508107652,0.9039488502871919,0.20101951115471584,0.4216834874988859,0.7598735915066839,-0.13660329759584083,-0.8517645831795339,-0.7310959961192445,0.5361988053136809,-0.05312005821844794
982,-1.4255616667659663,-0.35180184017845073,1.9533498471251334,-1.350680418477167,-1.1203136787502386,-1.0363642970392477,0.3946490642542922,1.2542904249893712,0.540258896423909,-1.6327176127453167,-0.06543821214727435,-1.5326477572282122,1.538576766876996,-0.37091406776135266,0.5883615152384858,0.9442780853044654,0.4235687694814825,0.9281824308312917,0.7373096220456422,-0.49408506183162393,-0.15228439375293448
983,0.05111041135236726,-0.8181360627769827,1.281596694274984,1.066774057450892,-1.2848509116493096,-0.5887184726479012,0.7643736680632632,0.17028110706269878,-1.9339878945454454,0.07791067214184452,-0.5337608968995438,0.6633371371207814,1.0614210167422453,1.6836449728809115,1.3982706864723504,1.195756365814784,-0.9140837438633257,-1.9687583867996898,-0.41531330224296475,-1.1002177136004176,0.16696458150875856
984,0.40423523993662114,1.8962649235292723,0.3288385075043664,0.6674735530237954,-0.9409844073371291,0.08208222232487519,-0.9237386204571247,0.25247467021171255,0.20824149319307067,-1.0576083626118014,1.2504002429758811,-0.2927643289106684,0.7559447829742735,-0.10891405619401315,-0.9650727538149315,-0.14533258719974765,0.8617260965915451,-0.7605875180983377,-0.14629559946531026,0.8907287985413168,0.28487073324371587
985,-0.867067746808525,0.18733430822327685,-0.8103044295140002,-0.26561121817699634,0.41912848055347107,-1.4408206683083673,1.0560501438938525,-0.028923977159781195,-1.1405210071897296,-1.8408233439306918,-1.1412726897706353,0.4753445296206721,0.8764253719718986,1.0226087817335332,-0.6188301479298876,-1.088773817816332,-0.5523574888301028,1.0253090433512924,-0.8176940336703049,1.325183141506271,0.07873426782999501
986,0.1272350142892683,-0.8186785053379406,-0.6520704782733001,-0.014318607827387288,-0.77634886502894,0.9406500178701036,1.7729505266841858,-0.7653467327253938,-0.458466925419502,-0.39195663502552514,-1.5083424941374586,-0.4617327780612512,-0.5079397090187939,1.8080785387816178,-0.1188264298239103,0.49733403625938083,1.9831715102009553,0.7999028497277058,-0.49278893042465965,-0.44307786796493465,-0.13908588700327806
987,-1.1102953700555576,1.645211243334182,1.0330761222251037,0.27500799786012553,1.3120937880714347,-0.6408854852900198,0.9656033182370339,-0.02233276302548683,1.0095075674442384,1.825974742905474,-0.6307039737112744,-1.0131993186913242,0.8307028040173862,-0.3490814246390299,-0.4038207526905256,-0.9123936352872313,-0.9828854855973687,0.29317306510963137,0.9040796881633174,-0.9792541749504348,0.019147768267311748
988,0.8406398292967643,1.6204296662733946,-0.2149364430874518,-0.9284239580459019,-0.8163116562004017,1.9676322296199718,0.7595684042572983,-0.3499289166986318,0.2292843632319847,-0.30543386769951625,-0.1378166890429112,-0.5346286283254637,0.17919796829999643,0.956532287227054,-1.4509153518336766,0.5433240317233164,-0.4056906056544914,0.7007540574004772,1.8728404304619128,-0.5842136265005635,-0.026550975191098402
989,-2.189680270105666,-0.4523615408956974,-0.4396872506033682,-1.4986470784885515,-0.06570810777647663,0.7808133875457505,0.15088420862864593,-0.5039064983584085,0.4543186434429009,-0.6165762421384089,-2.0888467607495387,-0.30245868125800723,-1.302375448968486,0.22927512869412803,0.27303226107121686,-0.36534891507265554,-1.0960632288038257,0.3886870234414598,0.732445399609153,1.0394832923237007,0.07176508768277211
990,-2.0024566016185927,1.6551332792942974,0.757822566242664,-0.24462950523244056,-0.29673370667731286,-1.0238535239546156,0.66189259426304,-0.21889156990148653,0.6182019980705938,0.09455096237956202,0.19128882584165577,-2.125547422642617,-0.1925766463312,1.4048034659551973,0.4655380248560237,1.4627714645213945,-0.20696253173915174,0.6998869274358784,0.5404325326307726,-0.5513439887800996,0.14643345300827068
991,0.39325112470306306,-0.6014971477639022,0.985025660368932,-2.4958422474617596,1.176890660045221,0.8895866450327623,-0.19125796204243117,-2.184149538748776,-0.03162754208547451,-0.894087818208766,-0.35564639896475037,0.0941056225581856,-0.2102790436661768,-0.38459715423751994,-0.24603313315677988,0.07502174011569557,-2.5317114734116823,-0.4348467567540833,-0.6272635474849172,-1.5591092854534594,-0.09599314607193123
992,-1.4224387963251426,-1.9896724317040375,-0.2903158592243126,0.27453787142592917,-0.8068243974363117,-0.5687800022403271,-1.4563839282189028,0.8315222679110655,0.7252929244454133,1.355591821005714,0.9148469191415406,-1.3907309747831789,1.2591944195310696,0.5577902437824263,-0.4251211551965175,-0.23352574538901966,0.6295808698698696,0.8190845513147387,-2.1369511909615215,0.3422378641308508,0.13802077074974356
993,1.974417725247831,2.13594051455176,0.16926624882552962,-0.6160262496360336,1.2342847564646138,3.0408354245204636,0.6865422286763265,1.098446519808243,-1.0163707532539705,-0.20303731267318365,1.1894596825399608,0.49779656188665805,0.051143198234402186,-0.8769974478332218,0.628175046079139,-1.3907939795289728,-0.1964953722422305,0.24887919046980084,0.513374797090953,0.04011136203730953,0.23111320275619868
994,1.7519541432868413,-2.4442904754441828,-1.1900269544707898,1.0979384089716215,-0.5221955164810228,1.2840817933017281,0.3233692222697428,1.0512350786969125,-1.2416885590369333,-2.3289131888205494,0.20659671942655672,0.19090870194270557,-0.22171266873201098,0.5857588581097193,-1.0156915448739585,-0.4333257554236658,0.08764314996255412,-1.2855767544266041,0.3283365194222607,0.20502887687427637,-0.17684077030561202
995,1.562251121612343,0.6267149444729789,-2.0679691844618433,0.4150980869470369,1.491552539332761,0.5085180459603976,1.7761714780091131,-0.940437219348031,0.8680544808744503,0.29243163956010537,-0.29257864041865767,-0.6768609000758373,-1.0353566116599353,0.12476152195772934,1.2745768828940216,0.27530159897031875,-0.4068650700456435,-1.8209447670295775,-0.021958721419615898,0.025730624453203073,0.043550088923864506
996,1.0549708648625102,1.6960759807710923,0.5597519124104283,-1.370514733400121,-1.1315414121496223,-1.4120052347245222,0.297173504875509,-1.636182798523848,-1.5423638486490225,-0.3596889912897608,0.5809516127399525,-0.5192698069592294,-0.5557072046439714,0.9683493318386491,-1.2206870876123912,-0.7666696979026202,0.729587582601659,-1.1337613561089075,0.11279333412055492,0.2364109251014177,0.3719550467791328
997,-2.0698971483317017,-1.3366644669238397,1.1048046668883207,-1.6268491182274603,-0.6992562672029519,1.063259111524346,0.09718869986841548,-0.48659736182885205,-1.3974891563120235,0.21828937910282947,-1.072297047961852,-0.9707528582351251,0.7235415795368982,-1.350885266463973,-1.2818178927638864,0.8783466307098364,-1.023767852771711,-1.1405406349758904,0.6450270279375812,1.0269341517627446,-0.02302242401943323
998,-0.5523167334471246,-0.18651438607487864,0.5848989720625203,-1.4687405066469617,1.2897566448014604,0.6699767915596965,0.9919094703846938,-0.15739068023852343,0.1505159226683583,-0.8836168537764696,0.25716298434859813,-1.5578649223755558,0.26960648310232405,0.22035242086650572,-0.0005828104744432016,-0.12106495391316675,-1.0625833663241235,0.5836142722045418,0.14971501733034617,2.086230616009453,-0.251845577269307
999,2.7201358524246237,-1.2893895852660715,-2.6119879321573984,0.24567679518454358,0.7107388570693316,-0.7016813365867712,-0.317294251775493,0.759556368179334,-0.10466963280027056,0.5035381748271267,0.8736580178887386,-0.4232118979894844,-0.5501437953587316,0.2848485376572345,0.12923427141461924,-0.9109180790760549,-1.1371959577817679,0.6452479405760164,0.5412758635057542,-0.24732491742487003,-0.34140859465730655
