Projet - Coût estimé,Projet - Coût réel,Projet - Durée du projet (en jours),Projet - Avancement (%),"Ressources - Quantité des matériaux (kg, m3)",Ressources - Heures de travail,Ressources - Nombre d’équipements utilisés,Ressources - Consommation énergétique (kWh),Caractéristiques bâtiment - Surface totale (m²),Caractéristiques bâtiment - Nombre d’étages,Caractéristiques bâtiment - Volume (m3),Caractéristiques bâtiment - Hauteur (m),Caractéristiques bâtiment - Indice de performance énergétique,Caractéristiques bâtiment - Consommation énergétique annuelle (kWh),Qualité / Sécurité - Nombre d’incidents,Qualité / Sécurité - Nombre d’accidents,Environnement - Volume déchets produits (kg),Environnement - Émissions CO2 (kg),Environnement - Consommation d’eau (m3),Environnement - Niveau sonore (dB),Données complémentaires - Note satisfaction client (sur une échelle quantitative)
-0.0075092097284866,0.3242563179396925,-0.6222984295522239,0.9641805180457129,-0.30657093594190826,-0.29198506662501866,0.05308520953702465,0.02814813376935763,-0.6923358051299582,-0.4438859721107425,-0.21305248884566344,-0.45374637500621784,-0.45431403370693907,-0.1144481129403741,-0.4190751380468963,-1.2121882051884687,0.11909364794119402,0.03640659840167332,0.6929764712063937,0.10722382898466562,-0.01127503381215943
-1.211696660747394,-1.0509460023129786,-1.5566336923802468,1.3639236847313316,-1.428670770356428,-1.7258851138922136,-0.9649873021319455,-1.44496820897517,-1.6339598503444035,-1.2205893353841328,-1.5154075723319007,-1.5135919224659964,0.8016884291479495,-1.6000868694794852,0.47068099368749056,0.02473853479976469,-1.146609738665286,-1.0034254135277594,-1.2383761431987415,-1.4403365893507163,0.6934145794478044
1.1966782412904207,0.890516096867263,0.6234819208851398,-1.0345353153823806,0.7135198226167462,1.0463216441576966,1.216596651444419,1.4146105739995014,0.8770376035607841,0.3328173911626478,1.0230811497175447,0.7385798658860332,-1.3514586500318595,1.6683183949065594,-1.308831269781283,-1.2121882051884687,0.9327601107596455,0.8682722079452195,1.3367606760081054,1.43370418755785,-0.7159646470721233
-0.6956163245964336,-0.5979381791709223,-1.2451886047709058,-0.3682967042396828,-0.7554108697077162,-1.056731758500856,-0.5286705114166727,-0.6650830863457142,-1.1407282076130274,-0.8322376537474376,-0.8752669380759536,-0.9836691487361071,0.26340165935299725,-0.5601397399021074,-0.4190751380468963,-1.2121882051884687,-0.6493691224984546,-0.5181704746273574,-0.6303577275526804,-0.777096410064124,-0.01127503381215943
1.1557530706336496,1.3285423041439786,-1.4320556573365104,-1.7007739265250785,0.10391358530209427,-1.0538639584063216,-0.6741094416550969,-0.9125666319267949,1.5675619033847106,-1.2205893353841328,-0.5587284313438748,1.4009833330483947,1.3399751989429018,-1.3255408272710576,1.3604371254218772,-1.2121882051884687,-1.7595718073218527,-1.2342681201760934,-0.9450966721224061,-0.3349362905397292,1.3981041927077682
-1.6081151696228182,-1.8108019102304722,0.34318134203673295,-0.9012875931538411,1.0697355155054282,-1.150413228255646,0.3439630700138733,1.6414704907821587,-0.5376404262732992,-1.6089410170208278,1.6605729261765707,1.6659447199133395,-0.8131718802369072,1.6498964743254743,1.3604371254218772,0.02473853479976469,-0.8410327781845787,-0.8834981214852315,-0.9522498299535362,0.328303888746863,-1.420654260332087
-0.014476294266524563,-0.3617593148056459,-1.4943446748583786,-0.23504898201114324,0.5645865718671826,0.35040215455068474,-0.5286705114166727,-1.4583129099623853,1.5361744352108957,1.1095207544360381,-0.4143656814116716,-1.2486305356010519,0.44283058261798136,-1.3650588181949979,0.47068099368749056,1.2616652747879982,0.42015023918402106,0.28735272394730976,0.37108436880553786,-0.5560163503019266,-1.420654260332087
1.2542384014491246,1.4561125429109467,-0.964888025922499,1.4971714069598712,0.1998021166066078,-1.701030846406249,-0.6741094416550969,-1.1314543896781288,-0.06907036567849197,-0.05553429047404732,1.0402987253975322,1.0035412527509777,0.26340165935299725,-0.9569538517737041,0.47068099368749056,0.02473853479976469,-1.0941734555058746,-0.24989381554956383,0.8288864699978662,-1.4403365893507163,1.3981041927077682
-0.9560304622182082,-1.0721726545973493,0.24974781575393068,1.3639236847313316,-0.09826840304423104,-1.3731457022644837,0.3439630700138733,0.4498060234043501,-0.5757537804843601,1.4978724360727331,-1.1317646680778193,1.1360219461834502,0.08397273608801319,-1.4764817249354312,-0.4190751380468963,-1.2121882051884687,1.1108626587321286,0.025315056941092703,-0.2726998359961739,-0.11385623077753179,-1.420654260332087
0.8299515544215483,0.6163654696121863,1.6201062012350307,1.230675962502792,0.36893316437563267,-1.1810030959306794,1.216596651444419,1.1300391581422644,0.0026724187187991085,1.1095207544360381,-1.6456430806805245,-0.5862270684386901,-0.9926008035018913,-0.5481060659741407,0.47068099368749056,1.2616652747879982,0.29448397437094914,0.6665447976309096,1.5442022531108792,0.7704640082712578,-0.01127503381215943
-1.1039734919148168,-0.8484191476668264,0.15631428947112838,0.29794190690301503,-1.1271319421264898,0.945948640848993,-1.5467430230856427,-1.0824082808549875,-1.1115827014516277,-0.8322376537474376,-0.9035214212431126,1.1360219461834502,0.6222595058829654,1.1547330767709887,-1.308831269781283,0.02473853479976469,-0.4568013929647544,1.6176444778756973,-0.02949246973774946,1.6547842473200474,-0.01127503381215943
-1.6760141391824128,-1.4347083439176063,0.8414934822116784,1.3639236847313316,-0.9690178745498985,0.6563008313010197,0.7802798607291462,-0.18969977715180372,1.7155313962041234,0.3328173911626478,1.3722889026116512,-0.45374637500621784,0.6222595058829654,-0.978792741494829,1.3604371254218772,-1.2121882051884687,1.6614436319059476,-0.2706904557881525,1.8160222506938242,1.6547842473200474,-0.7159646470721233
-1.2479255003451915,-1.2443318062421571,1.5889616924740968,0.9641805180457129,0.26039550766499187,1.2824371852743615,1.216596651444419,1.178045420135233,0.9824098181443053,-0.4438859721107425,0.6853517806100968,-0.18878498814127317,-0.8131718802369072,0.8770671931738288,-1.308831269781283,1.2616652747879982,-0.6701628209927039,1.0083029188850499,-1.6747187708976794,-1.2192565295885187,-0.01127503381215943
-0.6479649068918283,-0.4343214607625074,-1.650067218663049,-0.7680398709253015,-1.2083311665077587,-1.6780884456499738,1.652913442159692,1.054823570759779,-1.4972001675870674,1.4978724360727331,0.22445052394581488,-1.1161498421685794,-0.9926008035018913,1.463003118752854,1.3604371254218772,1.2616652747879982,-1.2587148957647172,-0.2609853570101444,0.19225542302728457,0.9915440680334553,-0.7159646470721233
0.33730126553184164,-0.06505536949842544,1.4643836574303604,1.230675962502792,0.944876406657849,-1.7000749130414041,1.0711577212059948,-1.6787604379589782,1.545142283260557,-1.2205893353841328,-0.7860887255796078,1.2685026396159225,-0.9926008035018913,1.7286353284220473,-1.308831269781283,-1.2121882051884687,0.0585207001535982,0.7185363982273811,0.9504901531270784,0.10722382898466562,-1.420654260332087
0.23480771077226095,0.10930410585878675,-0.4665758857475535,0.9641805180457129,-0.4581564226637243,-0.755612748574745,0.7802798607291462,1.1284793878970054,0.7088904526296331,0.3328173911626478,0.176771083601234,-1.2486305356010519,-0.9926008035018913,0.8078364271191061,-0.4190751380468963,0.02473853479976469,-1.3292326558756495,1.6495326595748667,0.9719496266204688,1.43370418755785,-0.7159646470721233
-0.22438336965699182,-0.04015611807643884,1.1529385698210193,-1.0345353153823806,0.08473587904119156,-0.4478022050947205,-0.9649873021319455,1.2577670104484664,-1.3828601049538847,-1.6089410170208278,-0.5450426660597822,-0.7187077618711625,0.8016884291479495,1.563432298694898,-1.308831269781283,-1.2121882051884687,0.751041267396858,1.5018765138808872,1.3939859386571465,-1.2192565295885187,0.6934145794478044
1.0200755502595622,0.8844166701056717,0.997216026016349,0.4311896291315546,-1.3372706383895727,1.7202546663732783,0.3439630700138733,0.9856737565533007,-1.6675892805306336,-0.4438859721107425,1.7409216126831792,-0.45374637500621784,1.5194041222078858,-0.8624672268578166,0.47068099368749056,1.2616652747879982,-0.5897002485584348,1.3070813169794402,-1.3027545636789126,-0.5560163503019266,-0.01127503381215943
0.2980103492728819,0.5760801310541963,1.5578171837131627,0.5644373513600942,-0.09622822152711373,1.6877529319685551,-1.6921819533240672,0.004578272285445185,0.8972152616725222,1.4978724360727331,-1.5564648681841786,-0.9836691487361071,-1.1720297267668753,-1.1117574102050793,1.3604371254218772,0.02473853479976469,-0.8717712890021646,-0.8363590702777639,1.2151569928788932,0.9915440680334553,-0.01127503381215943
-1.2624617631467767,-1.2278455572499516,-1.7123562361849172,-0.6347921486967619,1.2947675368434675,-0.12565266114202403,-0.5286705114166727,1.072847582482771,0.9084250717345989,0.3328173911626478,1.2447022520599484,-1.6460726158984689,-1.7103164965618276,-1.6932364195144876,0.47068099368749056,0.02473853479976469,-0.37362659898775713,0.5376056281516599,-0.7519614106818926,1.43370418755785,1.3981041927077682
1.4172853823170846,1.5871935923072662,1.4332391486694263,1.3639236847313316,-1.256683468463439,0.9411689740247691,-0.3832315811782483,0.25258174128161215,1.6505144978440784,-0.8322376537474376,-1.4262293598355549,1.1360219461834502,0.9811173524129336,-0.32436886923935054,-1.308831269781283,-1.2121882051884687,-1.3012063666007918,1.7278666711402173,-1.2383761431987415,0.7704640082712578,-0.7159646470721233
-0.13422413493141905,-0.3365041286654762,0.9037824997335466,-0.5015444264682224,0.8975441954607274,0.9277859069169418,1.5074745119212678,0.8231110354363164,1.7469188643779383,-1.2205893353841328,-0.9776894395569051,-0.45374637500621784,-1.3514586500318595,-0.5097765860554316,-1.308831269781283,0.02473853479976469,-0.7108461441336265,-0.48905517829333334,0.6858233133752636,-1.6614166491129136,0.6934145794478044
1.5700795671735122,1.6579437069715595,0.997216026016349,0.4311896291315546,0.7579957796899035,0.17164261532470773,-1.5467430230856427,1.0924313644510217,-1.0779532712653976,-1.2205893353841328,-1.476557657977057,1.0035412527509777,1.1605462756779177,-1.0362869613728927,-0.4190751380468963,-1.2121882051884687,1.3911255514807064,-0.9223185165972636,-1.381439299821344,-1.6614166491129136,-0.7159646470721233
-0.00933269358288666,0.046206587635428904,-0.06169727185541027,-0.23504898201114324,-1.1438614305668517,0.3494462211858399,-0.23779265093982396,1.4549912925712043,-1.6160241542450806,-0.05553429047404732,-1.2297724065639022,0.6060991724535608,1.1605462756779177,-1.5614602618094684,0.47068099368749056,1.2616652747879982,0.8477771690874961,1.7403446552833703,-0.44437562394329705,1.43370418755785,-0.01127503381215943
1.062548961924786,0.9985422838358169,0.4054703595586011,1.3639236847313316,-0.32636069665794615,-1.5088882400724448,0.7802798607291462,-0.9664653592907417,-0.853757070023863,-0.4438859721107425,0.9965925717483332,0.07617639872367149,0.8016884291479495,-1.1234939563817383,1.3604371254218772,0.02473853479976469,-0.150320358636471,1.0935691438632633,-1.438664562470385,-1.4403365893507163,-1.420654260332087
1.3040745592434355,1.2947446847674158,0.28089232451486473,-1.3010307598394597,-0.5779150777185104,-0.6083990103886463,0.9257187909675705,-1.2794592551726967,-1.6586214324809723,-0.05553429047404732,0.28890606367089644,0.07617639872367149,1.3399751989429018,-1.0576801594670557,1.3604371254218772,1.2616652747879982,1.733769539712032,-1.266849523216549,0.4712285784413597,1.2126241277956527,-0.7159646470721233
1.3057432189969904,1.4120898898120349,0.49890388584140344,-1.0345353153823806,1.7248378006517961,-0.1275645278717136,1.0711577212059948,1.6841042108192357,1.4890932329501734,1.4978724360727331,1.3824428574998489,-0.5862270684386901,-1.5308875732968434,-1.0039000364803399,0.47068099368749056,0.02473853479976469,-1.1041182678292114,-0.7323758690848206,0.17079594953389418,0.5493839485090605,-1.420654260332087
0.04912200582514544,0.004724014116277741,-0.3731423594647512,1.230675962502792,1.433703898159156,-0.9276807542468084,-0.09235372070139966,0.7317778221861556,1.4509798787391126,-0.05553429047404732,0.5418719832768673,-0.45374637500621784,-1.7103164965618276,0.38992624490465416,0.47068099368749056,-1.2121882051884687,-0.5842758054729784,1.6370546754317135,1.7087248832268722,-1.4403365893507163,0.6934145794478044
-0.4217840982347341,-0.034299374077245114,1.0595050435382172,0.6976850735886337,0.61967147282935,-0.6342092112394558,1.5074745119212678,-1.4976537817039155,1.758128674440015,-0.8322376537474376,0.9740772804745033,-0.5862270684386901,0.9811173524129336,-1.5550720151563502,1.3604371254218772,1.2616652747879982,1.1958456004042781,-1.3451835347818997,-0.6518172010460708,0.7704640082712578,-0.7159646470721233
-0.38944306383594063,-0.28685123547894154,-1.1206105697271695,0.0314464624459359,0.872857999103608,1.2824371852743615,-0.09235372070139966,1.6551618073794314,1.5810136754592026,0.3328173911626478,-0.7701955787980809,-1.6460726158984689,1.1605462756779177,-1.4339924564984128,-0.4190751380468963,-1.2121882051884687,-0.6113980209002602,1.5857562961765281,-0.6732766745394612,0.7704640082712578,-0.7159646470721233
0.7632223669572292,1.0582907799380887,1.682395218756899,-0.5015444264682224,0.9150897565079363,-1.2268878974432298,-0.3832315811782483,-1.0877808228108794,-1.6272339643071574,0.3328173911626478,-1.6928810447256184,-0.5862270684386901,-0.9926008035018913,0.7066644277987927,-0.4190751380468963,1.2616652747879982,1.5366814409404517,-1.6599060237258747,1.7230311988891325,-0.777096410064124,-0.01127503381215943
-1.580659695739587,-1.274812761199287,1.7446842362787671,1.6304191291884107,-1.6639036992800538,1.6772376649552625,1.5074745119212678,0.9139243252713908,-0.1296033400137063,0.721169072799343,1.4221757244536664,-1.1161498421685794,-1.7103164965618276,-1.0902156482352623,-1.308831269781283,1.2616652747879982,0.9029256737896356,-1.5067041073016048,0.2423275278451955,1.43370418755785,1.3981041927077682
-0.8022901300788371,-0.6831036499216289,-1.4009111485755763,0.8309327958171733,1.31394524310437,-0.9687858889351346,-1.4013040928472185,-0.2481045074464985,-0.8672088420983551,-1.2205893353841328,0.6504751529506348,-0.5862270684386901,0.08397273608801319,-0.09884890599671343,0.47068099368749056,1.2616652747879982,-0.5218947099902305,-0.807936995285026,1.701571725395742,1.2126241277956527,-0.01127503381215943
-1.4757405634000968,-1.271043088956712,1.4332391486694263,0.9641805180457129,-0.0874554410035093,-0.6657550122793341,0.05308520953702465,1.4659096842880168,1.5585940553350492,0.721169072799343,-0.7719614839960283,-0.18878498814127317,1.3399751989429018,-1.6049894773760645,1.3604371254218772,1.2616652747879982,-1.5868937024348257,-0.021130772925088626,-0.8950245673044952,-1.4403365893507163,1.3981041927077682
-0.7810448229072893,-0.6137934529808942,-1.0583215522053013,0.29794190690301503,1.6116077264517856,0.16208328167625977,-1.4013040928472185,-1.3082283508074721,1.2962844998824536,1.1095207544360381,0.9255148875309487,-0.7187077618711625,0.44283058261798136,-0.04952569927961495,0.47068099368749056,0.02473853479976469,1.5619955086725812,1.5601071065489354,-0.23693404684052324,-1.4403365893507163,0.6934145794478044
1.1557530706336496,0.6315250528366187,1.2152275873428875,-0.6347921486967619,-0.03645090307557658,-0.8521620184240695,-1.1104262323703697,-1.1056315267288424,1.4263182966025438,1.4978724360727331,-1.3997407818663434,0.7385798658860332,0.6222595058829654,-1.5494265878815017,-1.308831269781283,-1.2121882051884687,-0.9703153383879549,-0.3760600996636683,0.10641752905372302,-1.6614166491129136,1.3981041927077682
-0.8311046155139324,-0.6432713191867809,1.0595050435382172,0.5644373513600942,1.1309409610189476,-0.863633218802207,0.3439630700138733,1.6588012712850355,-0.40312270552837853,-1.6089410170208278,1.0301447705093345,1.6659447199133395,-0.8131718802369072,1.6944656370216478,1.3604371254218772,0.02473853479976469,-0.750625393426973,-0.8141759873566027,-0.9522498299535362,0.5493839485090605,-1.420654260332087
-1.3095454924816161,-1.3403371070466201,-0.310853341942883,-0.23504898201114324,0.09473276847506638,1.4334746569198393,-1.5467430230856427,0.9213765608876278,0.7828751990393396,-1.2205893353841328,1.62128153552224,-0.056304294708800835,-1.3514586500318595,0.9832903642663752,0.47068099368749056,1.2616652747879982,0.5105576239416267,0.3566748580759386,0.37108436880553786,-0.3349362905397292,-1.420654260332087
-1.5211384303035098,-1.3672263571202665,1.339805622386624,-0.5015444264682224,-1.1401891038360408,1.622749463159109,-0.6741094416550969,-1.114123609175252,0.06544735506642879,-0.05553429047404732,-0.07442893080678938,1.0035412527509777,0.26340165935299725,-0.9123846890775308,0.47068099368749056,0.02473853479976469,-1.003766070748269,-0.18057168142093497,0.8288864699978662,-1.2192565295885187,1.3981041927077682
1.1356947482352489,0.6844946104425863,1.1840830785819534,-0.7680398709253015,-0.5811793681458981,0.08369674575898645,0.05308520953702465,-0.15469160053599257,1.2581711456713929,1.4978724360727331,-0.9198560443241264,1.1360219461834502,0.08397273608801319,-1.431912562239258,-0.4190751380468963,-1.2121882051884687,1.2012700434897345,0.09463719106972156,-0.2726998359961739,0.10722382898466562,-1.420654260332087
-0.7763484918483156,-0.4378484502426848,0.5300483946023375,1.230675962502792,0.430138609889152,-0.8942230864772406,1.216596651444419,1.1473699386451413,0.13719013946371986,1.1095207544360381,-1.1975446367013614,-0.5862270684386901,-0.9926008035018913,-0.5035369032779673,0.47068099368749056,1.2616652747879982,0.3848913591285548,0.7358669317595384,1.5442022531108792,0.9915440680334553,-0.01127503381215943
-0.7387434380207822,-0.33359193551670585,-1.1828995872490375,0.4311896291315546,1.625684978919895,-1.3702779021699492,-1.5467430230856427,-1.0650775003521107,-0.9770649807067071,-0.8322376537474376,1.1502263239697605,1.1360219461834502,0.6222595058829654,1.199302239467162,-1.308831269781283,0.02473853479976469,-0.3663940082071487,1.6869666120043263,-0.02949246973774946,0.10722382898466562,1.3981041927077682
-1.6760141391824128,-1.5096326020951372,-1.2763331135318399,1.0974282402742523,0.11023814800515794,1.2833931186392062,1.216596651444419,0.24408965883520253,-1.1676317517620114,-0.05553429047404732,-0.14197480462827897,-0.9836691487361071,0.8016884291479495,-1.6883338116179085,0.47068099368749056,1.2616652747879982,1.0412489724687723,-0.6824639325122078,0.11357068688485315,-0.9981764698263215,-0.01127503381215943
1.1536027358996872,1.0978966067613658,-0.9337435171615649,-1.1677830376109202,0.8261378423616216,1.2594947845180864,-0.9649873021319455,1.375443010063,0.7559716548903553,-1.6089410170208278,0.45181081818154784,-0.3212656815737455,0.9811173524129336,-1.6092978297700278,-1.308831269781283,0.02473853479976469,1.4743003454577037,0.0495778038861128,-0.8664119359799747,-1.4403365893507163,-0.7159646470721233
0.8307600802815182,1.2774980297863645,-1.4009111485755763,1.3639236847313316,1.5752924954470975,1.4688441914190968,-1.4013040928472185,1.3374886007616997,-1.1026148534019664,-0.8322376537474376,0.6716660153260041,0.3411377855886162,1.3399751989429018,-0.900351015149564,0.47068099368749056,1.2616652747879982,1.4507944254207263,1.7479700900375197,-0.19401509985374246,-0.3349362905397292,1.3981041927077682
1.6781467895635234,1.8873112751388785,-0.9337435171615649,1.230675962502792,0.4103488491731141,-0.1638899957358159,1.3620355816828436,0.4329951663165596,0.33224083454385495,1.4978724360727331,-0.08149255159857914,-1.2486305356010519,-0.45431403370693907,-0.6103543298731294,-1.308831269781283,0.02473853479976469,-1.701711081076985,1.6439868888445763,0.2852464748319763,-0.11385623077753179,1.3981041927077682
-0.734700808720933,-1.0946450783953605,1.0906495522991513,0.9641805180457129,-1.2799415377585763,-0.8301755510326392,-1.4013040928472185,-1.5092654046408431,-0.16323277019993648,-1.2205893353841328,0.14498479003818007,-0.7187077618711625,-0.27488511044195496,1.5525871357721626,1.3604371254218772,-1.2121882051884687,0.2167336234794082,-0.9458880422009974,0.9075712061402976,1.6547842473200474,-0.7159646470721233
0.40513142437994953,0.6878598114144987,-0.964888025922499,-1.3010307598394597,-1.025530902574048,0.8541790378238926,0.19852413977544897,0.3243311725635221,0.2649819741713946,0.721169072799343,-0.025425061563747912,1.4009833330483947,-1.5308875732968434,1.5738317699906719,-1.308831269781283,-1.2121882051884687,-0.28864365731560776,0.2298153526205478,1.1865443615543727,-0.9981764698263215,-0.7159646470721233
-0.8637897034701599,-1.0677558283217141,0.06288076318832611,-1.1677830376109202,1.1468543768524626,-1.0079791568937713,-0.5286705114166727,0.9395738804156484,-0.5331565022484686,-1.2205893353841328,-0.11151293996368562,1.6659447199133395,1.3399751989429018,-1.2274886693394762,-1.308831269781283,1.2616652747879982,0.22215806656486453,-1.6134601938596933,1.808869092862694,-1.2192565295885187,-0.7159646470721233
-0.977791849725907,-1.0131845644839228,0.1874587982320625,-0.9012875931538411,1.0075099792333504,-1.4964611063294624,-0.9649873021319455,0.4645371868317954,-1.669831242543049,0.721169072799343,-0.7551853846155276,1.6659447199133395,0.8016884291479495,-0.3154550367001159,1.3604371254218772,1.2616652747879982,0.925527519979037,1.4588967907211372,0.6786701555441335,1.6547842473200474,-0.7159646470721233
-0.8714276924451941,-0.9953554708731177,-1.4943446748583786,0.6976850735886337,-1.2660683034421787,1.2021387826273986,-0.23779265093982396,-1.3629936171965629,-1.450118965326345,1.1095207544360381,0.10436897048538896,0.4736184790210885,-0.8131718802369072,-1.4273070820939866,-1.308831269781283,-1.2121882051884687,-1.52632075464723,1.6821140626153221,-1.4958898251194261,-0.11385623077753179,0.6934145794478044
-1.18714843942448,-0.8474969531697157,0.5300483946023375,-0.7680398709253015,-1.4078609188818316,0.6983618993541907,-1.4013040928472185,0.6931301816647404,1.3388817781183453,1.4978724360727331,-0.5702068151305333,-0.5862270684386901,-0.6337429569719232,1.5561526687878564,0.47068099368749056,-1.2121882051884687,-0.7967331596533519,0.5507768336360994,-1.2598356166921318,0.328303888746863,0.6934145794478044
-0.30196744685835286,0.071154375609895,-1.4320556573365104,-1.7007739265250785,1.3902480318445576,0.7060093662729491,0.9257187909675705,-1.1198427667412014,-1.3425047887304085,1.4978724360727331,-0.94325428819693,0.4736184790210885,-0.27488511044195496,-1.059314362099249,0.47068099368749056,-1.2121882051884687,1.4761084931528559,-0.30951085090018465,-0.387150361294256,0.328303888746863,-0.7159646470721233
0.24824300219005763,0.553542991852879,1.0906495522991513,-0.5015444264682224,-1.6212639055723022,0.8885926389583052,0.7802798607291462,0.012550431316768512,1.3657853222673295,-1.2205893353841328,1.6813223122524532,-1.1161498421685794,-0.27488511044195496,-1.1422130047141312,-1.308831269781283,1.2616652747879982,0.2691699066388195,-0.8141759873566027,-0.7448082528507625,0.328303888746863,1.3981041927077682
-0.7779311382125118,-0.5888133073047751,-0.9025990084006308,1.0974282402742523,0.09126445989596696,0.25289695133651546,0.4894020002522976,-0.26162251623874244,-1.4456350413015144,-1.2205893353841328,0.5798389450327373,0.07617639872367149,-0.27488511044195496,-1.4895553459929753,-1.308831269781283,0.02473853479976469,1.0756037786766626,-0.9542066982964329,0.5928322615705719,0.10722382898466562,-0.7159646470721233
1.6148581376735438,1.454640267485735,1.0906495522991513,0.0314464624459359,-1.6090228164695983,-1.2880676327932967,-1.4013040928472185,-0.8411638162549425,0.8254724772752311,-1.6089410170208278,1.3043015524906747,-0.18878498814127317,1.5194041222078858,0.9856673862768377,-0.4190751380468963,0.02473853479976469,-1.307534883533824,-1.4595650560941371,-0.6160514118904201,0.7704640082712578,-1.420654260332087
-0.11421742056663349,-0.3844258848135752,-0.7468764645959604,1.0974282402742523,-0.9863594174453956,-0.34169360159694806,0.7802798607291462,0.620167595747629,1.1707346271871943,-0.8322376537474376,1.6336428719078722,-0.7187077618711625,-0.8131718802369072,-0.8422625397688847,1.3604371254218772,-1.2121882051884687,-1.1158712278477,0.18960851482594307,1.1221659410742015,1.2126241277956527,-0.7159646470721233
-0.5246045038738771,-0.7920843890889464,1.0595050435382172,-1.3010307598394597,0.8838749792960414,1.6887088653334001,-1.5467430230856427,0.9853271409432431,-0.658706374943728,-0.4438859721107425,1.2389630601666193,0.20865709215614384,0.26340165935299725,-0.2184428258981119,-0.4190751380468963,-1.2121882051884687,-1.6926703426012246,-0.5999705928991395,-0.27985299382730405,0.5493839485090605,-0.01127503381215943
-1.4147226649891818,-1.0706356637688315,-0.6222984295522239,-0.23504898201114324,1.7319784359617068,-0.1610221956412815,1.3620355816828436,1.357418998340008,-0.1587488461751058,-1.6089410170208278,-1.2973182803853918,-0.5862270684386901,-0.8131718802369072,1.1221975880027821,0.47068099368749056,-1.2121882051884687,-1.3780526436447567,1.691125940052044,-0.15109615286696168,0.7704640082712578,-0.01127503381215943
0.24017494626823094,0.32139266134340166,0.31203683327579884,-1.3010307598394597,0.901624558494962,0.5310735605063512,-0.8195483718935213,-0.2411721952453478,-1.4770225094753293,0.721169072799343,-1.7083327152076586,0.4736184790210885,1.3399751989429018,1.6394970030297005,-0.4190751380468963,0.02473853479976469,-0.18286701714920905,-1.2994309262570045,1.7301843567202626,0.5493839485090605,1.3981041927077682
-0.31215143215839847,-0.16911773801448637,-1.2451886047709058,1.3639236847313316,0.33404606043292673,0.259588484890429,-0.3832315811782483,0.6316059108795277,-0.18116846629925926,0.721169072799343,0.8071992392684701,-0.45374637500621784,1.3399751989429018,-1.0845702209604138,-0.4190751380468963,0.02473853479976469,0.6823316549810776,0.45580550987987783,0.7358954181931745,-0.5560163503019266,1.3981041927077682
0.8386389067467562,0.5665831456190397,0.46775937708046933,-1.7007739265250785,0.3579161841831992,-0.6026634101995776,-0.8195483718935213,0.7536146056197803,0.9824098181443053,0.3328173911626478,-0.032488682355537674,0.20865709215614384,0.8016884291479495,1.5848254967890614,-0.4190751380468963,1.2616652747879982,-0.027366315366127235,-0.7330690904261069,0.6715169977130033,-1.2192565295885187,-0.01127503381215943
0.5966832424813143,0.7310573431212591,0.7480599559288762,-0.3682967042396828,-1.0491970081726087,1.4784035250675447,-0.6741094416550969,0.07511454893215375,-0.6474965648816512,-0.4438859721107425,-1.1812100136203476,-1.6460726158984689,-1.5308875732968434,-0.5121536080658942,1.3604371254218772,1.2616652747879982,1.366715557596153,-1.28348683540742,-0.07241141672453025,1.2126241277956527,1.3981041927077682
-0.8509565057778727,-0.6614078109632896,-0.18627530689914665,0.29794190690301503,0.9981251442546107,-0.7709076824122617,-1.1104262323703697,-1.6562304233052383,1.7670965224896764,-1.2205893353841328,1.1007809784272322,0.07617639872367149,-0.45431403370693907,-0.8479079670437333,1.3604371254218772,-1.2121882051884687,0.2845391620476125,-0.2817819972487331,1.6157338314221805,-0.9981764698263215,0.6934145794478044
-1.1264745945709986,-0.8802591260933824,0.9349270084944807,0.4311896291315546,0.4476841709363608,1.2308167835727424,0.3439630700138733,1.178911959160377,0.2784337462458867,1.4978724360727331,-0.10180046137497471,-0.9836691487361071,0.9811173524129336,0.4867898918310042,0.47068099368749056,-1.2121882051884687,1.3305526036931106,-0.12234108875288674,1.0649406784251605,1.6547842473200474,-0.7159646470721233
-0.48945943298199673,-0.5292751362632477,1.1217940610600854,-0.5015444264682224,-0.10602109280927681,-0.6628872121847997,-0.23779265093982396,0.127973429465928,0.8008108951386623,-1.2205893353841328,-1.2138792597823753,-1.1161498421685794,-0.45431403370693907,0.16054362089501537,-0.4190751380468963,1.2616652747879982,-0.9874927414918999,-1.3320123292974602,-0.22262773117826298,1.2126241277956527,-0.01127503381215943
0.7191663089278089,0.637074398670109,-1.4943446748583786,-0.9012875931538411,1.135225342204894,-0.20117139696476297,0.9257187909675705,-1.5766821407970337,0.9644741220449825,0.721169072799343,0.010775994994174613,-1.6460726158984689,0.26340165935299725,-0.2505326230393567,1.3604371254218772,0.02473853479976469,0.21311732808910397,1.4041323047595204,1.1865443615543727,-0.11385623077753179,0.6934145794478044
-0.7382789657182464,-0.8924741584673914,0.21860330699299657,-1.7007739265250785,0.9261067367003698,-0.41052080386577344,1.3620355816828436,0.6083826650056728,1.6460305738192478,-0.8322376537474376,1.3254924148660439,0.20865709215614384,-0.9926008035018913,1.3251358421460246,-1.308831269781283,0.02473853479976469,0.41201357455583654,1.5081155059524638,0.6858233133752636,-1.6614166491129136,-1.420654260332087
1.1707366030598991,1.0205940575123391,1.713539727517833,0.16469418467447547,-0.45876847711885954,-1.5299187740990303,-0.5286705114166727,0.46523041805191045,-0.17668454227442856,-0.4438859721107425,-0.07001416781192078,-0.3212656815737455,0.08397273608801319,0.14152744481131474,0.47068099368749056,0.02473853479976469,-0.845553147422459,-1.2321884561522347,-0.02233931190661933,-1.6614166491129136,1.3981041927077682
-1.4929088359160523,-1.1330698491083029,-0.3419978507038171,-0.7680398709253015,-1.2148597473625342,1.332145720246291,1.216596651444419,-1.4590061411825004,-1.5375554838105436,-0.4438859721107425,-0.9931411100389452,-1.6460726158984689,-0.9926008035018913,-0.5429063303262538,-0.4190751380468963,0.02473853479976469,0.6995090580850227,-1.0470983580287956,0.32101226398762694,-0.3349362905397292,0.6934145794478044
1.4265060176563151,1.046981763210364,-0.24856432442101484,-1.0345353153823806,-0.9078124290363792,1.3187626531384637,-0.9649873021319455,0.07875401283775788,-1.1833254858489188,-1.6089410170208278,1.6451212556945307,-0.45374637500621784,1.5194041222078858,1.5932936377013343,1.3604371254218772,0.02473853479976469,1.7066473242847504,-0.5708552965651154,-1.4672771937949056,-0.11385623077753179,-1.420654260332087
1.4162532216447827,1.6769700355435257,1.6512507099959648,1.0974282402742523,-0.8643565627217805,1.3914135888666683,0.9257187909675705,-1.4545001382517524,-0.08476409976539938,1.4978724360727331,-0.1649315722015957,1.1360219461834502,0.26340165935299725,-1.368475787335038,0.47068099368749056,-1.2121882051884687,1.3658114837485769,0.6887278805520708,1.2723822555279343,1.6547842473200474,-1.420654260332087
0.22722132983084184,0.6565860927668703,0.8103489734507443,0.16469418467447547,-0.6507495578795983,-0.02145592437394118,-0.9649873021319455,1.275271098756372,1.3074943099445304,-0.05553429047404732,0.5131760238102214,1.6659447199133395,1.3399751989429018,0.6496158995476908,1.3604371254218772,0.02473853479976469,1.2781163205336994,1.6675564144483102,-0.7591145685130227,0.5493839485090605,-0.7159646470721233
-1.3369665610091037,-1.4307121677634604,0.06288076318832611,-0.7680398709253015,1.433091843704021,0.5052633596555418,1.0711577212059948,0.4645371868317954,-0.13632922605095235,-1.6089410170208278,0.07346562952130875,-0.3212656815737455,-0.8131718802369072,0.669374895009661,-0.4190751380468963,0.02473853479976469,1.1741478280624527,-0.22979039665226145,-0.49444772876120796,0.10722382898466562,1.3981041927077682
1.4342644253764512,1.8289056236552061,0.49890388584140344,-1.7007739265250785,-0.3963389226950699,-1.3913084361965349,-0.6741094416550969,0.6203409035526578,0.5631629218226356,1.4978724360727331,1.0274959127124135,-0.7187077618711625,0.9811173524129336,1.4401242819021518,1.3604371254218772,0.02473853479976469,1.1560663511109317,-1.5989025456926813,-1.4028987733147344,0.328303888746863,-0.7159646470721233
0.09589608695829414,0.26187066915270074,-0.4977203945084876,1.0974282402742523,0.7934949380877446,0.1267137471770023,0.7802798607291462,1.327436748070031,-0.1004578338523068,0.721169072799343,0.9833482827637273,0.6060991724535608,0.08397273608801319,0.008562776101064299,1.3604371254218772,0.02473853479976469,-0.6448487532605743,-0.2693040131055799,-0.8950245673044952,-0.9981764698263215,-0.7159646470721233
-0.3047886860293114,-0.6327874238512076,0.4054703595586011,1.4971714069598712,-0.43591844412714564,-0.976433355853893,-0.8195483718935213,1.0621024985709873,-0.40984859156562453,1.4978724360727331,0.44386424479078435,-0.45374637500621784,-1.1720297267668753,-0.7592153332783483,0.47068099368749056,-1.2121882051884687,-0.44324028525111353,-0.6783046044644901,-0.6375108853838105,-1.6614166491129136,1.3981041927077682
-1.1569577397596487,-1.2706386176860494,-1.5254891836193127,0.5644373513600942,0.27936919577418284,1.0042605761045256,-1.1104262323703697,1.1000569078722875,-1.2079870679854876,-1.6089410170208278,0.36174965308622836,-0.45374637500621784,0.9811173524129336,0.6262913710700267,1.3604371254218772,0.02473853479976469,-1.0968856770486028,-1.4054937914738068,-0.8163398311620638,1.6547842473200474,-1.420654260332087
-1.4331123276340276,-1.4421667941486238,-1.4320556573365104,0.6976850735886337,-1.3152366780047058,-1.132250494323595,-1.1104262323703697,1.5087167121301224,-0.2842987188703652,-1.2205893353841328,-0.8165505902442012,-1.2486305356010519,1.3399751989429018,0.32188398985516287,-0.4190751380468963,1.2616652747879982,-0.370914377445029,0.8613399945323567,1.58712120009766,1.43370418755785,-0.01127503381215943
0.9262177397915742,1.4266184978542336,-0.4977203945084876,0.6976850735886337,-1.2709647390832601,0.6610804981252436,1.652913442159692,-1.1241754618669206,-0.7259652353161883,-0.4438859721107425,-0.7573927661129619,1.1360219461834502,-1.3514586500318595,-0.9395718783221965,-0.4190751380468963,-1.2121882051884687,0.2637454635533632,-1.2710088512642668,-1.1668445648874401,-1.6614166491129136,0.6934145794478044
0.30379044903777264,0.4665331321079512,0.15631428947112838,-0.5015444264682224,-1.455397148230665,-0.8196602840193464,-0.3832315811782483,-0.0820756302289388,1.5473842452729725,1.1095207544360381,-1.4566912245001482,1.1360219461834502,-0.45431403370693907,-0.41632990826912153,-0.4190751380468963,0.02473853479976469,-1.354546723607779,1.395813648664085,-0.9164840407978856,-0.777096410064124,-0.01127503381215943
-1.0863579497741973,-1.348102955443341,-1.0583215522053013,1.6304191291884107,0.3828063986920304,0.6037244962345558,1.652913442159692,1.5447647355761063,-0.3537995412552409,1.1095207544360381,-1.264649034223364,0.20865709215614384,-0.0954561871769709,1.7021909585556512,1.3604371254218772,0.02473853479976469,0.07298588171481511,1.369471237695206,0.06349858206694224,1.43370418755785,-1.420654260332087
0.9691040157257189,0.38745090926800935,0.0005917456664579177,1.3639236847313316,0.48114314781708467,0.6371821640041238,-0.5286705114166727,-1.5408074251560788,-1.2595521942710406,-0.4438859721107425,1.7643198565559828,1.1360219461834502,1.5194041222078858,1.153990257392719,-1.308831269781283,1.2616652747879982,1.2618429912773304,-0.16670725459520921,0.37108436880553786,-1.4403365893507163,-0.7159646470721233
0.3939668864412171,0.3829855464398948,0.03173625442739201,-0.6347921486967619,-0.46019660418084163,0.565487161640764,0.19852413977544897,1.1047362186080643,-1.261794156283456,1.1095207544360381,-0.45586445356343647,0.07617639872367149,0.08397273608801319,-0.1411896105580781,-1.308831269781283,-1.2121882051884687,-0.5589617377408489,0.6408956080033169,0.8002738386733457,1.6547842473200474,-0.01127503381215943
1.2601905279927323,1.726833253790805,1.5266726749522286,1.4971714069598712,-1.4282627340530047,0.05406281144879775,-1.4013040928472185,0.09851110261103743,-0.5219466921863919,0.3328173911626478,-1.2951108988879574,1.5334640264808672,0.44283058261798136,0.8010024888390262,-1.308831269781283,1.2616652747879982,1.4390414654022374,1.384028885862218,-0.05095194323113985,1.2126241277956527,-1.420654260332087
-0.8818697179133153,-0.84054004731432,0.7480599559288762,1.4971714069598712,1.6589399376489071,0.7222602334753107,0.3439630700138733,-1.3945356377117986,-0.7461428934279264,-0.05553429047404732,0.27212996429039576,-1.1161498421685794,-0.0954561871769709,0.42870141645032495,1.3604371254218772,-1.2121882051884687,-1.6727807179545513,1.7604480741806727,1.1865443615543727,-0.11385623077753179,-0.7159646470721233
-0.3264296547919084,-0.28020172778924923,0.46775937708046933,0.0314464624459359,-1.050421117082879,-0.8464264182350006,-1.2558651626087942,0.9328148760195264,-1.1407282076130274,-0.8322376537474376,0.08803434740437513,1.2685026396159225,-0.0954561871769709,0.7730724802160909,0.47068099368749056,0.02473853479976469,1.3115670528940135,1.0429639859493642,-0.015186154075489199,-0.11385623077753179,0.6934145794478044
0.7581819823408215,0.3219427422715027,-0.964888025922499,0.8309327958171733,1.724225746196661,1.1954472490734849,-1.1104262323703697,-1.2912441859146528,-0.4120905535780399,0.721169072799343,-0.4850018893295693,1.6659447199133395,1.1605462756779177,-0.40355341496288516,-1.308831269781283,0.02473853479976469,0.9083501168750919,-0.001720575369072548,1.3224543603458452,1.6547842473200474,-0.7159646470721233
0.28595127208482113,0.2989364163962168,-0.3419978507038171,-0.3682967042396828,0.8481718027464885,0.05693061154333214,-0.23779265093982396,-0.6163835931326305,1.5227226631364037,-0.4438859721107425,0.3538030796954649,-0.056304294708800835,-0.45431403370693907,0.2955881838644206,-1.308831269781283,0.02473853479976469,0.9779638031384483,0.9888927213290337,0.8431927856601265,0.9915440680334553,0.6934145794478044
1.2651793045755249,1.5478628059480397,0.8726379909726125,-1.1677830376109202,1.637722049870887,-1.5815391758006494,-1.1104262323703697,1.1648740269530469,1.0294910204050276,0.3328173911626478,1.4310052504434034,-1.2486305356010519,0.8016884291479495,-1.2187234006758954,1.3604371254218772,-1.2121882051884687,0.8956930830090272,-0.8786455720962275,-0.24408720467165337,-0.777096410064124,-1.420654260332087
0.38942537948308864,0.6454388645474105,-0.6845874470740921,-0.3682967042396828,0.9836398554830779,0.8178535699597903,-1.4013040928472185,0.17823269292427069,1.4173504485528825,1.4978724360727331,-0.3397561867983923,-0.3212656815737455,0.9811173524129336,0.9296588051553133,-1.308831269781283,1.2616652747879982,-1.52632075464723,-0.3635821155205151,0.5713727880771815,0.328303888746863,-0.7159646470721233
1.6398192232653785,1.0259492571359112,-1.338622131053708,1.4971714069598712,-1.0016607788237755,0.011045810030781904,-0.9649873021319455,0.012897046926826049,-1.546523331860205,-1.6089410170208278,-0.5410693793644005,1.6659447199133395,-1.5308875732968434,-0.2759370457761755,0.47068099368749056,0.02473853479976469,-0.1846751648443612,-0.870326916000792,-0.8449524624865843,1.2126241277956527,1.3981041927077682
1.3468404164324785,1.6311353511520457,-1.0583215522053013,-1.0345353153823806,-1.1456975939322573,0.6601245647603988,0.05308520953702465,-0.3200272465334372,0.6057602000585272,-0.8322376537474376,-0.8743839854769798,0.20865709215614384,-0.27488511044195496,0.5331418210350245,0.47068099368749056,1.2616652747879982,-1.7451066257606358,0.9452197768279975,1.5585085687731395,0.328303888746863,1.3981041927077682
-1.0153797008755687,-1.2851672257282483,-0.3419978507038171,0.6976850735886337,0.32629337066788094,0.7757925019066192,0.19852413977544897,-0.26734167380469176,0.4174353910156381,-0.05553429047404732,-0.9940240626379189,-0.056304294708800835,0.9811173524129336,-1.1849994009024576,-0.4190751380468963,0.02473853479976469,0.33787951905459984,0.3414239885676402,0.3639312109744077,0.328303888746863,-0.01127503381215943
-1.628844396458215,-1.2902473848877698,0.9037824997335466,-0.10180125978260367,0.16144670408480238,-1.6943393128523354,0.9257187909675705,-1.4090934933342152,1.103475766814734,1.1095207544360381,1.2976794079983718,-0.45374637500621784,-0.45431403370693907,1.251151032070377,0.47068099368749056,-1.2121882051884687,0.577459088662255,-0.6173011264312968,0.5284538410904007,0.10722382898466562,-0.7159646470721233
1.1053492244695724,0.5710646872979807,0.7792044646898103,0.9641805180457129,-1.4101051185506606,-0.5166294073635459,0.3439630700138733,-1.4981737051190018,0.98016785613189,0.3328173911626478,0.9343444135206859,-1.1161498421685794,-1.3514586500318595,-0.26746890486390257,0.47068099368749056,1.2616652747879982,-0.24163181724165278,-0.699794466044365,-1.0094750926025773,-0.777096410064124,1.3981041927077682
-0.07791977025734928,-0.05851911376451863,-0.653442938313158,-1.0345353153823806,0.04434028500226885,1.5023018591886648,0.4894020002522976,-0.011539353582230237,1.7469188643779383,0.3328173911626478,1.1943739539184466,-1.2486305356010519,0.8016884291479495,-1.3375745011990243,-0.4190751380468963,-1.2121882051884687,1.4055907330419233,0.5597887110728211,1.801715935031564,0.7704640082712578,-1.420654260332087
0.05158198876079835,-0.4215401686095708,0.4054703595586011,-1.3010307598394597,1.3667859443977084,-0.2833816663414155,1.3620355816828436,-0.19888509081832842,1.0048294382684588,0.721169072799343,1.2601539225419887,1.0035412527509777,0.26340165935299725,-1.1766798238658387,-0.4190751380468963,0.02473853479976469,-1.6872458995157682,1.4914781937615929,-0.5445198335791188,-0.11385623077753179,-1.420654260332087
1.1376214481568792,1.4550932753088772,1.0595050435382172,-0.5015444264682224,1.0560662993407424,-1.2699048988612456,-1.1104262323703697,-1.430237045547725,-1.508409977649144,-0.05553429047404732,0.06728496132849271,-1.2486305356010519,-1.1720297267668753,-0.5611796870316849,-0.4190751380468963,0.02473853479976469,-0.09969222317221181,0.4100529013549828,0.7144359446997841,1.2126241277956527,1.3981041927077682
1.6195372660546459,1.8241813992138676,-0.06169727185541027,0.9641805180457129,-1.0116576682576501,1.5376713936879223,0.4894020002522976,0.6300461406342688,-0.3963968194911325,-1.6089410170208278,0.7820350901977192,-0.18878498814127317,-0.6337429569719232,0.45425440306279763,1.3604371254218772,-1.2121882051884687,1.3875092560904023,0.3629138501475152,-1.381439299821344,0.7704640082712578,1.3981041927077682
1.180112062499975,0.9463654899203479,-0.15513079813821254,-0.6347921486967619,-0.40470366691525084,-1.2479184314698153,0.3439630700138733,-1.1671557975140552,1.363543360254914,-0.4438859721107425,0.6063275230019488,1.0035412527509777,-1.7103164965618276,-1.4579112404786925,0.47068099368749056,-1.2121882051884687,-1.3138634004668566,1.5095019486350363,-0.9880156191091869,-1.2192565295885187,1.3981041927077682
-0.7935855750757577,-0.704249407951867,1.5266726749522286,-0.7680398709253015,0.5229668689179895,1.3053795860306365,-1.1104262323703697,-1.6716548179527986,-0.4076066295532092,-0.8322376537474376,-1.2443411244469686,0.6060991724535608,-0.27488511044195496,-0.8547419053238132,-1.308831269781283,1.2616652747879982,1.4281925792313248,-1.550377051802641,-1.2598356166921318,-1.6614166491129136,-0.01127503381215943
-0.6548115726847644,-0.5672307203022214,-1.650067218663049,-1.0345353153823806,0.10044527672299484,-1.521315373815427,-1.1104262323703697,0.7030087265513801,0.7357939967786172,-1.2205893353841328,0.9824653301647537,-1.3811112290335241,0.9811173524129336,0.4781731870430774,0.47068099368749056,1.2616652747879982,0.418342091488869,-1.0776000970453923,-0.08671773238679051,-0.11385623077753179,1.3981041927077682
-1.5322341575307554,-1.3385897911573579,1.713539727517833,1.0974282402742523,0.34281884095653115,0.0674458785566249,1.216596651444419,-1.510825174886102,-1.4007958010532076,1.1095207544360381,1.350215087637308,-0.056304294708800835,0.6222595058829654,1.6359314700140066,-1.308831269781283,0.02473853479976469,0.8577219814108328,0.8218263780790381,-1.4744303516260358,-1.2192565295885187,-0.01127503381215943
1.0153792192005884,0.5519412856210554,-1.2140440960099717,-0.6347921486967619,0.5003208540779874,-0.23462906473433084,1.0711577212059948,1.325357054409686,-0.3268959971062568,1.1095207544360381,0.11408144907409987,0.8710605593185055,0.6222595058829654,-1.221397550437666,-1.308831269781283,1.2616652747879982,0.6307994456692424,1.433940822434831,0.9004180483091675,-0.3349362905397292,0.6934145794478044
0.3085383881303615,0.66972331963799,-0.09284178061634436,-0.3682967042396828,1.3582171820258158,-0.16484592910066068,0.19852413977544897,-1.147745323350833,-0.24394340264688893,0.721169072799343,-0.5838925804146259,1.1360219461834502,-0.27488511044195496,0.1180543524579968,-0.4190751380468963,1.2616652747879982,1.63793771186897,0.9965181560831828,-1.4958898251194261,-1.2192565295885187,-1.420654260332087
-1.3073607523919102,-1.3045980255708771,1.2463720961038216,1.3639236847313316,0.8175690799897289,1.4525933242167353,-1.1104262323703697,1.4719754574640236,-1.4052797250780382,1.4978724360727331,0.3171605468380555,-0.3212656815737455,-1.1720297267668753,0.29573674774007447,0.47068099368749056,1.2616652747879982,1.7048391765895983,0.7046719714016554,1.4369048856439273,-1.4403365893507163,-0.01127503381215943
0.9798040813619155,0.7084069519641563,-1.307477622292774,0.6976850735886337,1.7185132379487325,-0.8932671531123957,-1.1104262323703697,1.0506641834390886,-0.6497385268940665,-1.2205893353841328,-0.44791788017267303,0.6060991724535608,0.26340165935299725,-1.1448871544759016,0.47068099368749056,1.2616652747879982,-0.9422890491130971,0.7400262598072561,1.3510669916703657,-1.6614166491129136,1.3981041927077682
1.2387559913645958,1.565433037945621,-0.653442938313158,-1.7007739265250785,-0.46754125764246396,-0.6561956786308861,1.5074745119212678,0.06696908209580166,-0.12063549196404492,0.3328173911626478,-1.6919980921266446,-0.9836691487361071,-0.9926008035018913,1.0528182580724055,1.3604371254218772,-1.2121882051884687,-1.2541945265268368,-1.5226481981511895,-1.4100519311458646,-0.3349362905397292,0.6934145794478044
0.1654809189493153,0.10072931492074069,-1.0894660609662354,-0.23504898201114324,0.40973679471797886,1.0988979792241604,-0.23779265093982396,1.5355794219095815,1.058636526566427,-1.2205893353841328,1.4804505959859318,-1.5135919224659964,-0.9926008035018913,-0.9377891118143495,-1.308831269781283,1.2616652747879982,-1.477500766878123,-0.15145638508691087,-0.12248352154244116,1.2126241277956527,0.6934145794478044
1.0098743622816448,0.8849667510337728,-0.653442938313158,-0.9012875931538411,-0.9127088646774607,-0.37515126936651594,0.19852413977544897,-1.0579718803459313,-0.3784611233918097,1.1095207544360381,0.19133980148430038,1.1360219461834502,-0.0954561871769709,-1.4830185354642034,-0.4190751380468963,0.02473853479976469,0.43913578998311825,-1.3860835939177907,-1.7176377178844602,-0.3349362905397292,-0.01127503381215943
-0.7752131151087834,-0.548074960923643,1.3086611136256898,-0.6347921486967619,0.2614155984235505,-0.4420666049056517,-1.2558651626087942,-1.643752261343167,0.6035182380461118,0.721169072799343,-1.0787875121393962,-1.1161498421685794,0.44283058261798136,0.8885066115991799,-0.4190751380468963,1.2616652747879982,0.2890595312854928,0.314388356257475,-1.4815835094571659,0.9915440680334553,-1.420654260332087
0.2393836230861328,-0.25727629616809583,-1.4320556573365104,-0.3682967042396828,1.1962267695667015,0.5186464267633689,0.05308520953702465,0.6842914836082732,-0.35155757924282555,-1.2205893353841328,-0.24925354540358596,-1.6460726158984689,0.08397273608801319,-0.8675183986300495,1.3604371254218772,1.2616652747879982,1.6261847518504813,0.35806130075851117,-1.4172050889769947,1.2126241277956527,-1.420654260332087
-0.6305385942077976,-0.6654525236699151,-0.12398628937727846,0.4311896291315546,-1.1477377754493747,-0.17631712947879824,-0.3832315811782483,0.2404501949295984,-0.6631902989685586,0.3328173911626478,1.1034298362241532,-0.9836691487361071,-1.3514586500318595,0.7809463656257483,-1.308831269781283,1.2616652747879982,0.10824476177028135,-0.5958112648514218,1.5728148844353997,0.7704640082712578,-0.01127503381215943
1.552395214321406,2.0504264491716717,0.8414934822116784,-1.1677830376109202,-0.0939840218582847,-1.3234371672925542,-1.1104262323703697,-0.23406657523916832,-0.7730464375769106,-0.8322376537474376,0.4641721545671799,-1.1161498421685794,-1.3514586500318595,-0.8418168481419229,1.3604371254218772,0.02473853479976469,1.0141267570414907,1.5046493992460324,1.04348120493177,1.43370418755785,1.3981041927077682
1.1718375744436877,1.2666258420309553,0.7480599559288762,-0.3682967042396828,0.43993148117131503,-1.1351182944181293,0.3439630700138733,-1.2999095761660913,0.47348444132602174,1.1095207544360381,0.5692435138450526,-0.45374637500621784,-0.27488511044195496,1.1749377638599205,-1.308831269781283,0.02473853479976469,0.09920402329452077,-1.2758614006532707,-0.60889825405929,1.43370418755785,0.6934145794478044
-1.5581929984391487,-1.7633978773088212,1.5889616924740968,-0.5015444264682224,-1.1605909190072137,0.7977789692980496,-1.4013040928472185,1.686010596674552,0.6483574782944187,0.721169072799343,-0.04087673204578802,0.7385798658860332,1.3399751989429018,-1.5044117335583664,1.3604371254218772,1.2616652747879982,0.6335116672119706,-0.6276994465505911,-0.5659793070725092,1.6547842473200474,1.3981041927077682
-1.0474626951062866,-0.6894295805947911,0.06288076318832611,-1.3010307598394597,0.6223237088016025,1.0702199782788167,-1.4013040928472185,1.1776988045251755,1.2873166518327923,-0.8322376537474376,-1.5727994912651926,-0.7187077618711625,0.8016884291479495,0.43494109922778923,-0.4190751380468963,0.02473853479976469,-0.3989406667198867,-0.09045290705371747,-0.32277194081408483,1.2126241277956527,-0.01127503381215943
1.3337491785721158,1.3802660902363053,1.4332391486694263,0.9641805180457129,0.563566481108624,-1.4687390387489634,-0.23779265093982396,-1.1510381716463796,0.8815215275856148,0.721169072799343,-0.6867565581950643,-0.5862270684386901,-0.9926008035018913,-0.08131836866955193,-1.308831269781283,1.2616652747879982,0.6778112857431974,-0.8938964416045259,1.6157338314221805,0.7704640082712578,-0.01127503381215943
1.2307395434763841,1.4002793287086883,-0.15513079813821254,-1.1677830376109202,-1.1071381632587403,-0.5137616072690114,0.7802798607291462,0.45153910145463777,1.2738648797583003,0.3328173911626478,1.2266017237809872,-1.1161498421685794,1.1605462756779177,-1.2491789951849472,1.3604371254218772,1.2616652747879982,-0.4396239898608093,-1.593356774962391,-0.41576299261877653,0.328303888746863,-0.7159646470721233
-0.7618638370803452,-0.8610548301623244,1.339805622386624,0.29794190690301503,-0.39001435999200623,-0.8397348846810871,-1.1104262323703697,-0.8077154098843903,-1.3245690926310858,-0.05553429047404732,1.3396196564496234,1.6659447199133395,-1.1720297267668753,0.7672784890655884,-1.308831269781283,1.2616652747879982,-0.5327435961611432,-0.9528202556138603,0.44261594711683916,0.9915440680334553,-0.7159646470721233
-0.9961127016592661,-1.1919123295642906,1.028360534777283,1.4971714069598712,-0.5668980975260769,1.0969861124944709,0.3439630700138733,-1.4395956670192784,0.2066909618485956,0.3328173911626478,0.7317067920562171,1.4009833330483947,-0.45431403370693907,0.45826562770545326,0.47068099368749056,1.2616652747879982,1.1226156187506175,0.8523281170956348,-0.8878714094733651,-0.11385623077753179,-0.01127503381215943
0.38727504474912633,0.7676215459891537,-0.964888025922499,-0.23504898201114324,1.2719175038517536,0.08178487902929686,-0.3832315811782483,0.48100142830952836,0.6281798201826806,1.4978724360727331,-0.2002496761605445,-0.9836691487361071,-0.6337429569719232,1.239414485893718,-0.4190751380468963,0.02473853479976469,-1.5868937024348257,1.0318724444887837,1.4583643591373177,0.7704640082712578,1.3981041927077682
-1.2651453808947617,-1.0809254128944867,0.34318134203673295,-1.3010307598394597,0.23203698457706126,-1.3979999697504484,-0.9649873021319455,-0.13857397466831717,0.38380596082940793,1.4978724360727331,-1.1812100136203476,0.07617639872367149,-1.3514586500318595,-0.6232793870550197,1.3604371254218772,0.02473853479976469,1.665964001143828,-1.545524502413637,-0.22262773117826298,-1.4403365893507163,0.6934145794478044
0.5360610056614482,0.36727588228736135,-0.18627530689914665,-1.4342784820679992,0.8328704413681087,-0.8473823515998455,-1.6921819533240672,0.12208096409494987,-1.2259227640848105,0.3328173911626478,1.1475774661728393,-1.1161498421685794,-0.9926008035018913,-1.5176339184915646,0.47068099368749056,0.02473853479976469,0.7980531074708129,-0.9091473111128242,1.03632804710064,1.6547842473200474,0.6934145794478044
1.0471697679074876,0.41411365543008466,-1.4009111485755763,-1.7007739265250785,0.03740366784407,-0.8817959527342581,-1.1104262323703697,1.4289951218168893,1.6594823458937398,1.4978724360727331,-0.1834735767800438,-1.2486305356010519,-0.0954561871769709,-0.5473632465958711,0.47068099368749056,-1.2121882051884687,-1.6031670316911948,-0.3427854752819265,-0.20832141551600272,1.43370418755785,-1.420654260332087
-1.2278671779467907,-0.9601502914746493,0.24974781575393068,0.8309327958171733,-1.563730786789594,0.7480704343261201,0.6348409304907219,1.5780398341416295,-0.5690278944471141,-0.8322376537474376,-0.6607094565253395,0.07617639872367149,-1.7103164965618276,1.2888862564864703,0.47068099368749056,-1.2121882051884687,0.3333591498167196,0.6686244616547684,-1.0595471974204882,-1.2192565295885187,1.3981041927077682
-0.10160785768667836,-0.5027579997586109,0.37432585079766706,0.5644373513600942,1.718105201645309,1.3531762542728765,0.6348409304907219,1.4593239876969235,-1.5868786480836812,0.721169072799343,1.4442495394280093,0.3411377855886162,-1.5308875732968434,1.3903553835580915,1.3604371254218772,0.02473853479976469,-0.8410327781845787,-1.6044483164229715,-0.4372224661121669,-1.2192565295885187,-0.01127503381215943
-0.6404129313061526,-0.4389000755464075,0.7792044646898103,-1.3010307598394597,0.5492852104888029,-1.2039454966869547,-1.5467430230856427,0.3130661652366522,0.8277144392876464,0.3328173911626478,1.2279261526794478,1.0035412527509777,-0.8131718802369072,1.628948967858273,1.3604371254218772,1.2616652747879982,-0.007476690719453977,-0.6616672922736192,1.2294633085411535,-0.777096410064124,-1.420654260332087
1.5012688556867175,1.767798104083508,0.09402527194926019,-1.567526204296539,0.28814197629778726,-0.9372400878952564,-1.5467430230856427,-0.5548593223474179,-1.4882323195374059,0.3328173911626478,1.6614558787755445,-0.45374637500621784,1.1605462756779177,0.23452843097066312,1.3604371254218772,0.02473853479976469,-1.6447544286796936,-0.6117553557010064,-0.6947361480328516,0.7704640082712578,-1.420654260332087
1.2292945185351614,0.9597777572555181,-1.2451886047709058,1.6304191291884107,0.7867623390812576,-0.015720324184872403,0.05308520953702465,0.8095930266440724,0.0945928612278283,0.3328173911626478,-1.0386131688860918,0.3411377855886162,0.9811173524129336,0.08418178880890506,0.47068099368749056,-1.2121882051884687,0.9128704861129722,0.7136838488383772,-1.4529708781326454,1.2126241277956527,1.3981041927077682
-0.9140043201776483,-0.8514931293238618,-0.4354313769866194,-1.3010307598394597,-1.1383529404706352,-0.4420666049056517,1.3620355816828436,-0.00876642870176995,-0.27308890880828846,1.1095207544360381,0.4650551071661536,1.2685026396159225,0.6222595058829654,-0.8929228213668684,1.3604371254218772,0.02473853479976469,-0.12410221705676536,-1.4567921707289921,0.9218775218025579,0.7704640082712578,1.3981041927077682
0.23362072599911374,-0.010856219229643697,1.4332391486694263,-1.567526204296539,-1.1720159355030706,0.9019757060661324,1.216596651444419,0.6191277489174564,-0.010779353355692967,1.4978724360727331,1.182895570131788,1.4009833330483947,-0.8131718802369072,-1.5525464292702338,-0.4190751380468963,1.2616652747879982,0.7311516427501847,0.7913246390624414,-1.6174935082486384,-0.777096410064124,-1.420654260332087
-0.6635505330435874,-0.42621585649842986,-0.27970883318194895,-0.23504898201114324,0.8859151608131588,0.494748092642249,-1.5467430230856427,-0.8163808001358287,1.4375281066646206,1.1095207544360381,1.7170818925108888,-0.18878498814127317,0.26340165935299725,0.45707711670022194,-1.308831269781283,1.2616652747879982,-1.2704678557832059,1.3098542023445852,-0.40145667695651627,0.9915440680334553,-0.01127503381215943
1.201460585738753,0.8707778988589305,-1.2763331135318399,-1.7007739265250785,-0.42979789957579373,0.22804268385055074,0.6348409304907219,0.5099438317493326,0.8994572236849375,-1.2205893353841328,-0.7675467210011597,1.5334640264808672,-0.27488511044195496,1.7231384650228525,1.3604371254218772,-1.2121882051884687,0.48614763005707323,-0.07520203754541913,0.8002738386733457,1.6547842473200474,-0.7159646470721233
-1.1747453086789852,-1.380687161007916,-1.4320556573365104,0.16469418467447547,-0.5193618681772436,1.0663962448194375,0.3439630700138733,-1.1891658887527086,1.4509798787391126,0.3328173911626478,0.7008034510921369,-0.18878498814127317,-1.3514586500318595,0.9733365845975631,0.47068099368749056,0.02473853479976469,1.3730440745291854,-0.8023912245547358,0.8646522591535168,-0.5560163503019266,-0.01127503381215943
0.5664925428164831,0.2376185717637742,-0.9337435171615649,1.6304191291884107,-0.7452099621221296,-0.7995856833576057,0.4894020002522976,-1.5383811158856762,-0.021989163417769696,1.4978724360727331,0.3555689848934123,-0.18878498814127317,0.8016884291479495,0.9813590338828743,-0.4190751380468963,1.2616652747879982,1.494189970104377,-1.2072324878659282,-1.5030429829505563,0.328303888746863,0.6934145794478044
1.5052770796308232,1.6997822152088937,0.37432585079766706,0.0314464624459359,1.0636149709540763,1.4975221923644406,0.9257187909675705,-1.268887479065942,-1.1048568154143819,0.3328173911626478,0.6089763807988701,-1.3811112290335241,0.8016884291479495,0.5635974155440763,0.47068099368749056,-1.2121882051884687,1.4715881239149755,1.433940822434831,0.599985419401702,-0.5560163503019266,-0.7159646470721233
0.22314429517524925,0.20344883881820197,1.7446842362787671,-1.567526204296539,-0.843546711247184,0.30260548630844486,-1.1104262323703697,0.039413141096227546,-0.9232578924087388,-0.8322376537474376,-0.5472500475572165,1.2685026396159225,-0.45431403370693907,-0.019664360273178815,0.47068099368749056,-1.2121882051884687,-0.8518816643554914,-0.581946838025696,0.5856791037394418,0.10722382898466562,-0.7159646470721233
1.0907957589901154,0.7986202241727315,0.4054703595586011,-1.4342784820679992,1.686278369978279,0.7834399688253776,-0.9649873021319455,1.6731858191024231,0.986893742169136,-0.8322376537474376,-1.09512213522041,1.1360219461834502,0.08397273608801319,1.0395960731392075,-1.308831269781283,-1.2121882051884687,-1.479308914573275,-1.4387684158555485,1.7301843567202626,0.10722382898466562,-0.7159646470721233
0.8523150356547566,0.7081319115001058,0.8103489734507443,-1.7007739265250785,1.655879665373231,0.7289517670292242,0.7802798607291462,-0.04273475848740847,1.2671389937210542,-0.05553429047404732,0.03240833366903076,-0.7187077618711625,0.44283058261798136,-0.2561780503142053,1.3604371254218772,-1.2121882051884687,0.7700268181959552,-1.3569682975837665,-1.1668445648874401,1.43370418755785,0.6934145794478044
0.45598254016869083,0.3862536743068482,-0.3731423594647512,0.8309327958171733,-0.7131791123033879,-0.5022904068908739,1.5074745119212678,0.125720428000554,1.6908698140675547,0.3328173911626478,-0.2722103129769027,-1.1161498421685794,0.26340165935299725,0.8027852553468732,-1.308831269781283,0.02473853479976469,-0.8844283228682295,0.9521519902408604,-1.2956014058477825,0.10722382898466562,0.6934145794478044
-0.6097749620166573,-0.8817637592202471,-1.5254891836193127,-0.5015444264682224,0.8944839231850514,1.6571630642935218,1.0711577212059948,0.6868911006837047,-0.5398823882857147,-0.8322376537474376,1.2279261526794478,-0.3212656815737455,1.5194041222078858,-0.18174754861159584,-0.4190751380468963,-1.2121882051884687,0.06484921708663059,1.2259744200489444,-0.02949246973774946,1.6547842473200474,-0.01127503381215943
0.5151425493694626,-0.0181205232507431,-0.15513079813821254,0.4311896291315546,1.383107396534647,-0.7833348161552441,-0.8195483718935213,1.6251795571094545,-0.06010251762883058,-1.6089410170208278,-1.5313007191134276,-0.45374637500621784,0.9811173524129336,1.2046505389907027,1.3604371254218772,0.02473853479976469,0.20769288500364763,-1.6508941462891529,1.3582201495014958,-0.9981764698263215,0.6934145794478044
-1.1237909768230137,-0.821691686101445,1.1840830785819534,-0.23504898201114324,1.022199286156595,-0.29389693335470823,-1.5467430230856427,0.5872391127921631,-1.4456350413015144,1.4978724360727331,-1.0103586857189328,-0.18878498814127317,1.3399751989429018,-0.29926157425383954,-1.308831269781283,0.02473853479976469,0.08745106327603203,0.8606467731910703,1.0577875205940304,0.10722382898466562,1.3981041927077682
1.340527033653565,1.4029650179458877,-1.2140440960099717,-1.3010307598394597,0.9597697317328053,-0.26521893240936434,-0.23779265093982396,1.4802942321054045,-0.0018115053060315833,-0.8322376537474376,-0.9944655389374057,0.8710605593185055,1.1605462756779177,0.24983051016301597,-1.308831269781283,-1.2121882051884687,-1.6357136902039329,-0.9188524098908322,0.871805416984647,0.5493839485090605,0.6934145794478044
0.6141783658768318,0.5281098383536179,0.685770938407008,0.4311896291315546,-0.7390894175707777,-0.4420666049056517,1.0711577212059948,0.12121442506980604,-0.9344677024708155,0.721169072799343,0.5153834053076557,1.4009833330483947,-0.0954561871769709,1.1862286184096178,0.47068099368749056,1.2616652747879982,1.2871570590094599,1.1975523450562064,0.20656173868954483,1.6547842473200474,1.3981041927077682
-0.37585294831729865,-0.3925153102268262,-1.650067218663049,-0.23504898201114324,0.5409204662686219,0.9115350397145804,-1.2558651626087942,0.6778790948222088,1.0003455142436282,-0.05553429047404732,1.167443899649748,1.4009833330483947,-1.7103164965618276,1.2016792614776246,1.3604371254218772,0.02473853479976469,0.6479768487731875,1.5878359602003869,0.37108436880553786,-0.11385623077753179,-1.420654260332087
0.9036650291017772,0.8282113423344037,0.37432585079766706,0.9641805180457129,0.8681655816142382,-1.1475454281611117,1.3620355816828436,-0.3122283953071427,-1.5353135217981282,-1.2205893353841328,-1.0244859273025122,-1.6460726158984689,0.8016884291479495,-0.1769935045906707,1.3604371254218772,-1.2121882051884687,-0.25067255571741337,-0.5389671148659462,-0.23693404684052324,1.6547842473200474,-1.420654260332087
1.4549592468561046,0.9253329838458952,-0.9025990084006308,0.5644373513600942,0.49950478147114047,0.8666061715668749,0.4894020002522976,1.2964146509698817,0.04975362097952137,0.3328173911626478,1.7457778519775347,-0.9836691487361071,0.8016884291479495,0.8911807613609503,0.47068099368749056,1.2616652747879982,-0.4676502791356671,-0.1958225509292333,0.49268805193475007,1.6547842473200474,-0.7159646470721233
-0.6160883447955706,-0.7769895212678201,-0.5288649032694217,-0.7680398709253015,0.3160924630822944,1.2929524522876543,-0.3832315811782483,-0.5104925242600532,1.4890932329501734,1.1095207544360381,-0.5675579573336121,0.3411377855886162,0.26340165935299725,1.0244425578225085,0.47068099368749056,0.02473853479976469,-1.3283285820280735,1.5594138852076491,0.7358954181931745,0.9915440680334553,0.6934145794478044
-0.17138191913428819,0.23082345441664337,1.4643836574303604,-1.1677830376109202,0.26814819743003765,-1.5614645751389087,-0.3832315811782483,-1.238905228795965,-0.08924802379023007,1.1095207544360381,0.6579802500419115,-0.5862270684386901,0.9811173524129336,-0.6625002502276522,-0.4190751380468963,1.2616652747879982,-0.7759394611591026,1.4949443004680243,0.8074269965044758,0.10722382898466562,-0.7159646470721233
-1.235212721398006,-1.114609780315264,0.6234819208851398,-0.7680398709253015,-0.05277235521251505,-1.5280069073693407,1.3620355816828436,1.3281299792901462,-0.6430126408568205,-0.4438859721107425,-1.5242370983216378,-1.2486305356010519,0.6222595058829654,-0.09617475623494304,1.3604371254218772,-1.2121882051884687,0.7429046027686734,-0.9160795245256871,-1.7247908757155903,-0.5560163503019266,0.6934145794478044
1.2164785235207458,1.6687511793236627,0.15631428947112838,0.29794190690301503,-0.34023393097434385,1.2336845836672767,-0.3832315811782483,0.13629220410730886,-0.3694932753421483,-1.6089410170208278,1.5691873321827907,1.5334640264808672,-1.3514586500318595,1.4713226957894732,-0.4190751380468963,1.2616652747879982,0.9553619569490469,-1.4852142457217299,1.6014275157599203,-0.5560163503019266,0.6934145794478044
-0.9350603978926075,-0.588360299481633,-1.587778201141181,-0.10180125978260367,1.6381300861743107,-0.9965079565156337,1.652913442159692,-0.04377460531758108,-1.508409977649144,-1.6089410170208278,-0.6351038311551017,0.7385798658860332,-1.1720297267668753,-0.07314735550858682,0.47068099368749056,0.02473853479976469,0.5946364917662001,1.388188213909936,0.1779491073650243,1.6547842473200474,-0.7159646470721233
0.54600415347129,0.4752535327034358,-0.964888025922499,1.6304191291884107,-0.9204615544425065,-0.43155133789235894,-0.9649873021319455,0.9184303282021387,1.2962844998824536,-0.05553429047404732,0.8844575916786707,-0.9836691487361071,-1.7103164965618276,-0.06304501196412086,0.47068099368749056,1.2616652747879982,0.7175905350365439,-0.5999705928991395,-1.102466144407269,0.9915440680334553,0.6934145794478044
0.5959091219770879,0.37394156882788016,-0.12398628937727846,1.0974282402742523,-1.0359358283113462,-1.0031994900695473,-1.1104262323703697,1.0238014736596297,-0.19462023837375134,-0.4438859721107425,-1.6897907106292105,-0.5862270684386901,0.44283058261798136,-0.557614154015991,1.3604371254218772,0.02473853479976469,-0.5589617377408489,0.01768962218694353,0.39254384229892825,-1.6614166491129136,-0.01127503381215943
1.2200566805180593,0.9843372528101482,-0.7780209733568945,-1.567526204296539,-0.8833302508309715,0.09612387950196881,-0.3832315811782483,-0.7806793922999025,0.1820293797120268,1.4978724360727331,1.6243718696186482,1.2685026396159225,-0.0954561871769709,1.6562847209785925,-1.308831269781283,1.2616652747879982,1.6126236441368405,-0.021823994266374915,-0.39430351912538614,-0.11385623077753179,-0.7159646470721233
-1.1254424338986968,-1.1017314150573685,0.09402527194926019,1.3639236847313316,0.8240976608445043,-0.09793059356152492,1.5074745119212678,1.431421431087292,0.48245228937568313,1.4978724360727331,1.1859859042281962,1.1360219461834502,-0.6337429569719232,-0.4995256786353117,-1.308831269781283,1.2616652747879982,-0.12591036475191747,1.302228767590436,0.8360396278289963,0.7704640082712578,-1.420654260332087
0.8163786415807781,0.3370699677942821,1.5889616924740968,0.5644373513600942,1.7056600943908935,-0.934372287800722,0.9257187909675705,1.3600186154154394,-0.9927587147936145,-0.8322376537474376,-0.5278250903797946,0.4736184790210885,0.8016884291479495,-1.1383503439471296,-0.4190751380468963,1.2616652747879982,0.3794669160430985,1.079011495696251,-1.4100519311458646,1.43370418755785,-1.420654260332087
0.3170021056432372,-0.07799845015962704,-0.06169727185541027,0.16469418467447547,-1.287694227523622,0.4612904248726811,0.3439630700138733,0.06246307916505369,1.6415466497944171,-1.6089410170208278,-0.2823642678651005,-0.5862270684386901,-1.7103164965618276,-0.6433355102682977,-1.308831269781283,-1.2121882051884687,-0.21089330642406684,0.2596238702958582,0.8217333121667361,-1.2192565295885187,1.3981041927077682
-1.4560606999148735,-1.134202368666158,-1.4632001660974445,0.29794190690301503,-1.4615176927820168,-0.6026634101995776,0.19852413977544897,-0.6656030097608006,-1.0577756131536595,0.721169072799343,-0.36006409657478783,-0.056304294708800835,0.8016884291479495,0.13350499552600356,1.3604371254218772,-1.2121882051884687,0.7483290458541298,1.3653119096474884,-1.2526824588610017,0.7704640082712578,-1.420654260332087
-0.9229497126709316,-0.5325270852793746,-0.15513079813821254,0.4311896291315546,-0.8223288234691639,1.1237522467101253,-0.6741094416550969,-1.6680153540471945,-1.5756688380216044,-0.05553429047404732,-0.039993779446814294,1.1360219461834502,1.3399751989429018,0.3605105975251797,1.3604371254218772,-1.2121882051884687,-0.8636346243739801,0.9188773658591185,-0.47298825526781757,-0.777096410064124,-0.01127503381215943
-0.8778098859355943,-0.5257481467830702,1.1529385698210193,1.4971714069598712,-0.9192374455322362,-1.6006578430975453,1.3620355816828436,0.6931301816647404,1.1438310830382101,-1.6089410170208278,-0.8439221208123865,-0.8511884553036348,-1.3514586500318595,-1.2129294095253929,-1.308831269781283,0.02473853479976469,0.43371134689766194,-1.420744660982105,-0.8449524624865843,-1.4403365893507163,0.6934145794478044
0.2517523484758841,-0.03408904901650059,-0.8714544996396967,1.4971714069598712,-1.296262989895515,-1.178135295836145,0.6348409304907219,-0.04498775995278245,-0.6048992866457596,0.3328173911626478,0.37411098947186044,0.8710605593185055,0.08397273608801319,-0.550928779611565,0.47068099368749056,-1.2121882051884687,0.6651542518771325,1.263408372478404,-0.9307903564601459,1.2126241277956527,-0.01127503381215943
-0.4869650446906004,-0.8401355760436574,0.6234819208851398,1.3639236847313316,-0.5028363978885934,0.725128033569845,1.3620355816828436,0.7383635187772488,0.8725536795359533,1.1095207544360381,-1.5445450080980334,-0.18878498814127317,0.44283058261798136,0.8489886206752395,0.47068099368749056,1.2616652747879982,-0.23801552185134855,0.6214854104473008,-1.1954571962119607,0.328303888746863,0.6934145794478044
-0.8985735181267346,-0.6825050324410482,0.15631428947112838,-0.7680398709253015,-0.16702252017108435,-0.5491311417682689,1.5074745119212678,-0.8678532182293728,0.4465808971770376,-1.6089410170208278,0.31980940463497665,0.07617639872367149,0.6222595058829654,1.008843350878848,-0.4190751380468963,0.02473853479976469,-0.8808120274779252,-0.24920059420827753,-0.995168776940317,0.5493839485090605,-1.420654260332087
0.3005563455978933,0.6206043285287298,-1.3697666398146422,0.5644373513600942,-0.40021526757759274,-1.5241831739099616,-0.5286705114166727,0.4543120263350981,1.4128665245280516,-1.6089410170208278,1.445132492026983,-1.3811112290335241,-0.6337429569719232,1.1562187155275276,-0.4190751380468963,0.02473853479976469,-1.0064782922909972,0.1937678428736608,-0.6303577275526804,-1.6614166491129136,-0.7159646470721233
-0.8708600040754281,-0.500120847073891,-1.2451886047709058,1.3639236847313316,1.5281643024016875,-0.7766432826013305,1.5074745119212678,-0.5262635345176712,0.14167406348855055,-0.4438859721107425,0.2822839191785936,-0.3212656815737455,-0.0954561871769709,0.14895563859401031,1.3604371254218772,1.2616652747879982,0.6226627810410579,0.3435036525914991,-0.6160514118904201,0.10722382898466562,-0.01127503381215943
0.5847961920719705,0.9510411778092069,0.1251697807101943,-1.3010307598394597,1.4651226935227628,1.2556710510587072,-0.23779265093982396,-0.5340623857439657,0.022850076830537223,0.3328173911626478,-0.21746725184053203,-1.5135919224659964,1.5194041222078858,-0.6269934839463674,-0.4190751380468963,-1.2121882051884687,-0.813910562757297,1.4450323638954115,1.6801122519023517,1.2126241277956527,-0.01127503381215943
-1.040478407890377,-1.2203547493172813,-0.8091654821178285,-0.10180125978260367,-0.030738394827648112,0.22899861721539555,0.7802798607291462,0.22935849540775724,-0.49728511004982306,1.1095207544360381,0.902558119957632,1.0035412527509777,0.9811173524129336,0.5392329399368349,-0.4190751380468963,1.2616652747879982,1.164203015739116,0.3032968147968944,-1.1239256179006594,-0.777096410064124,1.3981041927077682
0.4743205947799216,0.11354296477533028,0.4366148683195352,0.9641805180457129,-1.280961628517135,0.32554788706472,-1.5467430230856427,-1.2655946307703954,1.3882049423914828,-1.6089410170208278,1.0500112039862433,-1.6460726158984689,0.6222595058829654,-1.0348013226163535,-0.4190751380468963,-1.2121882051884687,0.8387364306117355,-0.839131955642909,-1.71048456005333,-0.3349362905397292,1.3981041927077682
0.32863111588450555,0.17414893997140682,0.7480599559288762,0.9641805180457129,1.55672684364133,0.8551349711887374,0.4894020002522976,-1.5983456164256298,-1.649653584431311,1.4978724360727331,0.280959490280133,0.07617639872367149,-1.7103164965618276,-1.6226685785788797,0.47068099368749056,1.2616652747879982,-0.7180787349142349,-1.5995957670339676,0.09926437122259289,1.2126241277956527,-0.7159646470721233
-1.2451902745635912,-0.9240390964298968,0.37432585079766706,-1.1677830376109202,-0.06256522649467813,-0.9745214891242034,1.0711577212059948,1.3019605007308022,-0.5219466921863919,0.3328173911626478,-0.747680287524251,1.6659447199133395,0.44283058261798136,-1.3194497083692471,0.47068099368749056,0.02473853479976469,-0.07980259852553855,1.5115816126588952,-0.8521056203177144,-0.11385623077753179,-0.01127503381215943
1.3569555910210374,1.6849785667026442,-1.4009111485755763,0.9641805180457129,-1.4617217109337286,-1.3607185685215013,0.05308520953702465,0.4660969570770543,0.05199558299193672,1.4978724360727331,0.007244184598279733,-1.5135919224659964,-1.7103164965618276,1.71734447387235,-0.4190751380468963,-1.2121882051884687,0.071177734019663,0.7670618921174214,0.6214448928950924,0.5493839485090605,1.3981041927077682
-1.2977444554616306,-0.994109699359477,-1.5566336923802468,-0.7680398709253015,-0.26025881550334534,1.6724579981310386,1.5074745119212678,1.5310734189788335,0.5026299474874213,-0.05553429047404732,-1.545869436996494,-1.3811112290335241,-0.27488511044195496,0.9394640209484714,-1.308831269781283,-1.2121882051884687,1.6596354842107954,0.08909142033943124,-1.6818719287288095,-0.3349362905397292,1.3981041927077682
-1.0775501787038877,-0.8647112504491139,1.1217940610600854,-0.10180125978260367,-1.1591627919452316,-0.5548667419573378,-0.9649873021319455,1.5149557931111581,-0.5757537804843601,0.721169072799343,0.7343556498531383,0.6060991724535608,0.08397273608801319,0.16440628166201707,-0.4190751380468963,1.2616652747879982,0.9020215999420595,-1.2515986537082506,0.09211121339146276,0.7704640082712578,-1.420654260332087
-1.2872680246377661,-1.2823035691319573,1.6201062012350307,-1.4342784820679992,0.6033500206924115,0.6429177641931925,1.0711577212059948,0.5652290215535096,-0.18116846629925926,-1.6089410170208278,0.5789559924337635,-0.5862270684386901,0.8016884291479495,0.6842312825750521,-0.4190751380468963,0.02473853479976469,0.26826583279124344,0.4350088696412892,-0.1582493106980918,-0.5560163503019266,1.3981041927077682
1.2515719863790111,1.0381319318082673,1.339805622386624,0.8309327958171733,0.3009951198556263,1.3981051224205818,-0.6741094416550969,-1.2702739415061721,-1.3021494725069322,-0.05553429047404732,-1.1564873408490834,-0.056304294708800835,-0.9926008035018913,0.19263341803626016,0.47068099368749056,0.02473853479976469,-1.385285234425365,-1.1774239701906177,-1.7247908757155903,0.328303888746863,0.6934145794478044
-0.10470433970358412,0.12530498932619724,-1.307477622292774,-1.1677830376109202,-1.090000638514955,-0.9926842230562546,0.19852413977544897,0.8612387525426453,0.8770376035607841,1.4978724360727331,0.13880412184536403,0.07617639872367149,-1.1720297267668753,-1.5763166493748595,-1.308831269781283,0.02473853479976469,0.27278620202912374,-1.1684120927538961,0.44261594711683916,0.5493839485090605,0.6934145794478044
-1.672126333983409,-1.7272705034132423,-0.18627530689914665,1.4971714069598712,-1.107342181410452,1.1113251129671429,0.7802798607291462,-0.30910885481662487,0.9465384259456597,1.4978724360727331,-1.100861327113739,1.1360219461834502,0.44283058261798136,-0.8789578170554008,-0.4190751380468963,0.02473853479976469,-0.6647383779072475,-0.1729462466667858,0.06349858206694224,-0.777096410064124,-1.420654260332087
-0.9737492204260578,-0.9890295401999554,-0.06169727185541027,-0.5015444264682224,1.5636634607995288,1.3378813204353597,-1.4013040928472185,0.3631521208899661,-0.5241886541988072,-0.4438859721107425,0.8928456413689211,1.0035412527509777,0.9811173524129336,1.1865257461609255,-0.4190751380468963,0.02473853479976469,-1.383477086730213,-0.927864287327554,-0.6303577275526804,-1.6614166491129136,0.6934145794478044
-0.2296301864078599,0.06981153099129533,-0.21741981566008073,1.6304191291884107,0.5294954497727649,-0.0023372570770452497,-0.23779265093982396,0.7577739929404708,1.3097362719569459,-0.8322376537474376,-0.627598734063825,-0.3212656815737455,-0.6337429569719232,0.6277770098265658,0.47068099368749056,-1.2121882051884687,-0.3049169865719768,0.11543383130831021,-0.6732766745394612,1.6547842473200474,1.3981041927077682
-0.6345468181519034,-0.7564747384198155,-0.6222984295522239,1.6304191291884107,0.95324115087803,-0.29676473344924265,-1.2558651626087942,1.5144358696960718,-0.7618366275148338,1.4978724360727331,-1.0637773179568428,1.1360219461834502,1.3399751989429018,-1.5731968079861274,1.3604371254218772,1.2616652747879982,-1.003766070748269,0.792711081745014,1.1793912037232426,0.328303888746863,-1.420654260332087
0.1172790155528156,0.26517115472130715,-1.1828995872490375,0.9641805180457129,0.3509795670250004,-0.7785551493310201,-0.5286705114166727,-0.812394720620167,1.6034332955833561,0.721169072799343,1.1396308927820757,-0.056304294708800835,-1.3514586500318595,0.482035847810079,1.3604371254218772,1.2616652747879982,-0.2958762480962162,1.3375830559960369,0.11357068688485315,1.2126241277956527,1.3981041927077682
-1.561994790248794,-1.3307430485065044,-0.27970883318194895,1.230675962502792,-1.1055060180450464,-1.2985828998065896,-0.6741094416550969,0.3283172520791838,-0.9165320063714927,-1.6089410170208278,0.32245826243189785,1.0035412527509777,0.44283058261798136,-0.08993507345747877,1.3604371254218772,-1.2121882051884687,-1.7405862565227557,-1.1372171323960132,-0.7948803576686734,-0.11385623077753179,1.3981041927077682
1.6402148848564277,1.5775509972146708,0.5923374121242057,1.230675962502792,-0.19599309771415013,0.018693276949540278,-0.09235372070139966,0.533513693233245,0.4465808971770376,1.4978724360727331,-1.1692901535342024,-0.18878498814127317,-1.7103164965618276,0.6460503665319969,-1.308831269781283,0.02473853479976469,-0.23982366954650067,-1.2093121518897871,-1.3170608793411729,-0.777096410064124,-0.01127503381215943
-0.32128605410827044,-0.4544155934890229,1.4020946399084921,-0.9012875931538411,1.5548906802759244,-0.3627241356235336,0.4894020002522976,-1.1333607755334454,0.33224083454385495,1.1095207544360381,-0.5609358128413092,-1.3811112290335241,-0.0954561871769709,-1.4865840684798972,-1.308831269781283,-1.2121882051884687,1.3649074099010008,0.25130521420042273,0.6285980507262225,-0.9981764698263215,-0.7159646470721233
1.6115036154885627,1.1980275145265866,-1.0271770434443672,0.5644373513600942,-0.6030093103790533,-0.43059540452751416,0.7802798607291462,0.733684208041472,0.4420969731522069,-0.4438859721107425,1.1709757100456428,-0.056304294708800835,-0.8131718802369072,-0.7968019938187879,1.3604371254218772,0.02473853479976469,-1.6718766441069752,-0.5764010672954057,-0.09387089021792064,1.2126241277956527,0.6934145794478044
-1.7077186744999535,-1.52738080145181,-0.9025990084006308,-0.6347921486967619,-1.255255341401457,0.5339413606008857,-1.2558651626087942,1.3612317700506409,-0.8223696018500483,0.3328173911626478,-0.5353301874710713,-0.8511884553036348,0.8016884291479495,-1.149344070745519,0.47068099368749056,1.2616652747879982,1.414631471517684,1.0824776024026825,0.19225542302728457,0.5493839485090605,1.3981041927077682
0.024814621992435212,0.11564621538277554,0.6234819208851398,-1.3010307598394597,0.6523143771032269,-0.3483851351508616,0.3439630700138733,-0.70789011418782,1.4128665245280516,-0.05553429047404732,1.6080372465376345,0.8710605593185055,1.5194041222078858,-1.2915196997463119,-0.4190751380468963,0.02473853479976469,-1.3436978374368664,-0.3420922539406402,-0.6232045697215502,-0.9981764698263215,-0.7159646470721233
-0.044340143051793464,0.12370328309437355,0.31203683327579884,-0.10180125978260367,1.122372198647055,0.6085041630587799,-1.1104262323703697,1.5766533717013995,0.08114108915333622,0.721169072799343,-1.0425864555814734,0.3411377855886162,1.3399751989429018,1.6715868001709453,-0.4190751380468963,1.2616652747879982,-1.161978994074079,1.0838640450852552,-0.6875829902017214,-0.777096410064124,-0.7159646470721233
-0.3091581662087229,-0.011665161770968798,0.7480599559288762,-1.567526204296539,0.7265769843262969,-1.6886037126632665,0.4894020002522976,-0.9123933241217662,-0.7842562476389873,0.721169072799343,1.7713834773477726,0.6060991724535608,1.1605462756779177,1.475036792680821,1.3604371254218772,0.02473853479976469,0.7555616366347383,1.095648807887122,-0.22262773117826298,1.43370418755785,0.6934145794478044
-0.9735427882915975,-1.24274627886116,-1.6189227099021148,1.6304191291884107,-0.19925738814153782,-0.5825888095378369,-1.5467430230856427,-0.12678904392636095,-0.6474965648816512,1.4978724360727331,-0.6704219351140505,-0.9836691487361071,0.8016884291479495,1.0495498528080196,1.3604371254218772,1.2616652747879982,0.11186105716058557,-1.0540305714416585,0.3567780531432776,-0.9981764698263215,-0.01127503381215943
0.7214026570511297,1.0279877923400504,-0.27970883318194895,0.5644373513600942,-1.395415811627416,1.2489795175047935,1.652913442159692,0.8187783403105972,0.8277144392876464,-0.4438859721107425,-0.17685143228774092,-1.2486305356010519,-0.45431403370693907,-0.2548409754333201,-1.308831269781283,0.02473853479976469,-0.8066779719766886,0.28250017455830573,1.4154454121505369,-1.2192565295885187,0.6934145794478044
-1.1984161934304425,-0.9709577638267527,-0.7780209733568945,-0.9012875931538411,0.670471992605571,1.6447359305505393,1.5074745119212678,0.7439093685381694,-0.9187739683839081,-0.8322376537474376,1.1241792223000358,-0.8511884553036348,-0.6337429569719232,-1.415124844290366,0.47068099368749056,1.2616652747879982,-0.7388724334084842,1.6925123827346165,0.22802121218293522,-0.5560163503019266,-0.01127503381215943
1.4472008391359685,1.1109529393783528,0.5611929033632717,-0.6347921486967619,-1.036955919069905,-1.1953420964033514,0.19852413977544897,-1.351035378649578,-0.4076066295532092,-0.8322376537474376,0.8226509097505103,-1.1161498421685794,-0.45431403370693907,-0.992163490303681,0.47068099368749056,-1.2121882051884687,1.0394408247736202,0.5334463001039421,0.049192266404681974,-0.777096410064124,1.3981041927077682
1.1240829406718522,0.7888967348260038,-0.06169727185541027,-0.10180125978260367,1.3480162744402293,-1.4305017041551715,1.216596651444419,-1.159010330677703,0.17081956964995004,1.4978724360727331,0.9974755243473069,-0.5862270684386901,0.26340165935299725,0.5093716009303987,1.3604371254218772,0.02473853479976469,0.3749465468052182,-1.682782327988322,1.4369048856439273,-1.2192565295885187,0.6934145794478044
1.1350754518318678,1.2644255183185509,-0.310853341942883,-1.4342784820679992,0.9852720006967717,-0.873192552450655,0.19852413977544897,-0.48466966131076683,0.592308427984035,-0.05553429047404732,-0.5468085712577296,-0.45374637500621784,0.08397273608801319,0.9602629635400189,-0.4190751380468963,1.2616652747879982,1.3766603699194895,1.058908076798949,1.143625414567592,0.5493839485090605,-1.420654260332087
-1.520605147289487,-1.705380518244985,1.4020946399084921,0.16469418467447547,-1.5647508775481527,-1.240270964551057,-0.9649873021319455,0.8184317247005396,0.41519342900322276,-1.6089410170208278,1.75063409127189,0.07617639872367149,-0.6337429569719232,1.6479651439419736,-0.4190751380468963,1.2616652747879982,-0.6620261563645193,-0.7940725684593003,1.4583643591373177,0.10722382898466562,-1.420654260332087
1.2241337151736518,0.9891585503564457,-1.4009111485755763,-0.23504898201114324,-0.5671021156777886,-1.5232272405451168,0.05308520953702465,0.04721199232252211,1.6527564598564937,-0.4438859721107425,-0.1618412381051877,1.0035412527509777,-1.3514586500318595,1.7215042623906596,-1.308831269781283,-1.2121882051884687,-0.9893008891870521,1.0110758042501948,-1.4601240359637755,-0.777096410064124,1.3981041927077682
-0.7077614151738529,-0.6728624373484531,0.03173625442739201,-1.7007739265250785,-1.6196317603586083,0.9975690425506121,-0.23779265093982396,-1.002859998346783,0.2582560881341486,-0.8322376537474376,0.013424852791095773,-1.3811112290335241,-0.45431403370693907,0.1606921847706693,-1.308831269781283,1.2616652747879982,1.2048863388800386,-1.1150340494748519,-1.3671329841590838,0.5493839485090605,-0.01127503381215943
-0.3782785258972082,-0.6819549515129472,1.370950131147558,1.4971714069598712,-0.783565374643935,0.7853518355550672,1.3620355816828436,-0.8763453006757824,-1.364924408854562,1.4978724360727331,0.32289973873138467,-1.6460726158984689,-0.8131718802369072,0.43835806836782915,0.47068099368749056,1.2616652747879982,-0.9911090368822042,-0.8370522916190501,1.6228869892533107,1.2126241277956527,1.3981041927077682
1.3683437637721019,1.2230885544568384,-0.8714544996396967,-1.4342784820679992,-1.0018647969754872,-1.178135295836145,-1.2558651626087942,1.660534349335323,1.6729341179682318,0.721169072799343,-0.44306164087831756,0.07617639872367149,0.08397273608801319,-1.0235104680666562,-0.4190751380468963,0.02473853479976469,0.6072935256322649,-1.2183240293265087,-0.830646146824324,0.328303888746863,-1.420654260332087
1.2413535957232222,1.6237577951751607,-0.9025990084006308,0.4311896291315546,1.7327945085685537,-0.9879045562320306,1.652913442159692,0.5369798493338204,-0.32241207308142605,-1.6089410170208278,1.120205935604654,1.6659447199133395,-0.45431403370693907,0.7050302251665996,1.3604371254218772,-1.2121882051884687,-0.8871405444109576,1.1400149737294445,0.5928322615705719,-1.2192565295885187,1.3981041927077682
-1.6733649267901713,-1.3322638604841957,-0.4665758857475535,-1.1677830376109202,0.9124375205356838,1.6437799971856946,0.9257187909675705,0.702315495331265,-0.0018115053060315833,1.4978724360727331,0.7555465122285075,-0.9836691487361071,0.9811173524129336,-1.3488653557487216,-1.308831269781283,1.2616652747879982,-1.5299370500375342,-1.6190059645899835,-0.7805740420064131,-0.3349362905397292,-1.420654260332087
-1.4550973499540585,-1.1244950581702569,-0.15513079813821254,0.4311896291315546,0.24162583770751261,0.734687367218293,1.5074745119212678,1.1577684069468672,0.2268686199603337,0.721169072799343,0.8239753386489709,-0.056304294708800835,-1.3514586500318595,1.4141256036627174,-0.4190751380468963,0.02473853479976469,-1.4702681760975145,0.06274900937055228,-1.4529708781326454,-0.3349362905397292,-0.7159646470721233
0.6911087413190683,0.4599968763740444,0.6234819208851398,0.9641805180457129,-1.2315892358028961,-0.5118497405393219,1.5074745119212678,0.7967682490719435,1.6706921559558165,-0.4438859721107425,-1.5048121411442161,-0.7187077618711625,-1.3514586500318595,0.41102231524750954,-1.308831269781283,0.02473853479976469,0.4870517039046493,1.7604480741806727,-1.538808772106207,0.328303888746863,-0.7159646470721233
-1.1891439500575969,-1.4763203482433696,-1.1828995872490375,1.230675962502792,-1.597801818125453,-1.084453826081355,0.4894020002522976,0.28117752911135885,0.7223422247041251,1.4978724360727331,1.1175570778077328,1.4009833330483947,-0.27488511044195496,-0.8912886187346754,0.47068099368749056,-1.2121882051884687,0.9969493539375456,-0.17086658264292695,0.9433369952959483,-0.9981764698263215,-1.420654260332087
-0.21702062352790477,0.05224129899371415,-0.653442938313158,0.4311896291315546,-1.2466865790295643,-0.6963448799543677,1.5074745119212678,1.5870518400031255,1.2021220953610092,-1.2205893353841328,0.08008777401361164,0.20865709215614384,1.1605462756779177,0.04897215027892812,-1.308831269781283,0.02473853479976469,1.4019744376516192,1.5219799327781895,-1.1310787757317895,0.7704640082712578,-0.7159646470721233
-0.5773135088727619,-0.3428947747419445,0.5611929033632717,1.0974282402742523,-0.9025079570918741,-0.8320874177623288,1.652913442159692,1.2019618972292032,-1.6675892805306336,-1.6089410170208278,1.3912723834895862,-1.6460726158984689,-0.45431403370693907,-1.480344385702433,1.3604371254218772,0.02473853479976469,-0.3618736389692684,-0.8446777263731994,-1.0881598287450087,-1.4403365893507163,1.3981041927077682
1.4921514364147173,1.7139710673837358,-0.06169727185541027,-0.7680398709253015,0.47767483923798526,-0.7546568152099002,0.19852413977544897,0.12918658410112935,-0.43451017370219336,-1.2205893353841328,0.3529201270964912,-0.18878498814127317,-1.1720297267668753,0.7397941720696148,-1.308831269781283,-1.2121882051884687,-0.9531379352840098,1.232213412120521,-1.5745745612618576,0.9915440680334553,-1.420654260332087
0.3695906918970201,0.7108014218864785,1.370950131147558,-0.5015444264682224,0.5143981065460969,-1.3884406361020003,0.7802798607291462,0.9061254740450961,-1.6429276983940648,0.3328173911626478,-0.9887263470440766,-0.45374637500621784,1.5194041222078858,-0.22468250867557615,-0.4190751380468963,0.02473853479976469,-0.4161180698238318,1.6633970864005925,1.8160222506938242,1.6547842473200474,-0.7159646470721233
1.5753091812465085,2.001032417598361,1.3086611136256898,1.6304191291884107,-0.03481875786188273,-1.1370301611478189,-1.6921819533240672,0.6409645323510812,-1.5711849139967737,-0.4438859721107425,0.2443169574227236,-0.18878498814127317,-1.7103164965618276,-0.07329591938424072,-1.308831269781283,1.2616652747879982,-0.38628363285382195,0.0495778038861128,-1.3599798263279537,-0.3349362905397292,1.3981041927077682
-0.6537450066567191,-0.6998164028254055,-1.4943446748583786,-1.1677830376109202,0.1971498806343553,-1.361674501886346,-1.5467430230856427,-0.37323274267726897,0.7066484906172178,0.721169072799343,0.820443528253076,-0.18878498814127317,0.8016884291479495,-1.2907768803680424,-1.308831269781283,1.2616652747879982,-1.2858371111919988,0.5424581775406639,-1.4672771937949056,-1.4403365893507163,0.6934145794478044
1.2595540289114795,1.7490791736772453,-0.7780209733568945,-0.5015444264682224,0.07127068102821733,1.6055426625919027,-0.23779265093982396,0.5439121615349711,1.5384163972233111,0.3328173911626478,-0.5640261469377172,0.20865709215614384,-0.27488511044195496,-0.5669736781821874,-1.308831269781283,-1.2121882051884687,-1.2758922988686623,1.6231902486059877,-1.3456735106656934,-0.777096410064124,-1.420654260332087
-0.98653081008473,-0.990340027116902,-0.4665758857475535,0.0314464624459359,-0.8663967442388978,0.37238862194211503,-0.09235372070139966,-0.5085861384047368,0.39501577089148465,-0.05553429047404732,-0.038669350548353715,-0.5862270684386901,-1.1720297267668753,-1.2640353827503383,-0.4190751380468963,1.2616652747879982,-0.6529854178887587,1.7292531138227898,-1.596034034755248,-0.3349362905397292,-0.01127503381215943
-1.0589024758909662,-1.310519484973377,-0.7468764645959604,-0.23504898201114324,0.9754791294146087,0.28444275237639377,-1.5467430230856427,0.009430890826250688,-0.4860752999877463,-0.8322376537474376,-1.6019369270313253,-0.056304294708800835,0.8016884291479495,1.0023065403500757,-0.4190751380468963,-1.2121882051884687,-0.06895371235462587,-1.1185001561812833,1.200850677216633,-0.777096410064124,-1.420654260332087
-1.6738638044484506,-1.8600017955938648,1.370950131147558,-0.7680398709253015,-0.7996828086291619,-0.9506231550030836,0.05308520953702465,0.4262361619204377,1.4711575368508507,-1.2205893353841328,0.39177004145133487,0.7385798658860332,-0.27488511044195496,-1.3390601399555635,-1.308831269781283,-1.2121882051884687,-1.0480656892794957,0.8211331567377519,1.2223101507100234,-0.777096410064124,-1.420654260332087
-0.23264065503540718,-0.5672307203022214,0.1251697807101943,-1.567526204296539,-0.5505766453891384,0.5205582934930585,0.19852413977544897,0.5555237844718985,0.5990343140212812,-1.6089410170208278,-0.3300437082096814,1.1360219461834502,0.6222595058829654,-0.8629129184847784,0.47068099368749056,-1.2121882051884687,1.5836932810144067,-0.6339384386221676,-0.7376550950196323,0.10722382898466562,0.6934145794478044
-1.0575262616612304,-1.3490898653437577,0.7480599559288762,0.8309327958171733,-0.030534376675936382,0.8082942363113423,-0.3832315811782483,1.1454635527898247,0.21117488587342628,1.4978724360727331,0.018281092085451235,-1.5135919224659964,-1.3514586500318595,-0.3421965343178199,1.3604371254218772,-1.2121882051884687,-0.22716663568043588,-0.5646163044935388,0.6142917350639623,-0.11385623077753179,1.3981041927077682
-1.6397164888731286,-1.2951495766882,1.4020946399084921,1.230675962502792,0.7271890387814322,0.15156801466296702,0.7802798607291462,1.064702115646419,-0.1004578338523068,1.4978724360727331,-0.5512233342525983,-0.056304294708800835,-0.27488511044195496,-0.8287432270843788,-1.308831269781283,0.02473853479976469,0.43099912535493373,-0.45300766854644636,-1.6317998239108986,0.10722382898466562,-1.420654260332087
0.3993169192593154,0.3987761048465608,1.339805622386624,0.6976850735886337,-0.11744610930513374,-1.1016606266485613,-1.2558651626087942,-0.2801664513768206,1.3366398161059299,-0.4438859721107425,-0.7503291453211721,0.6060991724535608,-1.5308875732968434,-0.636055880361256,1.3604371254218772,0.02473853479976469,1.683141404247773,-0.7101927861636593,-1.0953129865761388,-0.11385623077753179,1.3981041927077682
-0.2937273641578092,-0.02685710269705419,1.0595050435382172,-0.23504898201114324,-1.4849797802288658,1.0281589102256457,1.5074745119212678,0.30942670133104805,0.9263607678339216,-0.8322376537474376,0.32201678613241097,-0.8511884553036348,0.9811173524129336,0.9350071046788541,0.47068099368749056,-1.2121882051884687,0.035918853964196765,-1.4817481390152984,-1.4100519311458646,-1.4403365893507163,-0.7159646470721233
0.9854637623817044,0.6063507609505816,0.37432585079766706,0.29794190690301503,-1.6690041530728472,-0.42772760443297975,1.0711577212059948,-0.5435943150205479,-1.080195233277813,0.3328173911626478,0.8787183997853415,-0.9836691487361071,0.08397273608801319,-1.4142334610364424,-1.308831269781283,-1.2121882051884687,0.39212394990916327,-0.8925099989219533,1.093553309749681,-0.9981764698263215,1.3981041927077682
-0.08228925043676075,0.33006452538640674,-0.24856432442101484,1.230675962502792,0.9709907300769506,0.5683549617352983,-1.2558651626087942,0.2236393378418079,-0.29326656692002656,0.3328173911626478,-1.220942880574165,-0.9836691487361071,0.6222595058829654,1.4078859208852532,1.3604371254218772,1.2616652747879982,-0.6050695039672278,-0.7074199007985142,0.8503459434912566,0.7704640082712578,-0.7159646470721233
1.2734881979875554,1.3106808528315201,-1.0271770434443672,-0.10180125978260367,0.3775019267475254,1.1476505808312452,1.5074745119212678,-0.015178817487834364,-1.0958889673647205,-0.8322376537474376,0.9215416008355669,-1.6460726158984689,1.5194041222078858,0.2021415060781105,-1.308831269781283,-1.2121882051884687,0.450888750001607,0.10988806057801989,1.6300401470844408,-0.11385623077753179,1.3981041927077682
-1.2582987151018257,-0.9254466564518025,-1.1517550784881034,-0.3682967042396828,-1.1534502836973033,-0.7948060165333817,-0.09235372070139966,0.1267602748307266,-0.9098061203342467,-1.2205893353841328,1.2575050647450674,1.2685026396159225,0.08397273608801319,0.47015073775776617,-1.308831269781283,0.02473853479976469,-1.003766070748269,-0.27970233322487426,0.7931206808422155,-1.2192565295885187,-0.01127503381215943
-0.5703636270125956,-0.32477446181626224,1.1529385698210193,-1.7007739265250785,-1.3517559271611057,-0.21551039743743491,0.3439630700138733,0.695556490935143,-0.9165320063714927,0.721169072799343,0.06905086652644014,-0.056304294708800835,0.26340165935299725,0.9540232807625547,1.3604371254218772,-1.2121882051884687,1.288965206704612,1.025633452417207,1.143625414567592,-0.11385623077753179,-0.7159646470721233
0.3073342006793426,-0.14460677901233585,1.6512507099959648,-1.567526204296539,0.29793484757995037,-1.6474985779749403,-0.23779265093982396,-0.20477755618930651,-1.1990192199358263,-1.2205893353841328,-0.4779382685377795,-0.9836691487361071,0.44283058261798136,-0.9208528299898037,-1.308831269781283,1.2616652747879982,1.7075513981323265,-1.1684120927538961,-0.501600886592338,1.6547842473200474,-1.420654260332087
0.2172953846988717,0.6281598518647064,-1.0583215522053013,0.8309327958171733,1.2290736919922902,-1.1112199602970094,-1.5467430230856427,-1.1125638389299932,-0.1587488461751058,-0.4438859721107425,-1.0271347850994335,0.07617639872367149,1.3399751989429018,0.9252018888856959,0.47068099368749056,1.2616652747879982,-0.7370642857133322,-0.007959567440649145,-0.8735650938111048,-0.9981764698263215,-1.420654260332087
0.04403001317512263,0.09721850429138974,1.6201062012350307,0.29794190690301503,-0.6468732129970753,-1.512711973531824,-0.09235372070139966,-1.6659356603868494,0.28291767027071735,-1.2205893353841328,-0.6492310727386812,1.1360219461834502,0.9811173524129336,-0.7321767079093365,-1.308831269781283,-1.2121882051884687,-1.0137108830716055,-0.7268300983545303,0.5928322615705719,0.328303888746863,-1.420654260332087
0.40781504212793457,0.7276112478952141,-0.4977203945084876,1.6304191291884107,0.9836398554830779,0.11715441352855434,0.4894020002522976,-0.182767464950653,-1.261794156283456,1.4978724360727331,-0.3128261325296938,-0.9836691487361071,0.26340165935299725,0.152818299361012,0.47068099368749056,-1.2121882051884687,-0.1295266601422217,-1.4436209652445526,-0.7805740420064131,1.43370418755785,0.6934145794478044
-0.539966495213304,-0.7509577502879783,-0.653442938313158,0.6976850735886337,-1.2615799041045206,-1.1341623610532845,1.5074745119212678,-1.1385600096843083,-1.2864557384200248,0.3328173911626478,1.208501195502026,0.6060991724535608,0.6222595058829654,1.1667667506989554,-0.4190751380468963,1.2616652747879982,-1.554347043922088,0.5015581184047729,1.258075939865674,1.2126241277956527,1.3981041927077682
1.3705973145732944,1.7466685249040965,0.15631428947112838,0.6976850735886337,-0.09826840304423104,0.13818494755513985,-0.3832315811782483,-1.2392518444060225,0.13270621543888916,-1.6089410170208278,0.10172011268846778,0.7385798658860332,1.1605462756779177,1.0779255530579166,-0.4190751380468963,-1.2121882051884687,1.7355776874071842,0.8530213384369212,-1.109619302238399,-0.5560163503019266,-0.7159646470721233
-0.8586805081422654,-1.1109857177301277,-0.030552763094476177,-1.4342784820679992,1.2370303999090477,-0.9353282211655668,1.216596651444419,-0.8479228206510645,1.051910640529181,-0.05553429047404732,-0.5578454787449012,1.4009833330483947,-1.3514586500318595,-1.2805259729479226,1.3604371254218772,1.2616652747879982,-0.308533281962281,1.4381001504825486,-0.551672991410249,0.10722382898466562,1.3981041927077682
0.3383162235262719,0.7298601081600979,-1.681211727423983,1.6304191291884107,1.1315530154740827,-1.2861557660636072,0.19852413977544897,-0.837870967959396,-0.9994846008308605,-1.2205893353841328,1.6309940141109511,-1.2486305356010519,1.5194041222078858,-1.2124837178984311,0.47068099368749056,1.2616652747879982,1.4797247885431601,0.25546454224814047,1.472670674799578,1.2126241277956527,-0.01127503381215943
-0.00042170644534674526,0.13145295264026802,0.5611929033632717,0.8309327958171733,1.4887887991213236,-1.5796273090709598,-0.9649873021319455,-0.12366950343584311,0.17081956964995004,-0.8322376537474376,0.5215640735004717,0.8710605593185055,0.44283058261798136,-1.515405460356756,1.3604371254218772,0.02473853479976469,0.7772594089765636,-0.3476380246709305,-1.5602682455995973,1.6547842473200474,-0.01127503381215943
-0.04822794825079737,-0.5005091394937271,1.5266726749522286,1.6304191291884107,0.35240769408698247,-0.5089819404447875,-0.5286705114166727,1.104216295192978,1.5159967770991576,-1.2205893353841328,1.4283563926464824,-0.7187077618711625,-0.9926008035018913,-0.2413216627488142,1.3604371254218772,0.02473853479976469,-0.782267978092135,0.670010904337341,0.4712285784413597,-1.2192565295885187,-0.7159646470721233
0.2641726818992506,-0.04564074850662302,1.5578171837131627,0.0314464624459359,1.5650915878615108,1.247067650775104,0.6348409304907219,0.4357680911970199,-1.4209734591649457,1.4978724360727331,1.1480189424723262,-0.9836691487361071,-1.3514586500318595,-0.18962143402125314,1.3604371254218772,-1.2121882051884687,1.1099585848845528,1.280045684669275,1.479823832630708,-1.6614166491129136,-0.7159646470721233
-0.8585084813635484,-0.551941706271177,-0.9337435171615649,-1.567526204296539,-0.005644162167105213,-1.596834109638166,0.3439630700138733,-1.4006014108878055,-0.024231125430185043,-0.4438859721107425,-0.7233990910524737,-0.18878498814127317,0.8016884291479495,0.7547991235106598,1.3604371254218772,1.2616652747879982,1.63793771186897,-0.9937203147497513,0.7502017338554348,-1.6614166491129136,-0.7159646470721233
-0.04812473218356717,-0.06864707438190888,0.06288076318832611,-1.0345353153823806,1.4991937248586218,0.5712227618298328,0.7802798607291462,0.2985083096142357,-0.09821587183989146,-0.8322376537474376,1.3153384599778462,-0.5862270684386901,-1.3514586500318595,-0.31634641995403934,-1.308831269781283,0.02473853479976469,-1.5959344409105864,-0.7718894855381391,1.3868327808260164,-0.3349362905397292,-0.7159646470721233
1.1916206539961414,0.7981025009462834,-0.9025990084006308,-0.6347921486967619,1.0640230072574999,0.28348681901154893,-1.6921819533240672,-1.637166564752074,0.49590406145017524,-0.8322376537474376,0.6270769090778313,-0.9836691487361071,-1.7103164965618276,-0.6148112461427467,0.47068099368749056,1.2616652747879982,1.2012700434897345,0.037793041084245894,0.8646522591535168,0.10722382898466562,0.6934145794478044
-0.030044717740411866,0.28431073524905903,0.09402527194926019,-0.6347921486967619,-0.21476276767162938,0.10090354632619279,-0.3832315811782483,1.2690320177753363,1.1841863992616863,0.721169072799343,0.39971661484209836,-1.2486305356010519,-1.7103164965618276,0.7859975373979812,0.47068099368749056,1.2616652747879982,0.6172383379556016,1.6751818492024593,0.48553489410361994,0.328303888746863,-0.01127503381215943
1.358624250774592,0.8041695700062217,-1.4632001660974445,-0.3682967042396828,0.1747078839460649,0.781528102095688,-0.23779265093982396,-0.11535072879446225,-0.4815913759629156,-0.05553429047404732,-1.0328739769927626,-1.1161498421685794,1.1605462756779177,-0.5342896255383269,-1.308831269781283,1.2616652747879982,-0.2832192142301514,0.11820671667345536,0.7502017338554348,-0.777096410064124,-1.420654260332087
1.2277978855603235,1.156528762156609,-0.5600094120303558,-0.6347921486967619,1.124616398315884,-0.14190352834438555,0.05308520953702465,-1.4870820055971607,0.9981035522312127,-0.4438859721107425,-0.473082029243424,1.4009833330483947,-0.45431403370693907,1.636971417143584,1.3604371254218772,1.2616652747879982,-0.4522810237268741,1.1836879182304807,-0.6446640432149406,-0.5560163503019266,1.3981041927077682
-0.910942243516486,-1.033489022271183,0.15631428947112838,-1.1677830376109202,0.05556128334641405,1.1132369796968324,0.7802798607291462,-0.648098921452895,1.4420120306894513,0.3328173911626478,0.6526825344480691,-1.3811112290335241,-0.45431403370693907,0.025350494049956256,-0.4190751380468963,1.2616652747879982,1.447178130030422,0.046804918520967645,-0.2011682576848726,0.5493839485090605,-0.01127503381215943
-0.5527652875498479,-0.4705297289122189,0.1251697807101943,-1.3010307598394597,1.4720593106809616,-1.516535706991203,1.216596651444419,1.626392711744656,0.9846517801567206,-1.2205893353841328,-0.00644158068581293,-0.8511884553036348,1.1605462756779177,-1.120819806619968,1.3604371254218772,1.2616652747879982,-0.6746831902305842,0.6492142640987524,-1.545961929937337,-0.777096410064124,-0.7159646470721233
-0.8245331925669436,-0.918020563922438,0.5300483946023375,0.16469418467447547,-0.7160353664273522,-0.48795140641820195,1.5074745119212678,-0.6635233161004553,-1.3088753585441784,1.1095207544360381,-0.5114904672987809,1.0035412527509777,-0.8131718802369072,-0.1784791433472098,-1.308831269781283,-1.2121882051884687,-0.1060207401052442,-0.1438309503327617,-0.9737093034469266,-0.5560163503019266,1.3981041927077682
-1.0133153795309648,-0.9871042569516016,1.3086611136256898,1.4971714069598712,-1.0851042028738733,-1.2192404305244713,1.0711577212059948,0.7752780812483764,1.2290256395099934,0.721169072799343,-0.255434213596402,0.07617639872367149,0.9811173524129336,0.16188069577590058,-1.308831269781283,-1.2121882051884687,0.19684399883273496,-0.5646163044935388,0.9361838374648181,0.7704640082712578,-1.420654260332087
-0.2747356077874538,-0.050542940307053134,0.37432585079766706,-0.9012875931538411,-1.553733897355719,0.9230062400927179,-1.6921819533240672,-0.2746206016159,-0.6407706788444052,0.3328173911626478,-0.5856584856125734,-1.1161498421685794,-1.1720297267668753,0.16306920678113188,0.47068099368749056,-1.2121882051884687,-1.5380737146657188,-1.437381973172976,-0.6518172010460708,0.328303888746863,0.6934145794478044
1.5544251303102663,1.4971906451594355,0.37432585079766706,-0.3682967042396828,1.2256053834131908,0.9631554414161994,-1.1104262323703697,0.258647514457619,0.5698888078598816,0.3328173911626478,0.9983584769462807,-0.8511884553036348,-0.8131718802369072,0.25963572595617407,-1.308831269781283,-1.2121882051884687,-0.9495216398937055,-0.9521270342725741,-0.9665561456157965,-1.6614166491129136,1.3981041927077682
0.5478964480371769,0.16293699634864092,-0.27970883318194895,1.230675962502792,-1.4237743347153466,-0.25757146549060594,1.216596651444419,-0.23510642206934093,0.7761493130020934,-1.6089410170208278,0.4337102899025866,-1.5135919224659964,-1.1720297267668753,1.4775623785669374,-1.308831269781283,-1.2121882051884687,0.7745471874338354,-1.0394729232746465,-0.21547457334713285,1.43370418755785,0.6934145794478044
-1.1704274365331888,-1.0975572715441309,0.15631428947112838,1.230675962502792,-0.6499334852727514,-0.9219451540577396,1.5074745119212678,-1.6349135632866998,-0.2977504909448572,0.721169072799343,0.6787296361177939,-1.2486305356010519,1.1605462756779177,-0.38988553840272533,-0.4190751380468963,0.02473853479976469,1.2961977974852206,-1.101169622649126,0.1278770025471134,-0.9981764698263215,-0.01127503381215943
-1.2136405633468959,-0.9802929607536444,0.24974781575393068,-0.9012875931538411,-0.3381937494572266,1.3197185865033085,-0.5286705114166727,1.2832432577876953,-0.7528687794651725,0.3328173911626478,0.8297145305423,0.07617639872367149,-0.0954561871769709,-0.9233784158759202,-1.308831269781283,1.2616652747879982,0.0585207001535982,-0.5174772532860712,0.7788143651799553,1.6547842473200474,-0.01127503381215943
-0.6702595774135498,-1.0435037309327877,0.9349270084944807,-1.4342784820679992,-0.9353548795174629,1.5443629272418358,0.9257187909675705,1.1182542274003082,-0.9950006768060299,-1.2205893353841328,1.1047542651226139,0.4736184790210885,-1.3514586500318595,-1.2109980791418922,0.47068099368749056,1.2616652747879982,-0.9242075721615759,0.8966942829379573,1.8374817241872146,0.328303888746863,-0.01127503381215943
0.36590931883247657,-0.11797639055191353,1.5266726749522286,-1.0345353153823806,-1.409901100398949,1.6103223294161266,-0.3832315811782483,0.3579528867391031,1.428560258614959,0.3328173911626478,-0.1737610981913329,1.4009833330483947,-1.1720297267668753,-1.2417508014022516,-1.308831269781283,-1.2121882051884687,1.3748522222243373,-0.911226975136683,0.6858233133752636,-0.5560163503019266,-0.01127503381215943
-0.11549041872913919,0.2351917441397989,0.7480599559288762,-0.6347921486967619,-1.0522572804482846,-0.2671307991390539,-0.23779265093982396,-0.6491387682830676,-1.1564219416999348,0.721169072799343,-0.2669125973830604,0.20865709215614384,-0.27488511044195496,0.17361724195255956,1.3604371254218772,0.02473853479976469,0.6226627810410579,-0.7497064026169779,-1.3313671950034331,-0.777096410064124,-1.420654260332087
-1.0089803047072967,-1.2583588699087345,0.6234819208851398,0.29794190690301503,1.255596051714815,-1.0165825571773746,1.0711577212059948,0.4688698819575146,-0.033198973479846426,-1.6089410170208278,1.4053996250731655,1.1360219461834502,-0.9926008035018913,0.647536005288536,1.3604371254218772,-1.2121882051884687,1.5068470039704418,0.638815943979458,-0.1296366793735713,-1.4403365893507163,-1.420654260332087
-0.548017348457259,-0.4094545670421738,-1.681211727423983,1.230675962502792,-0.17620333699811225,0.8962401058770636,-0.23779265093982396,1.260193319718869,0.7223422247041251,-1.2205893353841328,-0.14903842542006873,1.1360219461834502,-0.45431403370693907,0.6418905780136874,0.47068099368749056,1.2616652747879982,0.7248231258171524,0.4883869129203334,-1.1954571962119607,-1.4403365893507163,-1.420654260332087
1.1736782609759595,1.6230782834404476,0.28089232451486473,0.29794190690301503,1.6411903584499865,1.6781935983201073,-0.9649873021319455,-1.2624750902798774,1.7693384845020916,1.1095207544360381,-0.5547551446484932,-0.7187077618711625,0.08397273608801319,-0.35007041972747716,-1.308831269781283,1.2616652747879982,-0.9549460829791618,1.429088273045827,0.6142917350639623,0.9915440680334553,0.6934145794478044
-0.6680404319681007,-0.9817166996263765,0.03173625442739201,1.6304191291884107,1.3221059691728394,-1.3817491025480868,0.4894020002522976,0.8511868998509767,-0.22824966855998152,-1.2205893353841328,0.08450253700848025,1.4009833330483947,-1.7103164965618276,-1.20446126861312,1.3604371254218772,0.02473853479976469,-1.6474666502224218,1.4672154468165728,0.27094015916971603,-1.6614166491129136,-1.420654260332087
0.9969207458442557,1.4707867606105842,0.8103489734507443,-0.5015444264682224,1.7248378006517961,0.4756294253453531,-0.8195483718935213,0.9031792413596071,-0.11390960592679888,0.3328173911626478,1.2703078774301864,-1.5135919224659964,-0.45431403370693907,0.5081830899251674,0.47068099368749056,1.2616652747879982,1.0620426709630217,1.7098429162667736,-0.008032996244359068,0.7704640082712578,0.6934145794478044
-1.2135889553132808,-1.440338584005229,0.9037824997335466,-0.7680398709253015,-1.6590072636389723,-0.3894902698391879,-0.09235372070139966,-0.029563365305222106,0.8344403253248924,1.4978724360727331,-0.36227147807222215,1.2685026396159225,-1.1720297267668753,-1.4812357689563564,-0.4190751380468963,0.02473853479976469,-1.2596189696122932,0.6270311811775912,-1.3528266684968235,0.10722382898466562,1.3981041927077682
-0.8442646640857819,-1.0524182777381903,1.682395218756899,-0.10180125978260367,-0.23230832871883822,0.06362214509724572,-0.8195483718935213,0.23143818906810246,-1.1855674478613343,0.721169072799343,-1.546310913295981,1.0035412527509777,1.5194041222078858,-1.104329216422384,1.3604371254218772,0.02473853479976469,0.6588257349441001,1.6495326595748667,1.7587969880447831,-0.777096410064124,0.6934145794478044
-1.7082175521582328,-1.6259423606868602,-1.5254891836193127,0.5644373513600942,1.2198928751652622,1.557745994349663,0.9257187909675705,1.054823570759779,0.6550833643316648,-0.8322376537474376,0.7877742820910484,0.7385798658860332,-0.8131718802369072,-1.079221921436873,-1.308831269781283,0.02473853479976469,0.655209439553796,1.713309022973205,0.4783817362724898,0.5493839485090605,1.3981041927077682
0.006889431650125192,-0.08171958584972251,0.685770938407008,1.230675962502792,-0.01400890638728618,-0.6552397452660413,0.05308520953702465,0.25934074567773413,-0.3291379591186721,1.1095207544360381,1.1961398591163939,-1.1161498421685794,-0.9926008035018913,0.30509627190627087,0.47068099368749056,1.2616652747879982,0.2483762081445702,0.0856253136329998,0.8646522591535168,-0.3349362905397292,-0.7159646470721233
-0.7820769835795912,-0.6642391098579274,-0.5600094120303558,1.0974282402742523,0.6347688160560181,0.9067553728903563,-1.1104262323703697,-0.6779078639178431,0.6326637442075114,1.4978724360727331,0.7966038080807856,1.0035412527509777,0.08397273608801319,-1.1423615685897852,0.47068099368749056,1.2616652747879982,-0.0011481737864215762,1.6127919284866934,0.34962489531214747,1.2126241277956527,1.3981041927077682
-0.4383674797030516,-0.11485387234239863,-0.030552763094476177,1.6304191291884107,-1.5882129649950016,0.320768220240496,-1.2558651626087942,-1.5441002734516254,0.06993127909125949,-0.8322376537474376,-1.5224711931236905,1.1360219461834502,-1.5308875732968434,-0.7309881969041052,0.47068099368749056,-1.2121882051884687,-0.718982808761811,-0.2741565624945839,-1.209763511874221,-1.4403365893507163,-0.01127503381215943
-0.8078293923535241,-0.591515175392801,-1.587778201141181,-0.23504898201114324,1.3520966374744638,-1.3253490340222438,1.0711577212059948,1.503170862369202,-0.6497385268940665,1.4978724360727331,-0.30796989323533835,-0.7187077618711625,1.1605462756779177,1.6846604212284895,0.47068099368749056,1.2616652747879982,0.6805235072859255,-1.4304497597601131,1.6514996205778312,0.9915440680334553,0.6934145794478044
0.15075542669114123,0.5720354183475709,0.997216026016349,-0.3682967042396828,-1.3140125690944353,-1.6752206455554395,1.652913442159692,-0.26040936160354106,-0.7483848554403418,1.1095207544360381,1.2875254531101739,-0.7187077618711625,0.26340165935299725,1.1602299401701832,-0.4190751380468963,1.2616652747879982,-1.0634349446882887,-0.026676543655378932,-0.10102404804905077,-0.5560163503019266,-1.420654260332087
-0.8846049436949153,-0.5143258780995599,1.2152275873428875,0.4311896291315546,-0.8757815792176374,-0.2489680652070028,-1.5467430230856427,0.7458157543934858,-0.3986387815035478,1.4978724360727331,-0.7587171950114225,-1.1161498421685794,-0.8131718802369072,1.1388367420760201,0.47068099368749056,-1.2121882051884687,-0.5562495161981207,0.9514587688995741,0.8574991013223867,-0.777096410064124,-1.420654260332087
-1.034646700091871,-0.6965320961076255,0.6546264296460739,-1.567526204296539,0.3397585686808552,0.19458501608098286,0.9257187909675705,1.436620665238155,-0.03544093549226177,-1.2205893353841328,1.1210888882036276,1.2685026396159225,0.08397273608801319,0.8535941008205108,-0.4190751380468963,-1.2121882051884687,0.14802401106362786,-1.3098292463762988,1.1364722567364618,-0.5560163503019266,0.6934145794478044
0.7212822383060278,0.7164478408249277,-1.3697666398146422,-0.23504898201114324,-0.19476898880387974,-0.8913552863827061,1.3620355816828436,0.1971232436724064,-0.1587488461751058,0.3328173911626478,-0.6527628831345761,-0.8511884553036348,1.1605462756779177,0.607572322737634,-1.308831269781283,-1.2121882051884687,0.6967968365422945,0.2679425263912937,-0.1081772058801809,-0.11385623077753179,1.3981041927077682
1.0732490275609827,0.71394011894682,-1.5566336923802468,1.0974282402742523,0.4719623309900568,-0.23271719800464125,-1.2558651626087942,0.5037047507682969,-0.5017690340746538,1.4978724360727331,0.9038825488560925,-0.45374637500621784,-1.7103164965618276,0.8119962156374156,0.47068099368749056,1.2616652747879982,1.19313337886155,1.1920065743259163,-0.1081772058801809,1.6547842473200474,-1.420654260332087
-0.3909913048443935,-0.04813229153390434,-0.964888025922499,-0.3682967042396828,-1.1230515790922553,-1.3502033015082084,-0.9649873021319455,1.3674708510316764,0.7694234269648474,-1.6089410170208278,0.5529088907640388,-1.3811112290335241,-0.6337429569719232,1.5591239463009348,-0.4190751380468963,1.2616652747879982,-0.20908515872891473,-1.1067153933794165,-0.9880156191091869,1.2126241277956527,-1.420654260332087
1.640369708957273,1.7928915017154128,-1.6189227099021148,0.16469418467447547,0.5439807385442978,-1.57771544234127,-1.4013040928472185,-1.2716604039464021,-1.429941307214607,-0.8322376537474376,1.1581728973605239,-0.5862270684386901,1.3399751989429018,-1.3611961574279963,-0.4190751380468963,0.02473853479976469,-0.27056218036408664,0.5064106677937769,-0.09387089021792064,0.9915440680334553,0.6934145794478044
-0.3009352861860509,-0.7184059024250562,0.9660715172554148,-1.3010307598394597,-1.634117049130141,0.7853518355550672,1.652913442159692,-1.328505363995838,1.7446769023655229,-1.6089410170208278,0.820443528253076,-1.3811112290335241,0.26340165935299725,0.7436568328366165,-1.308831269781283,0.02473853479976469,1.1343685787691062,0.014223515480512088,0.4783817362724898,-1.2192565295885187,-0.01127503381215943
0.24595504603312168,0.1055829701686913,1.5578171837131627,1.0974282402742523,-1.4676382373333687,0.1295815472715367,-0.9649873021319455,1.341821295887419,-0.6699161850058046,-0.8322376537474376,0.9864386168601353,-0.056304294708800835,1.3399751989429018,-0.2682117242421721,-0.4190751380468963,0.02473853479976469,0.7284394212074565,0.4218376641568497,1.7659501458759133,-1.6614166491129136,1.3981041927077682
0.7753502548567768,0.33341354750749264,-1.5566336923802468,-1.7007739265250785,0.9609938406430757,0.377168288766339,0.7802798607291462,-1.2042436677902115,-0.2798147948455345,-0.4438859721107425,0.9921778087534646,1.4009833330483947,0.26340165935299725,-0.6733454131503878,1.3604371254218772,1.2616652747879982,1.3730440745291854,1.2134964359057911,-1.2240698275364812,-0.5560163503019266,-0.7159646470721233
-0.7321204070401782,-0.6208312530904226,-0.7157319558350262,-0.9012875931538411,-0.9074043927329557,-1.0165825571773746,1.3620355816828436,1.5340196516643225,-1.429941307214607,1.4978724360727331,-0.046174447639630335,1.0035412527509777,1.3399751989429018,-1.348122536370452,0.47068099368749056,1.2616652747879982,-1.5308411238851103,-0.2734633411532976,-1.381439299821344,-0.3349362905397292,1.3981041927077682
0.4692458048077705,0.9021810483131709,-0.310853341942883,-1.1677830376109202,-0.10561305650585334,-1.3349083676706919,-0.3832315811782483,-1.2912441859146528,-0.7909821336762334,0.3328173911626478,0.0430037648567154,0.20865709215614384,0.08397273608801319,1.296314450269166,0.47068099368749056,1.2616652747879982,0.38308321143340274,-0.8315065208887599,0.3281654218187571,0.7704640082712578,-0.01127503381215943
0.20370526918022974,-0.14132247229455594,-0.4665758857475535,-0.7680398709253015,-0.19272880728676245,1.0625725113600581,1.652913442159692,0.788969397845649,-0.40984859156562453,0.3328173911626478,-1.2284479776654416,1.1360219461834502,0.08397273608801319,0.6323824899718371,1.3604371254218772,0.02473853479976469,-0.45137694987929805,0.037793041084245894,0.042039108573551844,-0.9981764698263215,-0.7159646470721233
1.1833805712955976,1.243926914321373,1.6201062012350307,-0.6347921486967619,-0.7376612905087957,0.3829038889554078,-0.8195483718935213,-0.19281931764232155,1.6886278520551392,-1.2205893353841328,0.9166853615412115,-1.3811112290335241,-1.7103164965618276,0.7649014670551258,-1.308831269781283,1.2616652747879982,0.36409766063430554,0.6034616555738573,1.0720938362562906,-0.3349362905397292,-1.420654260332087
0.7596786153156593,0.4503866389831022,0.4366148683195352,0.29794190690301503,-0.6799241535743759,-0.29389693335470823,0.05308520953702465,-0.41950592661995006,1.0272490583926122,-0.05553429047404732,-1.230213882863389,0.20865709215614384,1.1605462756779177,0.7806492378744404,-1.308831269781283,0.02473853479976469,-0.43239139908020086,1.1545726218964567,-1.7033314022222,-0.11385623077753179,1.3981041927077682
1.35748887403506,0.8739489536209248,0.31203683327579884,-1.1677830376109202,1.309456843766712,-1.1026165600134061,-0.9649873021319455,1.5286471097084307,0.9173929197842603,-0.8322376537474376,0.9471472262058048,1.4009833330483947,0.9811173524129336,0.042583903625809945,-1.308831269781283,-1.2121882051884687,1.0394408247736202,1.0720792822833882,-0.8950245673044952,-1.2192565295885187,-0.01127503381215943
-0.06178365841369592,-0.3156657688009416,0.9349270084944807,-0.9012875931538411,0.7414703094012532,-0.20690699715383173,0.4894020002522976,0.8941672354981112,-1.4658126994132525,-1.6089410170208278,0.631050195773213,-0.3212656815737455,-1.1720297267668753,1.7218013901419673,0.47068099368749056,1.2616652747879982,-0.8048698242815364,1.5892224028829596,0.24948068567632564,-0.5560163503019266,0.6934145794478044
1.2200222751623158,1.0069714651164245,0.6234819208851398,0.9641805180457129,-1.1532462655455915,0.2968698861193761,-0.5286705114166727,0.44945940779429255,-0.6564644129313126,1.4978724360727331,-0.24660468760666482,-0.18878498814127317,0.26340165935299725,0.665957925869621,1.3604371254218772,1.2616652747879982,-1.7550514380839726,1.153186179213884,1.4869769904618382,-0.777096410064124,0.6934145794478044
-0.9809743451321713,-1.143133094322387,0.31203683327579884,0.9641805180457129,0.20367846148913069,-0.8980468199366197,-1.1104262323703697,-0.6262621380192702,-0.956887322594969,0.3328173911626478,0.46284772566871935,1.2685026396159225,-1.1720297267668753,1.5142576558534535,-0.4190751380468963,0.02473853479976469,1.2238718896791358,0.17851697336536246,0.8932648904780374,-0.9981764698263215,0.6934145794478044
1.3172174051374133,1.2192541668109573,-0.9025990084006308,0.6976850735886337,-0.595664656917431,0.8082942363113423,0.19852413977544897,-1.5602178993193008,-0.5600600463974528,-1.6089410170208278,-1.251846221538245,0.7385798658860332,1.5194041222078858,-0.9198128828602263,-0.4190751380468963,1.2616652747879982,0.11818957409361797,-1.4741227042611493,1.5227427796174888,-0.777096410064124,-1.420654260332087
-0.9776542283029335,-1.1197870125797447,-0.9960325346834331,0.4311896291315546,1.0368885930798397,0.6199753634369174,0.9257187909675705,-1.5818813749478968,1.6236109536950942,-0.05553429047404732,1.7113427006175597,-1.3811112290335241,-0.6337429569719232,0.4826301033126947,1.3604371254218772,0.02473853479976469,-1.1484178863604382,-0.45092800452258747,1.3009948868524548,1.2126241277956527,1.3981041927077682
-1.084207615040235,-0.841899070783746,1.5578171837131627,1.4971714069598712,-0.45774838636030085,0.7136568331917075,1.3620355816828436,1.213226904556073,-0.4658976418760082,-0.8322376537474376,0.9047655014550663,1.1360219461834502,0.08397273608801319,0.5034290459042422,-1.308831269781283,-1.2121882051884687,-0.3790510420732135,0.49185301962676486,-1.2598356166921318,-0.9981764698263215,-1.420654260332087
-0.8152781518719696,-0.7734787106384691,0.28089232451486473,1.0974282402742523,1.1327771243843532,1.509949326107423,-1.1104262323703697,-1.1408130111496824,-0.8649668800859398,1.1095207544360381,1.546230564609474,0.8710605593185055,-1.5308875732968434,0.8828611843243312,-1.308831269781283,-1.2121882051884687,0.006084416994186881,-0.9569795836615781,1.5585085687731395,-1.6614166491129136,0.6934145794478044
0.6264094698436096,0.5009293689650944,1.7446842362787671,-1.567526204296539,1.194186588049584,-0.8282636843029496,0.4894020002522976,0.4773619644039242,-0.07131232769090731,-1.2205893353841328,-0.17552700338928034,-1.1161498421685794,-0.27488511044195496,0.6185660495360233,-0.4190751380468963,-1.2121882051884687,-0.7307357687802997,1.700831038830052,1.4655175169684478,1.2126241277956527,-0.01127503381215943
-0.8753843083556848,-1.2152260536052801,1.2463720961038216,1.6304191291884107,-1.625956323061672,0.5368091606954201,0.6348409304907219,-1.0184577007993723,0.7066484906172178,-1.6089410170208278,-0.35785671507735356,1.0035412527509777,-0.6337429569719232,1.643953919299318,0.47068099368749056,0.02473853479976469,-0.43871991601323324,-1.091464523871118,-1.1739977227185703,1.2126241277956527,1.3981041927077682
-0.5840053505648526,-0.7621535150599177,0.4054703595586011,0.0314464624459359,0.7708489232477426,0.6696838984088468,-0.5286705114166727,0.5693884088742001,-0.7439009314155111,0.721169072799343,0.2822839191785936,1.6659447199133395,1.3399751989429018,0.6445647277754578,-0.4190751380468963,0.02473853479976469,0.2908676789806449,1.4540442413321333,0.027732792911291583,0.10722382898466562,-0.01127503381215943
0.8771729051793612,0.6503895929003201,1.0906495522991513,-0.10180125978260367,-0.7505144340666347,1.6217935297942643,1.3620355816828436,-1.0113520807931926,1.7536447504151842,-0.4438859721107425,-0.09915160357805354,1.6659447199133395,-0.8131718802369072,-1.216049250914125,-0.4190751380468963,1.2616652747879982,-0.2967803219437923,0.22496280323154377,1.1936975193855028,-1.4403365893507163,-0.7159646470721233
0.02691334869278245,0.44896290011037,-1.7123562361849172,1.6304191291884107,-1.0647023877027002,1.4975221923644406,-1.1104262323703697,0.9908729907041637,1.07657222266575,0.721169072799343,-1.3953260188714747,-1.3811112290335241,-0.27488511044195496,-0.6246164619359049,0.47068099368749056,-1.2121882051884687,0.47529874388616056,-1.4824413603565847,0.9075712061402976,0.9915440680334553,0.6934145794478044
1.0409423985179327,1.1620133925867933,-0.5911539207912898,1.230675962502792,-1.2895303908890277,1.3025117859361022,-0.9649873021319455,1.119813997645567,0.33672475856868567,-1.6089410170208278,-0.9847530603486948,1.1360219461834502,1.1605462756779177,-0.311889503684422,-0.4190751380468963,-1.2121882051884687,1.1235196925981936,1.707763252242915,0.1278770025471134,-0.11385623077753179,1.3981041927077682
-0.9634964244145254,-0.8062085258604826,-0.27970883318194895,-0.7680398709253015,-1.6716563890450997,-1.1102640269321646,-1.4013040928472185,-0.12072327075035406,0.15512583556304263,0.3328173911626478,0.7074255955844398,-0.056304294708800835,0.44283058261798136,1.148939085620486,-0.4190751380468963,1.2616652747879982,-1.7234088534188106,-1.3070563610111539,1.6228869892533107,-1.2192565295885187,1.3981041927077682
-0.44483568658281036,-0.2480381723461632,0.49890388584140344,0.6976850735886337,0.6535384860134973,-0.365591935718068,-0.5286705114166727,-0.4025217617271308,1.103475766814734,-0.4438859721107425,-0.06957269151243392,-0.056304294708800835,1.5194041222078858,-1.6814998733378286,0.47068099368749056,-1.2121882051884687,-0.2723703280592387,1.1781421475001905,-1.3528266684968235,-1.2192565295885187,1.3981041927077682
-0.40083123658700515,-0.5302620461636643,-1.2763331135318399,1.6304191291884107,0.0492367206433504,1.7040037991709167,0.7802798607291462,1.5771732951164859,-0.5309145402360532,1.1095207544360381,-0.35035161798607695,0.7385798658860332,0.9811173524129336,-0.5198789295998976,0.47068099368749056,0.02473853479976469,0.7438086766162495,0.9195705872004049,1.5442022531108792,-1.6614166491129136,0.6934145794478044
-1.2034565780468502,-1.323834679203588,-0.21741981566008073,0.9641805180457129,-0.20027747890009648,0.9239621734575627,1.5074745119212678,-0.3818981329287074,-0.23049163057239688,0.721169072799343,1.7413630889826661,-0.18878498814127317,1.1605462756779177,0.9035115630402248,-1.308831269781283,1.2616652747879982,1.3016222405706768,-0.20136832165952362,-0.830646146824324,0.328303888746863,-1.420654260332087
0.07122744689027824,0.22016159172197855,1.5578171837131627,-0.3682967042396828,-1.1652833364965836,0.4450395576703196,-0.9649873021319455,1.0186022395087666,-0.23945947862205824,0.3328173911626478,-0.9238293310195081,0.7385798658860332,-0.27488511044195496,-0.8143325311459494,-0.4190751380468963,0.02473853479976469,0.9499375138635906,-0.5632298618109662,-0.8807182516422349,-0.11385623077753179,-0.01127503381215943
-0.7953058428629275,-0.9773322310523944,1.5889616924740968,-0.7680398709253015,0.7065832054585474,-1.1159996271212334,-1.2558651626087942,-1.0068460778624446,-1.320085168606255,1.1095207544360381,0.5056709267189448,-1.6460726158984689,1.3399751989429018,-1.4984691785322102,1.3604371254218772,0.02473853479976469,0.5186942885698113,0.09394396972843526,0.06349858206694224,0.10722382898466562,0.6934145794478044
-0.9031150250848631,-0.5177072579222988,0.31203683327579884,-0.6347921486967619,0.9862920914553304,-0.8569416852482935,0.9257187909675705,-0.9593597392845623,-1.4321832692270222,1.4978724360727331,1.1762734256394851,0.07617639872367149,0.9811173524129336,0.928321730274428,-1.308831269781283,1.2616652747879982,-0.49386842071537274,0.5389920708342325,1.4082922543194067,-0.5560163503019266,0.6934145794478044
-1.1849809020126458,-1.0096252173020925,0.09402527194926019,-0.3682967042396828,-1.6173875606897792,-1.6800003123796634,1.3620355816828436,-0.4909087422918024,0.06320539305401345,-1.2205893353841328,-0.5375375689685056,-0.18878498814127317,-0.27488511044195496,-0.7930878969274401,0.47068099368749056,-1.2121882051884687,-0.782267978092135,0.9798808438923119,1.7659501458759133,0.5493839485090605,-0.01127503381215943
-0.8984186940258894,-0.8709077503156643,-0.9025990084006308,0.0314464624459359,0.8153248803208999,-0.29676473344924265,0.05308520953702465,-0.09975302634187314,0.390531846866654,-0.8322376537474376,0.3520371744975175,-1.1161498421685794,1.5194041222078858,1.635485778387045,-0.4190751380468963,-1.2121882051884687,0.8893645660759948,-0.16393436923006405,1.200850677216633,-0.11385623077753179,1.3981041927077682
0.22133801399872088,0.5480098248702153,-0.9337435171615649,-1.1677830376109202,-0.6738036090230238,0.1257578138121575,-1.6921819533240672,-0.6846668683139651,0.2560141261217332,1.1095207544360381,-1.2280065013659547,1.0035412527509777,1.1605462756779177,0.8953405498792598,0.47068099368749056,0.02473853479976469,-0.6692587471451278,-0.2720768984707251,0.3138591061564968,-1.4403365893507163,0.6934145794478044
-1.2814535195171322,-1.1108886446251685,-1.4943446748583786,-0.9012875931538411,0.026386687651636535,0.13914088091998467,1.216596651444419,-1.1408130111496824,0.38604792284182327,0.3328173911626478,-0.7746103417929494,-0.18878498814127317,0.26340165935299725,1.023699738444239,0.47068099368749056,0.02473853479976469,-1.7062314503148654,0.6415888293446032,-1.2956014058477825,0.7704640082712578,1.3981041927077682
-0.8305713324999098,-0.7474145819569743,0.8726379909726125,0.9641805180457129,-0.5067127427711163,1.3292779201517564,-0.3832315811782483,0.32901048329929883,-0.1878943523365053,1.4978724360727331,0.04874295675004458,1.5334640264808672,0.8016884291479495,-1.3224209858823255,1.3604371254218772,1.2616652747879982,-0.718982808761811,0.936901120732562,0.5713727880771815,-0.777096410064124,-0.7159646470721233
1.1609654820287743,1.4599145728551748,-0.3731423594647512,0.0314464624459359,1.0324001937421816,1.5978951956731444,-1.4013040928472185,-1.2383853053808787,-0.9367096644832309,0.3328173911626478,-0.8889527033600462,-0.3212656815737455,0.08397273608801319,1.474739664929513,0.47068099368749056,1.2616652747879982,-0.7895005688727434,1.7410378766246566,0.6214448928950924,0.9915440680334553,-0.01127503381215943
0.2785197152442473,0.5322678030160288,-0.27970883318194895,1.3639236847313316,1.336795276096084,-0.10557806048028329,-0.9649873021319455,-0.6434196107171183,-1.5734268760091892,-0.8322376537474376,0.9175683141401852,-0.7187077618711625,-0.27488511044195496,1.7069450025765762,-1.308831269781283,-1.2121882051884687,-1.161978994074079,0.5577090470489623,-1.3671329841590838,-0.9981764698263215,-1.420654260332087
0.406077571662893,0.42464608731813747,-1.6189227099021148,1.4971714069598712,0.9805795832074019,0.32554788706472,-1.4013040928472185,-1.0974860598924903,-0.47486548992566957,-0.8322376537474376,-1.4094532604550543,1.0035412527509777,0.44283058261798136,-0.19808957493352608,-0.4190751380468963,-1.2121882051884687,0.9517456615587426,-0.08352069364085458,-0.12248352154244116,-0.777096410064124,-0.7159646470721233
0.6476031689815424,0.9687084829117472,-1.6189227099021148,-1.567526204296539,0.7118876774030524,1.6428240638208498,-0.23779265093982396,1.0163492380433927,0.46451659327636036,1.4978724360727331,1.6667535943693867,-0.5862270684386901,1.3399751989429018,0.4613854690941854,-0.4190751380468963,1.2616652747879982,0.2167336234794082,-0.6914758099489295,0.42115647362344877,1.43370418755785,1.3981041927077682
0.23377555009995904,0.23383272067037275,0.8103489734507443,0.5644373513600942,0.3964756148567164,-0.36654786908291276,0.4894020002522976,1.3770027803082587,-0.6362867548195745,-1.2205893353841328,-0.11636917925804109,-0.45374637500621784,0.26340165935299725,0.3025706860201544,0.47068099368749056,-1.2121882051884687,-0.655697639431487,-1.6370297194634271,-1.7390971913778506,-0.777096410064124,-0.01127503381215943
-0.4346000932491496,-0.4530565700195967,-1.681211727423983,1.230675962502792,1.615076035030885,1.2317727169375872,0.4894020002522976,0.013763585951969888,-1.6384437743692342,0.721169072799343,1.1714171863451297,-0.45374637500621784,-0.45431403370693907,-1.6690205077829001,0.47068099368749056,-1.2121882051884687,-0.25519292495529367,1.486625644372589,-0.14394299503583155,0.9915440680334553,-0.7159646470721233
-0.9915023839896508,-0.8046553561811385,0.8414934822116784,-0.10180125978260367,0.8559244925115344,-0.8626772854373622,-0.5286705114166727,-1.2378653819657923,0.2582560881341486,-0.4438859721107425,0.15425579232740413,1.5334640264808672,-0.27488511044195496,-0.3182777503375402,0.47068099368749056,0.02473853479976469,-1.083324569334962,-1.3084428036937263,-1.0738535130827485,-0.777096410064124,-0.01127503381215943
-1.2301207287479832,-1.0954863786383386,0.7480599559288762,0.16469418467447547,0.14573730640299912,1.016687709847508,1.0711577212059948,1.1062959888533233,-0.8178856778252175,0.3328173911626478,-1.6443186517820638,-1.1161498421685794,-1.5308875732968434,0.900094593900185,-1.308831269781283,-1.2121882051884687,-1.401558563681734,-0.09461223510143521,-0.7591145685130227,-0.777096410064124,0.6934145794478044
1.5511566215146437,0.8450211683431393,-1.3697666398146422,-1.1677830376109202,-1.575155803285451,0.20605621645912042,-0.8195483718935213,0.2539682037218423,0.24928824008448716,-0.05553429047404732,1.1272695563964437,1.6659447199133395,0.9811173524129336,0.10379222039522133,1.3604371254218772,1.2616652747879982,1.1506419080254753,-1.517102427420899,-0.5302135179168586,-1.2192565295885187,-0.7159646470721233
-1.4750696589631007,-1.5635567118998683,-0.15513079813821254,-1.4342784820679992,1.4694070747087091,-1.0156266238125298,-0.8195483718935213,-0.26751498160972054,0.07217324110367483,-1.6089410170208278,-1.2730370839136145,1.5334640264808672,-0.45431403370693907,0.16916032568294223,1.3604371254218772,-1.2121882051884687,0.9517456615587426,-1.5067041073016048,-1.0166282504337074,1.43370418755785,-1.420654260332087
0.6223324351880171,0.7587555357362306,-0.9025990084006308,0.29794190690301503,0.9277388819140636,0.9421249073896139,-0.3832315811782483,0.14703728801909247,-0.9524033985701382,-1.6089410170208278,0.9789335197688588,0.6060991724535608,1.1605462756779177,-1.1095289520702707,0.47068099368749056,0.02473853479976469,0.5846916794428635,-0.00033413268649997086,-1.0166282504337074,0.7704640082712578,-1.420654260332087
1.2787350147384233,0.8672347305279265,-1.2763331135318399,-0.7680398709253015,1.2288696738405784,-0.45544967201347886,-1.6921819533240672,-0.7371791332376817,-0.4120905535780399,-1.2205893353841328,-0.2828057441645873,1.6659447199133395,-0.45431403370693907,-1.660700930746281,-1.308831269781283,1.2616652747879982,1.1217115449030415,1.0020639268134732,0.7788143651799553,-0.777096410064124,-0.01127503381215943
-1.32427098473979,-1.4387045200717523,0.24974781575393068,-1.4342784820679992,0.5888647319208786,1.2480235841399487,1.216596651444419,-1.3467026835238587,-1.4052797250780382,0.3328173911626478,0.6169229541896335,-1.1161498421685794,1.3399751989429018,-1.1812853040111098,-0.4190751380468963,0.02473853479976469,-0.9178790552285435,0.10156940448258443,0.29955279049423655,0.7704640082712578,0.6934145794478044
1.578594892720003,1.1035592045506415,1.028360534777283,-0.10180125978260367,0.7208644760783685,1.110369179602298,-1.1104262323703697,-0.26404882550914516,-1.4994421295994826,1.1095207544360381,0.8411929143289584,0.20865709215614384,1.3399751989429018,-0.2694002352474034,1.3604371254218772,-1.2121882051884687,0.31889396825550265,-0.6374045453285991,0.24948068567632564,0.7704640082712578,-0.01127503381215943
1.5750339384005614,1.4509191317956396,1.7446842362787671,0.8309327958171733,-0.6015811833170711,-1.456311905005981,0.6348409304907219,-0.8073687942743327,0.38380596082940793,-0.05553429047404732,1.2491170150548172,-0.5862270684386901,1.3399751989429018,0.08299327780367377,1.3604371254218772,-1.2121882051884687,1.0936852556281838,1.1760624834763316,-0.35138457213860536,-0.5560163503019266,-1.420654260332087
1.066952847459941,1.4210206154682639,1.370950131147558,0.8309327958171733,-0.07725453341792275,-0.4707446058509956,1.652913442159692,-1.3279854405807519,1.343365702143176,1.4978724360727331,1.2477925861563566,-0.056304294708800835,-0.6337429569719232,0.8470572902917387,1.3604371254218772,1.2616652747879982,-1.208990834148034,-0.08906646437114489,-0.5588261492413791,1.2126241277956527,-0.01127503381215943
-1.2296390537675757,-1.4550451594065195,0.9037824997335466,-1.4342784820679992,-1.380930522855883,1.543406993876991,-1.1104262323703697,-0.6732285531820663,-1.5353135217981282,-0.4438859721107425,-1.3273386687504982,0.3411377855886162,-0.6337429569719232,-1.2234774446968206,-1.308831269781283,1.2616652747879982,0.5964446394613522,0.5098767745002083,0.6643638398818732,1.6547842473200474,1.3981041927077682
1.0860650225753983,1.2592806437557234,-0.7157319558350262,-1.567526204296539,0.7755413407371123,-0.8617213520725174,1.0711577212059948,-1.285178412738646,-1.6205080782699113,-0.4438859721107425,0.6570972974429378,0.3411377855886162,-1.3514586500318595,0.5744425784668118,-1.308831269781283,0.02473853479976469,0.2863473097427646,0.665158354948337,1.2652290976968041,0.7704640082712578,-1.420654260332087
1.0543260819021143,0.7224340156307335,-1.5566336923802468,1.3639236847313316,-1.2030266945632537,1.5405391937824566,-0.3832315811782483,-1.2451443097770007,-0.6878518811051274,1.4978724360727331,-1.3630982490089338,-1.2486305356010519,-0.45431403370693907,0.8840496953295626,1.3604371254218772,-1.2121882051884687,-1.0643390185358648,1.2911372261298555,0.6643638398818732,-0.11385623077753179,1.3981041927077682
1.0921719732198514,1.5529591439583879,0.49890388584140344,1.3639236847313316,1.1019703834758818,1.1954472490734849,-1.2558651626087942,1.5865319165880392,-0.03544093549226177,1.1095207544360381,0.826624196445892,1.1360219461834502,0.6222595058829654,-1.1973302025817323,-0.4190751380468963,-1.2121882051884687,0.2565128727727547,0.583358236676555,0.10641752905372302,0.5493839485090605,-0.7159646470721233
0.6798753926688491,1.1744225711707204,0.03173625442739201,-0.23504898201114324,0.43319888216482794,0.42783275710311325,-0.23779265093982396,0.4232899292349486,0.21341684788584164,0.721169072799343,1.2733982115265945,1.4009833330483947,0.08397273608801319,1.257687842599149,-0.4190751380468963,1.2616652747879982,0.24023954351638568,-0.48212296488047046,-0.3656908878008656,0.10722382898466562,-0.01127503381215943
0.3123573826178786,0.2333311762947512,-0.15513079813821254,-1.7007739265250785,-1.4419319502176906,-0.6122227438480256,1.0711577212059948,-1.5950527681300832,0.6976806425675564,-0.8322376537474376,1.5056147450566828,-0.45374637500621784,-1.7103164965618276,-0.24206448212708376,-0.4190751380468963,-1.2121882051884687,1.3893174037855545,0.0911710843632901,-1.6604124552354191,0.10722382898466562,1.3981041927077682
0.5778291075339326,0.5987467010621257,0.5611929033632717,-1.1677830376109202,-1.0432804817729686,-1.578671375706115,0.3439630700138733,0.33213002378981665,-0.963613208632215,-0.8322376537474376,-0.7560683372145013,-0.18878498814127317,1.5194041222078858,-0.48778913245865274,-0.4190751380468963,0.02473853479976469,1.2238718896791358,0.00867774475022178,-1.4028987733147344,0.9915440680334553,1.3981041927077682
-0.7472415608894014,-0.5452436620290052,1.1529385698210193,-0.3682967042396828,1.5522384443036719,-1.0490842915820975,0.4894020002522976,1.5846255307327228,-1.241616498171718,-0.05553429047404732,-1.5789801594580086,1.4009833330483947,1.5194041222078858,0.15326399098797372,-1.308831269781283,-1.2121882051884687,1.6334173426310898,0.20208649896909628,-0.46583509743668744,1.2126241277956527,0.6934145794478044
-1.1842067815084194,-0.8929271662905335,-0.8091654821178285,1.3639236847313316,-1.5971897636703178,0.7557179012448785,1.216596651444419,0.4844675844101037,-1.4321832692270222,-0.05553429047404732,0.18206879919507632,-1.5135919224659964,0.08397273608801319,0.9243105056317724,-0.4190751380468963,0.02473853479976469,0.08021847249542356,-0.4433025697684383,-1.1811508805497004,-1.4403365893507163,0.6934145794478044
0.28175381868412663,0.5076112343564398,0.5611929033632717,0.4311896291315546,-1.0714349867091875,-0.8569416852482935,0.19852413977544897,-0.0420415272672934,0.13046425342647383,-0.8322376537474376,-1.236394551056205,-0.3212656815737455,-1.3514586500318595,0.6123263667585591,-1.308831269781283,1.2616652747879982,-0.3013006911816726,-0.20622087104852765,-1.431511404639255,0.9915440680334553,1.3981041927077682
0.2315908100102533,0.4775994660732786,-1.2140440960099717,1.4971714069598712,-0.7719363399963665,0.156347681487191,0.7802798607291462,-0.5626581735737124,0.5609209598102203,0.721169072799343,0.6447359610573057,0.7385798658860332,-0.6337429569719232,1.0277109630868946,-0.4190751380468963,-1.2121882051884687,-1.5145677946287412,-0.1847310094686527,1.1007064675808111,1.2126241277956527,-0.01127503381215943
1.3600864783936866,1.8059963708848794,-1.3697666398146422,-1.3010307598394597,1.0913614395868718,-0.06829665925133623,-0.09235372070139966,0.2903628427778836,-0.8044339057507255,0.3328173911626478,-0.46822578994906855,0.8710605593185055,-1.7103164965618276,-0.22022559240595882,-0.4190751380468963,0.02473853479976469,0.5024209593134422,0.814200943324889,0.542760156752661,-0.777096410064124,0.6934145794478044
-1.525404694415691,-1.2131551606994877,-0.8091654821178285,-0.9012875931538411,0.8255257879064865,-1.1159996271212334,1.652913442159692,-1.2004308960795784,-1.1631478277371807,-1.6089410170208278,-0.8350925948226493,0.8710605593185055,-0.9926008035018913,-0.3037184905234569,-1.308831269781283,0.02473853479976469,0.7890123689950523,-1.065122112902239,-0.6232045697215502,1.43370418755785,0.6934145794478044
-1.625197428749415,-1.6613416862952466,1.2152275873428875,0.5644373513600942,-0.2571985432276694,-0.9286366876116532,0.7802798607291462,1.2839364890078104,1.764854560477261,-0.05553429047404732,0.2703640590924483,0.3411377855886162,-0.9926008035018913,1.6796092494562567,-1.308831269781283,0.02473853479976469,0.37856284219552244,1.294603332836287,-1.5817277190929877,0.10722382898466562,-0.7159646470721233
-1.4567144016739981,-1.5361659174506004,1.4332391486694263,1.230675962502792,0.14002479815507063,-1.5184475737208927,0.3439630700138733,-1.6402861052425917,-1.3738922569042233,0.721169072799343,0.6738733968234385,-0.5862270684386901,0.26340165935299725,-1.1789082820006473,-1.308831269781283,0.02473853479976469,1.431808874621629,0.49809201169834144,-0.8950245673044952,0.9915440680334553,1.3981041927077682
1.4726091943524675,0.8926840628780143,-0.4665758857475535,0.29794190690301503,-1.0851042028738733,-0.9965079565156337,-0.8195483718935213,1.1555154054814933,0.4219193150404688,1.4978724360727331,1.6358502534053065,1.2685026396159225,-1.7103164965618276,-1.5106514163358309,-0.4190751380468963,1.2616652747879982,-0.6511772701936067,0.19723394958009224,0.049192266404681974,0.9915440680334553,-0.7159646470721233
-1.6449289002682534,-1.6708872082828827,-0.310853341942883,-0.23504898201114324,0.347511258445901,-0.8014975500872953,0.6348409304907219,-0.12106988636041159,-1.3963118770283767,-0.05553429047404732,1.4636744966054311,-0.056304294708800835,-1.7103164965618276,0.9974039324534967,0.47068099368749056,-1.2121882051884687,-1.2180315726237945,0.2436797794462736,1.5442022531108792,0.9915440680334553,-0.7159646470721233
-1.331874568359081,-1.1357717171963286,0.34318134203673295,1.0974282402742523,-0.15314928585468665,-0.09219499337245614,-0.6741094416550969,1.565734979984587,-0.9793069427191224,0.721169072799343,-0.5843340567141128,0.8710605593185055,0.08397273608801319,0.48248153943704075,-0.4190751380468963,-1.2121882051884687,0.6362238887546987,-0.9098405324541105,0.3853906844677981,-0.3349362905397292,-0.7159646470721233
-0.33432568393501805,-0.16945749388184292,0.37432585079766706,-1.1677830376109202,1.2015312415112065,1.289128718828275,-1.1104262323703697,1.5199817194569925,-0.9546453605825537,0.3328173911626478,-1.4690525608857803,0.6060991724535608,1.3399751989429018,-1.1278023087757019,-0.4190751380468963,0.02473853479976469,1.3287444559979584,-0.870326916000792,0.9218775218025579,-1.6614166491129136,-0.01127503381215943
0.1393672539400767,0.5643666430558089,-0.5288649032694217,0.16469418467447547,0.15675428659543258,-1.1312945609587501,-0.8195483718935213,-1.0813684340248149,-1.0757113092529822,-0.8322376537474376,-1.6195959790107997,1.5334640264808672,-0.27488511044195496,1.2440199660389892,-0.4190751380468963,1.2616652747879982,-0.9196872029236957,-0.3857651984416764,0.7716612073488252,-1.6614166491129136,-0.01127503381215943
-1.369376406119384,-1.1999693972758887,0.1874587982320625,-1.1677830376109202,1.6846462247645853,1.5864239952950068,1.0711577212059948,0.9744087492264307,1.5899815235088641,0.3328173911626478,-1.0487671237742895,-0.056304294708800835,0.9811173524129336,0.6026697148410549,-0.4190751380468963,-1.2121882051884687,-1.0643390185358648,-0.41210760941055535,-1.6246466660797685,1.2126241277956527,-1.420654260332087
-0.5108423615765182,-0.13022378062757556,-0.8403099908787626,1.3639236847313316,-0.31758791613434173,1.2403761172211905,-0.8195483718935213,-1.312041122518105,-0.8672088420983551,1.1095207544360381,1.4217342481541795,0.8710605593185055,0.9811173524129336,1.6443996109262797,0.47068099368749056,0.02473853479976469,1.5068470039704418,-0.29564642407445885,-0.1797087841914822,0.9915440680334553,-1.420654260332087
1.0137277621249052,1.2262272515171797,-0.21741981566008073,1.3639236847313316,0.41830555708987155,-0.18300866303271182,1.0711577212059948,1.5603624380286953,1.0474267165043503,1.4978724360727331,0.18515913329148434,1.0035412527509777,-1.5308875732968434,0.8304181362185006,-1.308831269781283,0.02473853479976469,-0.08793926315372307,-1.4560989493877057,1.472670674799578,-0.11385623077753179,1.3981041927077682
0.6977833803332875,0.5406808054458099,1.2152275873428875,-1.567526204296539,0.9163138654182067,0.2949580193896865,1.216596651444419,-1.407707030893985,-0.8089178297755562,-0.05553429047404732,-0.12475722894829143,-0.056304294708800835,-0.0954561871769709,-0.3123351953113837,1.3604371254218772,-1.2121882051884687,-0.21541367566194713,-0.025290100972806356,0.4998412097658802,-1.4403365893507163,1.3981041927077682
-1.0863407470963258,-1.074777449580416,0.8414934822116784,0.16469418467447547,-1.0689867688886465,1.1027217126835396,0.6348409304907219,-1.0449737949687736,-0.853757070023863,1.4978724360727331,-1.2249161672695468,-0.056304294708800835,0.6222595058829654,-0.12945306438141913,1.3604371254218772,-1.2121882051884687,-1.1176793755428522,0.8793637494058001,0.42115647362344877,-0.3349362905397292,0.6934145794478044
-1.3211056920113975,-1.4349672055308305,1.028360534777283,0.9641805180457129,-0.5773030232633751,1.0864708454811782,1.652913442159692,-0.9860491412589926,-1.261794156283456,-1.2205893353841328,0.8398684854304979,0.20865709215614384,0.26340165935299725,-1.2888455499845415,1.3604371254218772,1.2616652747879982,1.1497378341778992,1.2086438865167872,0.4998412097658802,-0.5560163503019266,0.6934145794478044
0.754036136973742,0.5766787485347769,1.339805622386624,-1.0345353153823806,0.5672388078394351,0.48805655908833545,1.3620355816828436,-0.8352713508839644,-0.9344677024708155,-0.8322376537474376,-1.0673091283527376,1.5334640264808672,-1.5308875732968434,0.338374580052747,0.47068099368749056,0.02473853479976469,0.9237193722838849,0.8370772475873365,-0.6875829902017214,-0.5560163503019266,-1.420654260332087
-1.1344566371034668,-0.7792222026818773,-1.7123562361849172,0.8309327958171733,0.018429979734879032,-1.6780884456499738,0.3439630700138733,1.1383579327836453,0.6102441240833578,1.4978724360727331,1.205852337705105,-1.6460726158984689,0.9811173524129336,-0.5461747355906398,-0.4190751380468963,1.2616652747879982,0.6624420303344044,1.0048368121786184,-0.07956457455566038,1.2126241277956527,0.6934145794478044
-1.3697032569989462,-1.2555437498649231,-1.7123562361849172,-0.7680398709253015,0.18572486413849837,0.7002737660838803,1.216596651444419,1.478561154055117,-0.7259652353161883,-1.6089410170208278,-1.0456767896778816,-1.1161498421685794,-1.5308875732968434,1.4760767398103984,0.47068099368749056,-1.2121882051884687,-1.241537492660772,-1.5129430993731814,0.7001296290375238,0.328303888746863,-0.01127503381215943
-1.3322874326280016,-1.5744612573569308,-0.06169727185541027,-1.0345353153823806,-0.5950526024622957,0.9048435061606668,-0.3832315811782483,1.6910365230203863,0.9487803879580751,1.4978724360727331,-1.0726068439465801,0.20865709215614384,1.5194041222078858,0.049269278030235945,-1.308831269781283,-1.2121882051884687,1.0656589663533258,0.002438752678645183,-0.5588261492413791,0.7704640082712578,0.6934145794478044
-1.4226358968101631,-1.2090942691420359,1.6201062012350307,0.5644373513600942,-1.2395459437196537,-0.5797210094433024,0.4894020002522976,-0.9236583314486361,-1.1205505495012893,-0.05553429047404732,-0.523851803684413,0.4736184790210885,0.6222595058829654,0.849880003929163,-0.4190751380468963,1.2616652747879982,-1.005574218443421,-1.3666733963617745,-1.3456735106656934,-1.2192565295885187,0.6934145794478044
1.5374804926066432,1.6938445769555674,1.4020946399084921,1.230675962502792,0.24631825519688244,-0.05395765877866427,1.0711577212059948,0.10960280213287858,-0.4883172620001617,1.4978724360727331,0.36572293978161013,0.8710605593185055,0.26340165935299725,-1.0726851109081008,1.3604371254218772,1.2616652747879982,0.9201030768935807,1.1296166536101502,0.06349858206694224,-0.5560163503019266,1.3981041927077682
-0.6783104306575047,-0.49610849206891855,-0.964888025922499,-1.7007739265250785,-0.8833302508309715,-1.6322036441374235,0.3439630700138733,-1.017937777384286,1.706563548154462,-0.4438859721107425,1.1775978545379457,0.8710605593185055,0.6222595058829654,0.3114845185593891,-1.308831269781283,0.02473853479976469,-0.48482768223961215,1.4852392016900162,1.208003835047763,-0.3349362905397292,-1.420654260332087
1.1611375088074913,0.7425119695064225,-0.5911539207912898,-0.6347921486967619,-1.2201642193070392,-0.5214090741877698,-0.3832315811782483,1.1898303508771892,0.8456501353869692,0.3328173911626478,1.059723682574954,-1.6460726158984689,-1.1720297267668753,1.6345943951331214,0.47068099368749056,0.02473853479976469,-0.3130536512001613,1.5337646955800563,0.5141475254281405,-1.6614166491129136,-0.7159646470721233
-0.8528488003437595,-0.953177206768427,-0.3731423594647512,1.0974282402742523,1.529388411311958,0.13149341400122627,-1.5467430230856427,-0.9167260192474853,0.5317754536488207,-0.8322376537474376,0.5542333196624993,0.20865709215614384,1.3399751989429018,-0.07285022775727899,1.3604371254218772,0.02473853479976469,1.6560191888204912,-1.3791513805049278,1.315301202514715,0.328303888746863,1.3981041927077682
1.5415059192286207,1.6846226319844613,0.49890388584140344,0.5644373513600942,-1.548429425411214,-0.910473953679602,0.9257187909675705,0.1960833968422338,-0.055618593603999886,-1.2205893353841328,-1.1741463928285578,-0.5862270684386901,-1.7103164965618276,-0.053091232295308814,1.3604371254218772,1.2616652747879982,0.19865214652788707,-0.7545589520059819,0.34962489531214747,0.9915440680334553,-0.7159646470721233
0.9562708180334317,0.4641548410364554,1.4020946399084921,1.4971714069598712,0.38729479802968847,1.0348504437795591,-0.23779265093982396,-1.5080522500056417,-0.432268211689778,0.721169072799343,-1.40018225816583,0.3411377855886162,-0.45431403370693907,0.10483216752479871,1.3604371254218772,0.02473853479976469,-0.9793560768637154,1.2848982340582789,-0.6375108853838105,-0.5560163503019266,-1.420654260332087
-0.04022870304045748,0.21228249136947205,1.370950131147558,-0.9012875931538411,-1.0545014801171138,0.011045810030781904,0.6348409304907219,-1.546006659306942,0.5362593776736514,1.4978724360727331,-1.1569288171485703,-0.8511884553036348,0.08397273608801319,0.6494673356720368,0.47068099368749056,0.02473853479976469,-1.2496741572889565,-1.139296796419872,1.2652290976968041,-0.777096410064124,-0.7159646470721233
1.539716840729964,0.8711823701295931,-0.18627530689914665,1.230675962502792,-0.8992436666644865,-1.710590180054697,-0.3832315811782483,-1.4376892811639619,1.4756414608756814,-1.2205893353841328,-0.5088416095018597,0.20865709215614384,-1.5308875732968434,-1.2022328104783113,0.47068099368749056,-1.2121882051884687,0.3586732175488492,0.07592021485499176,0.599985419401702,-0.3349362905397292,-0.01127503381215943
-0.8233634104716681,-1.030107642448444,-0.6222984295522239,0.5644373513600942,0.4599252600390647,1.2996439858415678,0.3439630700138733,-1.0194975476295447,-0.4277842876649473,-0.8322376537474376,-1.1445674807629382,-0.5862270684386901,-1.1720297267668753,-1.6299482084859214,-1.308831269781283,-1.2121882051884687,0.229390657345473,0.29220527333631374,0.27094015916971603,0.5493839485090605,-0.01127503381215943
-1.0894200264353597,-0.7436934462668788,1.4643836574303604,-0.5015444264682224,-0.03685893937900004,-1.0557758251360112,-1.4013040928472185,0.08066039869307433,1.1348632349885488,0.3328173911626478,0.2407851470268287,0.20865709215614384,-1.5308875732968434,-1.070902344400254,-1.308831269781283,0.02473853479976469,1.5647077302153094,-1.4103463408628107,-1.3528266684968235,0.9915440680334553,-1.420654260332087
-1.3394265439447566,-1.338201498737522,-1.0271770434443672,1.230675962502792,1.3070086259461713,0.6868906989760531,-0.09235372070139966,0.0867261718690812,-0.1542649221502751,-0.4438859721107425,0.8641496819022751,1.5334640264808672,1.3399751989429018,-1.3218267303797098,1.3604371254218772,1.2616652747879982,-1.292165628125031,-1.1691053140951824,1.2366164663722836,1.43370418755785,-1.420654260332087
0.3267044159628753,0.10940117896374577,0.8414934822116784,1.230675962502792,1.4377842611933909,0.11619848016370954,-0.6741094416550969,-0.41673300173948974,-1.0196622589425985,-0.05553429047404732,1.587287860461752,-0.18878498814127317,0.44283058261798136,-0.8115098175085251,0.47068099368749056,0.02473853479976469,-0.10150037086736392,1.071386060942102,-1.6317998239108986,-1.2192565295885187,0.6934145794478044
-1.218715353319047,-1.275039265110858,0.1251697807101943,-1.0345353153823806,0.21347133277129376,1.2805253185446719,-0.09235372070139966,1.5759601404812844,-1.0958889673647205,1.4978724360727331,-1.3419073866335647,-0.056304294708800835,-1.1720297267668753,-0.11771651820476016,-1.308831269781283,0.02473853479976469,0.1932277034424307,0.9209570298829775,-0.2726998359961739,1.2126241277956527,-0.7159646470721233
1.0720964481435789,0.7127428839856589,-1.0894660609662354,0.29794190690301503,0.8922397235162224,-1.4677831053841186,-0.23779265093982396,-0.5051199823041614,1.5070289290494963,0.721169072799343,1.1224133171020882,0.07617639872367149,1.5194041222078858,-0.03823484472991771,-0.4190751380468963,-1.2121882051884687,0.6741949903528931,-1.2543715390733958,0.9647964687893387,1.6547842473200474,-1.420654260332087
0.9426290944811747,0.9965684640349837,-0.4354313769866194,0.5644373513600942,-1.0208384850846781,1.4927425255402167,0.3439630700138733,-0.6872664853893966,-0.2663630227710424,0.721169072799343,-1.4624304163934774,0.8710605593185055,-1.1720297267668753,1.6329601925009285,1.3604371254218772,0.02473853479976469,0.050384035525413685,-1.3479564201470449,-1.4100519311458646,-0.3349362905397292,-0.7159646470721233
0.891227493000539,1.2919133858727778,0.8103489734507443,1.6304191291884107,-1.6722684435002348,1.237508317126656,-1.1104262323703697,-0.8402972772297986,0.3994996949163153,1.4978724360727331,-0.6602679802258528,-0.056304294708800835,1.5194041222078858,0.4726763236438826,-0.4190751380468963,-1.2121882051884687,0.7438086766162495,0.10087618314129815,-0.6446640432149406,0.328303888746863,0.6934145794478044
1.5091476821519554,2.0354933698588105,-0.3419978507038171,-1.4342784820679992,-1.6192237240551848,0.6677720316791572,0.6348409304907219,0.6076894337855577,-1.093647005352305,-0.05553429047404732,-1.4884775180632022,-0.18878498814127317,1.3399751989429018,-1.4455804387994178,-1.308831269781283,1.2616652747879982,0.29357990052337307,0.3428104312502128,-1.3385203528345633,0.328303888746863,-1.420654260332087
-0.666939460584312,-0.7028094902283083,0.6234819208851398,-0.10180125978260367,0.45319266103257755,1.0606606446303686,0.05308520953702465,0.6180879020872838,0.07217324110367483,0.721169072799343,0.25711977010784254,-0.8511884553036348,-0.8131718802369072,0.607572322737634,-0.4190751380468963,-1.2121882051884687,0.27730657126700403,0.48700047023776083,1.3439138338392356,0.7704640082712578,0.6934145794478044
-1.0321007037668597,-1.1475175628963692,1.7446842362787671,1.0974282402742523,-0.8343658944201561,-1.2001217632275754,-1.6921819533240672,-1.2803257941978405,1.2962844998824536,-1.6089410170208278,-1.1935713500059797,1.4009833330483947,0.9811173524129336,1.4986584489097927,1.3604371254218772,-1.2121882051884687,-1.4666518807072102,-0.9174659672082597,0.6071385772328322,1.2126241277956527,0.6934145794478044
1.4081335576893408,1.460950019308071,-0.030552763094476177,0.8309327958171733,-0.47162162067669855,0.05310687808395296,0.6348409304907219,0.7208594304693432,0.8546179834366305,1.1095207544360381,-0.3229800874178916,-0.18878498814127317,-0.45431403370693907,-0.7996247074562122,1.3604371254218772,1.2616652747879982,-1.7523392165412444,1.585063074835242,0.08495805556033263,-0.11385623077753179,1.3981041927077682
-0.5135775873581182,-0.575821690091094,0.4366148683195352,0.6976850735886337,0.779621703771347,-1.5949222429084764,-1.5467430230856427,1.538872270205128,0.5385013396860668,0.3328173911626478,-1.3048233774766684,0.7385798658860332,0.9811173524129336,1.65732466810817,-1.308831269781283,-1.2121882051884687,0.9237193722838849,1.292523668812428,1.4011390964882766,0.10722382898466562,0.6934145794478044
0.6034438948848919,0.11556532112864303,0.7169154471679421,-1.4342784820679992,-0.034206703406747536,0.1238459470824679,1.216596651444419,-1.2442777707518569,1.459947726788774,1.4978724360727331,1.1723001389441035,0.7385798658860332,-0.0954561871769709,1.2802695516985434,-1.308831269781283,0.02473853479976469,0.20136436807061522,-1.6356432767808544,-0.02233931190661933,1.43370418755785,1.3981041927077682
0.3882555973878131,0.4333826667644486,-0.4042868682256853,0.0314464624459359,0.6857733539839508,1.3990610557854266,-0.3832315811782483,-0.04533437556283999,-0.9098061203342467,-1.6089410170208278,0.7992526658777067,0.8710605593185055,-0.0954561871769709,1.0400417647661693,0.47068099368749056,-1.2121882051884687,0.5503368732349733,0.9902791640116063,0.378237526636668,-0.5560163503019266,1.3981041927077682
-1.4950075626163994,-1.3443818197532456,-0.5600094120303558,1.6304191291884107,-1.491100324780218,-0.6036193435644224,0.4894020002522976,-1.2191481390226855,-1.0981309293771357,1.4978724360727331,-1.4363833147237528,1.6659447199133395,-0.27488511044195496,-0.47709253341157115,-0.4190751380468963,1.2616652747879982,-0.7397765072560603,-0.13412585155475365,1.4011390964882766,0.10722382898466562,-1.420654260332087
1.6157526769228723,1.0322428301074207,-1.0271770434443672,0.6976850735886337,-0.6631946651340138,0.8541790378238926,0.3439630700138733,0.41219822971310743,-0.8739347281356011,-0.05553429047404732,1.1157911726097853,1.2685026396159225,-0.45431403370693907,0.6564498378277707,-0.4190751380468963,1.2616652747879982,1.4119192499749558,-1.5087837713254637,-0.48729457093007783,-1.2192565295885187,-0.7159646470721233
0.9578706670754997,1.3962993314053689,-1.1206105697271695,0.29794190690301503,1.0870770584009255,1.2900846521931197,0.05308520953702465,-0.3363181802061414,1.3545755122052527,1.1095207544360381,0.9113876459473692,1.0035412527509777,-0.8131718802369072,-0.6776537655443512,0.47068099368749056,-1.2121882051884687,0.5982527871565043,-0.1958225509292333,1.0220217314383797,-0.9981764698263215,-1.420654260332087
-0.9719773446052729,-0.9661850028329345,0.15631428947112838,-0.5015444264682224,1.510414723202767,1.1954472490734849,0.7802798607291462,-0.3607545807151977,0.06320539305401345,0.721169072799343,0.001946469004437412,-0.5862270684386901,-0.9926008035018913,0.8781071403034061,1.3604371254218772,-1.2121882051884687,-0.7108461441336265,0.8516348957543486,-0.3442314143074752,0.5493839485090605,1.3981041927077682
1.3516915715922975,1.8360566757205201,-1.338622131053708,0.5644373513600942,0.6918938985353027,1.5797324617410933,0.19852413977544897,-0.13961382149848978,-0.14081315007578304,-0.05553429047404732,-0.7485632401232247,1.6659447199133395,-1.1720297267668753,-0.46104763484094874,1.3604371254218772,0.02473853479976469,1.082836369457271,-0.3240684990671967,0.9433369952959483,-0.3349362905397292,1.3981041927077682
-0.206217341824478,-0.05154602905829626,-0.9960325346834331,-0.3682967042396828,-1.6029022719182464,0.9077113062552011,-1.6921819533240672,-1.3018159620214078,-1.6249920022947422,0.721169072799343,-1.3608908675114997,0.4736184790210885,-1.1720297267668753,1.6329601925009285,1.3604371254218772,0.02473853479976469,-0.9676031168452267,-0.0883732430298586,-0.8234929889931939,-0.3349362905397292,-1.420654260332087
-1.620913961959362,-1.4902826965066407,-1.4943446748583786,0.8309327958171733,-0.22414760265036898,0.6209312968017622,1.216596651444419,-0.9961009939506611,1.5720458274095412,-1.2205893353841328,-1.4019481633637776,0.8710605593185055,-0.9926008035018913,0.126076801743308,-0.4190751380468963,-1.2121882051884687,0.7962449597756609,-0.6505757508130385,-0.8163398311620638,0.328303888746863,0.6934145794478044
1.2506946498075546,1.706011072777097,0.8103489734507443,0.16469418467447547,0.1740958294909297,1.2862609187337406,0.19852413977544897,0.1489436738744089,-0.49728511004982306,-0.8322376537474376,1.1091690281174824,-1.3811112290335241,-0.27488511044195496,-1.4004170206006288,1.3604371254218772,0.02473853479976469,-0.5481128515699362,-1.355581854901194,-0.7948803576686734,0.10722382898466562,-0.7159646470721233
0.2590290812156127,-0.19052235765794856,-0.9337435171615649,0.8309327958171733,0.9512009693609127,-1.028053757555512,1.216596651444419,1.1066426044633808,-1.1810835238365036,-0.8322376537474376,0.2407851470268287,1.5334640264808672,0.6222595058829654,-0.6409584882578351,-1.308831269781283,0.02473853479976469,0.8694749414293215,-0.22632428994583,-1.3671329841590838,-1.4403365893507163,-1.420654260332087
-1.41024996874254,-1.313868507094463,-0.7157319558350262,1.4971714069598712,1.307212644097883,-1.653234178164009,0.4894020002522976,-0.8423769708901439,1.3187041200066072,-1.6089410170208278,1.659689973577597,-1.5135919224659964,0.44283058261798136,-0.407118947978579,-0.4190751380468963,1.2616652747879982,-0.5589617377408489,0.5251276440085066,0.3639312109744077,-1.6614166491129136,1.3981041927077682
1.46321653223452,1.9335989673535008,0.21860330699299657,0.29794190690301503,1.2415187992467056,-0.14477132843891996,1.652913442159692,-1.2895111078643653,0.8008108951386623,-0.4438859721107425,-1.7021520470148426,-0.056304294708800835,0.9811173524129336,-1.114134432215542,0.47068099368749056,0.02473853479976469,0.7447127504638256,0.02254217157594755,-0.2726998359961739,-1.4403365893507163,-1.420654260332087
-0.08019052373641351,-0.05725716340005147,-0.3731423594647512,-1.4342784820679992,1.3992248305198738,1.250891384234483,-0.3832315811782483,-0.5342356935489945,-0.8694508041107705,1.4978724360727331,-1.5719165386662188,-0.056304294708800835,-0.6337429569719232,-0.2491955481584715,1.3604371254218772,-1.2121882051884687,0.5557613163204297,0.3435036525914991,0.042039108573551844,-1.2192565295885187,0.6934145794478044
1.5882111896502826,1.10763627495892,-1.587778201141181,-0.9012875931538411,-1.5039534683380569,1.092206445670247,0.9257187909675705,-0.33337194752065236,0.5654048838350509,0.721169072799343,-1.486270136565768,1.6659447199133395,1.3399751989429018,1.428090607974185,0.47068099368749056,0.02473853479976469,0.197748072680311,0.8544077811194938,1.7945627772004338,-1.6614166491129136,-1.420654260332087
-0.19775362431160226,-0.5958834651159565,1.4020946399084921,1.3639236847313316,-1.3874591037106585,-0.13903572824985116,-1.2558651626087942,-0.48553620033591066,1.3231880440314379,1.4978724360727331,-0.056769878827314976,1.1360219461834502,1.3399751989429018,-0.9790898692461368,-0.4190751380468963,-1.2121882051884687,-1.6429462809845414,-0.8932032202632395,0.049192266404681974,-1.6614166491129136,0.6934145794478044
1.0608114914597446,0.47277816852698096,1.0595050435382172,0.9641805180457129,-0.8009069175394322,-1.6704409787312153,-0.9649873021319455,-1.403894259183352,-0.26860498478345773,-1.2205893353841328,-0.0642749759185916,0.8710605593185055,-0.8131718802369072,1.1731549973520736,-1.308831269781283,-1.2121882051884687,-1.3572589451505073,1.1261505469037187,0.43546278928570903,-0.11385623077753179,-1.420654260332087
-0.8139535456758489,-0.8451348409490465,1.4955281661912945,1.3639236847313316,1.0140385600881259,-0.45640560537832364,-1.2558651626087942,1.5832390682924926,0.8254724772752311,-0.8322376537474376,-0.5512233342525983,1.6659447199133395,-0.6337429569719232,-1.482275716085934,-0.4190751380468963,0.02473853479976469,-1.5462103792939033,-1.0110508482819085,-0.7376550950196323,-0.777096410064124,0.6934145794478044
-0.9699474286164125,-0.7965335730662344,0.46775937708046933,-1.0345353153823806,1.2590643602939147,-0.7728195491419514,0.9257187909675705,-1.4565798319120975,-1.0667434612033209,-1.2205893353841328,1.1466945135738655,1.0035412527509777,0.44283058261798136,-0.9361549091821565,-1.308831269781283,0.02473853479976469,-1.481117062268427,-1.660599245067161,-1.7176377178844602,-0.5560163503019266,-1.420654260332087
1.4593115243576444,1.5699954738786945,-0.5911539207912898,0.0314464624459359,1.5085785598373616,0.9841859754427849,-1.1104262323703697,-0.5169049130461176,-1.021904220955014,-0.05553429047404732,0.17765403620020773,0.20865709215614384,0.6222595058829654,-0.5394893611862138,-0.4190751380468963,1.2616652747879982,0.7817797782144439,-1.483134581697871,0.44261594711683916,-0.5560163503019266,0.6934145794478044
1.03230665422634,1.493243005557769,0.7792044646898103,1.6304191291884107,0.3399625868325669,-0.3646360023532232,0.19852413977544897,-1.661776273066159,0.8815215275856148,-0.4438859721107425,-1.0200711643076437,-1.2486305356010519,1.1605462756779177,-1.2383338322622117,0.47068099368749056,1.2616652747879982,0.09920402329452077,-0.45162122586387377,-0.04379878540000972,-0.3349362905397292,-0.01127503381215943
-1.4884705450251539,-1.6200694378368399,1.4332391486694263,-1.1677830376109202,1.4979696159483515,0.22135115029663716,-0.9649873021319455,-0.780332776689845,1.3971727904411444,-1.6089410170208278,-1.5189393827277955,1.0035412527509777,0.26340165935299725,-0.3164949838296932,-0.4190751380468963,0.02473853479976469,-0.8491694428127632,0.20139327762780998,0.5141475254281405,1.43370418755785,-1.420654260332087
-1.2568880955163464,-1.053502260743566,0.4054703595586011,-1.0345353153823806,-0.6170865628471627,1.3493525208134973,-1.6921819533240672,1.0669551171117928,0.6842288704930642,-1.2205893353841328,-1.4580156533986088,-0.7187077618711625,0.8016884291479495,1.1811774466373848,0.47068099368749056,0.02473853479976469,-1.0435453200416156,0.1528677837377698,-0.9021777251356253,-0.9981764698263215,-0.01127503381215943
-0.7005878985013546,-0.9948053899450167,1.2152275873428875,0.0314464624459359,-0.33676562239524443,-0.2556595987609164,-0.6741094416550969,-1.2701006337011433,0.48245228937568313,1.1095207544360381,-1.5176149538293349,0.07617639872367149,-0.9926008035018913,-0.6518036511805706,1.3604371254218772,-1.2121882051884687,-0.34560030971289935,0.4239173281807086,-1.2455293010298716,1.43370418755785,-0.7159646470721233
1.1223626728846825,0.8929105667895852,-0.653442938313158,-0.9012875931538411,0.5719312253288049,-1.2278438308080746,-1.5467430230856427,1.541818502890617,-1.4052797250780382,-0.05553429047404732,-1.2205014042746782,-1.2486305356010519,0.8016884291479495,0.5282392131384454,1.3604371254218772,-1.2121882051884687,1.035824529383316,0.2540780995655679,-0.937943514291276,0.328303888746863,1.3981041927077682
-1.020729733693667,-0.780856266615354,0.8103489734507443,0.8309327958171733,-0.5375194836795877,0.5368091606954201,0.7802798607291462,-0.38328459536893755,-1.2819718143951941,0.721169072799343,1.38509171529677,0.4736184790210885,0.9811173524129336,-0.6504665762996854,1.3604371254218772,0.02473853479976469,-0.7461050241890926,-1.6148466365422658,0.929030679633688,1.2126241277956527,-0.7159646470721233
-0.6101706236077064,-0.7329830470197345,0.5923374121242057,-0.7680398709253015,-0.6776799539055468,0.5196023601282137,-1.6921819533240672,0.6848114070233595,-1.4770225094753293,-1.6089410170208278,-0.01218077257914211,1.4009833330483947,1.1605462756779177,-1.5405127553422668,1.3604371254218772,1.2616652747879982,-0.3193821681331937,1.0249402310759206,1.2223101507100234,-0.9981764698263215,0.6934145794478044
0.5057498872515152,0.20019688980207506,0.49890388584140344,1.4971714069598712,-1.5904571646638308,0.9880097089021641,1.652913442159692,0.6215540581878591,-0.6788840330554661,-0.8322376537474376,-0.4178974918075665,-0.45374637500621784,-0.45431403370693907,1.4485924228144247,-1.308831269781283,-1.2121882051884687,-0.0029563214815736907,0.03432693437781445,-1.15253824922518,1.43370418755785,1.3981041927077682
1.6421587874559296,1.662894435324469,0.09402527194926019,0.16469418467447547,-0.7468421073358236,1.6963563322521584,1.5074745119212678,0.6142751303766509,-0.8313374498997096,0.3328173911626478,0.5524674144645519,0.20865709215614384,-1.7103164965618276,1.34964888162892,-1.308831269781283,0.02473853479976469,1.5285447763122673,0.1937678428736608,0.1994085808584147,-1.4403365893507163,-0.01127503381215943
0.1928503794431879,0.41793186422513917,1.0595050435382172,0.8309327958171733,-0.2888213567429877,1.3579559210971004,1.3620355816828436,-1.2279868370791527,1.168492665174779,0.3328173911626478,0.946705749906318,-1.5135919224659964,1.1605462756779177,1.58022001664379,0.47068099368749056,-1.2121882051884687,-1.3690119051689962,0.47798859280103906,-0.40145667695651627,1.43370418755785,1.3981041927077682
-1.5434675061809746,-1.5661453280321087,-1.0271770434443672,0.9641805180457129,-1.225672709403256,0.4689378917914395,1.5074745119212678,-0.5250503798824697,-1.0443238410791675,0.3328173911626478,-0.8514272179036632,0.6060991724535608,-1.1720297267668753,1.4554263610945046,1.3604371254218772,1.2616652747879982,1.69760658580899,1.597541058978395,1.4512112013061875,-0.3349362905397292,-0.7159646470721233
-0.28263163693056353,-0.4104252980917639,-0.653442938313158,0.4311896291315546,1.1537909940106614,-0.6409007447933694,-1.5467430230856427,-1.327812132775723,0.031817924880198606,0.3328173911626478,-0.07796074120268426,0.3411377855886162,1.1605462756779177,0.859833783597975,-1.308831269781283,0.02473853479976469,0.8486812429350722,1.3237186291703111,0.7430485760243046,0.328303888746863,0.6934145794478044
1.0724405017010128,0.8578995336010349,0.9660715172554148,1.230675962502792,-1.2348535262302838,-0.9888604895968754,0.3439630700138733,-1.191938813633169,-1.3111173205565936,0.721169072799343,1.5329862756248682,-0.9836691487361071,-0.0954561871769709,-1.3295520519137132,-1.308831269781283,-1.2121882051884687,-0.7578579842075814,-1.0609627848545213,0.8074269965044758,-0.777096410064124,0.6934145794478044
-1.049096949504098,-0.7494692960119401,0.34318134203673295,0.9641805180457129,-1.5219070656886893,-0.5787650760784576,0.19852413977544897,1.3870546329999274,-1.073469347240567,1.1095207544360381,-0.4602792165583051,0.07617639872367149,0.8016884291479495,1.4343302907516493,-1.308831269781283,0.02473853479976469,-1.0797082739446577,-1.3396377640516093,-1.6604124552354191,-0.11385623077753179,1.3981041927077682
1.1794067527072352,0.9186511184545499,0.5923374121242057,-0.3682967042396828,0.5078695256913215,0.17737821551377653,0.9257187909675705,1.3231040529443119,0.8389242493497232,1.1095207544360381,-0.058094307725775556,-0.45374637500621784,1.5194041222078858,-1.0618399479853653,0.47068099368749056,-1.2121882051884687,1.1425052433972906,-0.2207785192155397,-0.9093308829667555,1.6547842473200474,-0.01127503381215943
-0.42837272385959474,-0.1949068262319306,-1.5254891836193127,-1.1677830376109202,0.6872014810459329,-0.6131786772128703,0.3439630700138733,-0.7428982908036311,1.1595248171251176,-0.8322376537474376,0.8601763952068934,0.6060991724535608,-0.0954561871769709,-0.8168581170320659,-0.4190751380468963,1.2616652747879982,0.7853960736047482,-0.8252675288171832,-1.15253824922518,-0.11385623077753179,-1.420654260332087
-1.5422117106963407,-1.1891295672221323,0.5611929033632717,-1.1677830376109202,1.273957685368871,-0.7068601469676604,-0.09235372070139966,-0.639953454616543,-0.7371750453782651,1.4978724360727331,0.8429588195269059,-1.5135919224659964,0.08397273608801319,-0.030212395444606504,-0.4190751380468963,0.02473853479976469,-0.11958184781888506,1.3687780163539198,1.8303285663560844,-0.5560163503019266,1.3981041927077682
-0.36787090578483045,-0.6861614527278377,-1.6189227099021148,-0.10180125978260367,1.665060482200259,1.2824371852743615,-1.1104262323703697,0.9135777096613332,-0.21031397246065875,-0.8322376537474376,-1.6986202366189476,1.4009833330483947,1.3399751989429018,0.7659414141847032,0.47068099368749056,1.2616652747879982,0.8324079136787031,-0.01835788755994347,-0.008032996244359068,0.328303888746863,1.3981041927077682
1.2795951486320083,0.7825384464511885,0.5300483946023375,1.3639236847313316,1.2819143932856285,-0.40000553685248064,1.5074745119212678,-1.0498264135095792,1.6796600040054779,1.1095207544360381,1.5413743253151184,-1.5135919224659964,-0.9926008035018913,1.5964134790900664,-1.308831269781283,0.02473853479976469,-1.6881499733633443,0.5840514580178412,0.5213006832592706,-0.11385623077753179,0.6934145794478044
-0.11609251245464865,-0.49272711224617965,-1.4943446748583786,0.8309327958171733,-0.36900049036569793,0.5578396947220056,0.6348409304907219,-0.4260916232110432,-0.40312270552837853,-0.4438859721107425,-1.6328402679954055,-1.3811112290335241,1.3399751989429018,0.4643567466072636,-1.308831269781283,1.2616652747879982,-0.3193821681331937,-0.5930383794862766,0.056345424235812104,0.5493839485090605,1.3981041927077682
1.0008601590768746,0.9563154831786467,-1.4943446748583786,1.0974282402742523,0.7402462004909829,-0.16962559592488466,-1.1104262323703697,0.7407898280476516,0.01836615280570653,0.721169072799343,-0.36580328846811705,-1.6460726158984689,-0.0954561871769709,-0.025012659796719613,0.47068099368749056,0.02473853479976469,-0.1295266601422217,1.4887053083964477,-1.4243582468081248,-0.3349362905397292,0.6934145794478044
1.6161999465475363,2.1617045851563526,1.4643836574303604,0.16469418467447547,0.25590710832733377,-1.0854097594461998,1.652913442159692,0.7192996602240843,1.6662082319309859,0.721169072799343,-1.2094644967875066,0.7385798658860332,-1.3514586500318595,-1.0049399836099173,-0.4190751380468963,0.02473853479976469,-0.02194187228067089,1.2862846767408513,-0.5159072022545983,-1.2192565295885187,1.3981041927077682
1.6819657840510405,1.4322487379418563,-1.7123562361849172,0.0314464624459359,0.1536940143197566,-0.1036661937505937,-0.9649873021319455,1.468682609168477,0.4420969731522069,-0.8322376537474376,-0.9935825863384321,-0.9836691487361071,0.44283058261798136,-0.2949532218598761,1.3604371254218772,-1.2121882051884687,1.2672674343627865,0.01768962218694353,1.315301202514715,0.328303888746863,0.6934145794478044
0.7943420112271321,1.0106278854032138,-0.8403099908787626,-1.7007739265250785,-1.6571711002735667,-1.1236470940399916,-0.5286705114166727,0.01688312644248771,1.260413107683808,1.1095207544360381,-1.265090510522851,1.0035412527509777,-0.0954561871769709,0.32663803387608803,-0.4190751380468963,0.02473853479976469,1.5782688379289502,-0.30743118687632576,-1.6389529817420287,-0.9981764698263215,-0.01127503381215943
0.4956691180186997,0.9744681538059818,-1.4632001660974445,0.8309327958171733,0.7449386179803528,0.5492362944384024,0.4894020002522976,1.5241411067776829,0.32327298649419356,-0.05553429047404732,0.5568821774594205,1.1360219461834502,0.9811173524129336,1.6755980248136009,-1.308831269781283,0.02473853479976469,0.11818957409361797,1.5698122053269434,-1.6818719287288095,0.10722382898466562,-0.7159646470721233
0.8952357169446449,0.3452888240141451,-0.4665758857475535,0.16469418467447547,-0.7678559769621318,-0.3273546011242761,-0.9649873021319455,-1.3872567099005904,-0.4277842876649473,0.3328173911626478,-0.1971593420641365,1.0035412527509777,0.26340165935299725,-1.4669736368935808,0.47068099368749056,0.02473853479976469,0.18147474342394196,-1.2606105311449725,0.14218331820937366,-0.3349362905397292,-0.7159646470721233
-1.3015978553048912,-1.190634200348997,-1.0583215522053013,0.5644373513600942,0.483183329334202,1.689664798698245,-0.23779265093982396,0.02208236059335075,-0.43451017370219336,0.3328173911626478,-1.3675130120038026,0.6060991724535608,1.5194041222078858,0.007671392847140831,-0.4190751380468963,-1.2121882051884687,-1.273180077325934,1.2453846176049603,-0.7090424636951118,0.7704640082712578,0.6934145794478044
0.1301294159229745,-0.0414666049933855,-1.0894660609662354,-1.3010307598394597,-0.2170069673404584,-1.1207792939454573,0.6348409304907219,-0.43198408858202136,-0.8156437158128022,1.4978724360727331,0.5043464978204841,1.2685026396159225,1.1605462756779177,0.8861295895887172,-1.308831269781283,0.02473853479976469,-0.07437815544008221,-1.2633834165101177,-1.3170608793411729,-0.777096410064124,-1.420654260332087
0.43463401692991277,0.24679198018240087,1.028360534777283,-0.23504898201114324,-0.7441898713635711,1.472667924878476,0.3439630700138733,1.2830699499826665,-0.10942568190196819,-0.8322376537474376,0.8531127744151037,-0.45374637500621784,-1.7103164965618276,-1.1267623616461244,-0.4190751380468963,-1.2121882051884687,1.3929336991758585,-0.8883506708742355,0.7788143651799553,-0.11385623077753179,-0.01127503381215943
-1.1625314073900792,-1.319547283734565,-1.4009111485755763,0.0314464624459359,-0.9267861171455701,-1.4218983038715682,-1.6921819533240672,1.0624491141810448,0.3008533663700401,-1.6089410170208278,-1.0041780175261168,-1.2486305356010519,-1.5308875732968434,1.5077208453246813,-1.308831269781283,0.02473853479976469,-1.339177468198986,-0.26029213566885817,-1.5817277190929877,-1.2192565295885187,-0.01127503381215943
1.2827432386825293,0.6198601013907108,-1.338622131053708,1.6304191291884107,-0.8459949290677248,0.6295346970853654,-0.8195483718935213,1.6492693420084532,-0.7618366275148338,-0.8322376537474376,0.7109574059803347,-0.18878498814127317,-1.7103164965618276,-1.2622526162424914,-0.4190751380468963,1.2616652747879982,1.7075513981323265,-0.12164786741160045,1.7301843567202626,0.7704640082712578,-0.01127503381215943
-1.0037334879564286,-0.7166747653866206,1.370950131147558,1.3639236847313316,-0.056852718246749666,0.2509850846068259,0.9257187909675705,-1.2995629605560337,-1.2259227640848105,-1.6089410170208278,0.19840342227609015,-0.8511884553036348,-0.6337429569719232,-0.3320941907733539,-0.4190751380468963,1.2616652747879982,-1.764092176559733,-1.1365239110547267,1.644346462746701,-0.3349362905397292,1.3981041927077682
1.463904639349388,1.3534900921184445,1.0595050435382172,0.6976850735886337,-0.43591844412714564,-0.005205057171579639,1.3620355816828436,-1.078248893534297,-0.8492731459990324,0.3328173911626478,-0.3415220919963397,0.07617639872367149,-0.6337429569719232,0.7992197223311793,-0.4190751380468963,0.02473853479976469,-1.3617793143883876,0.08770497765685867,-1.2884482480166524,1.43370418755785,-1.420654260332087
0.6159674443754886,0.18782006891980102,1.3086611136256898,-0.23504898201114324,0.25366290865850477,0.45555482468361236,1.652913442159692,-1.4570997553271838,-1.3021494725069322,0.3328173911626478,0.07125824802387444,-1.2486305356010519,0.44283058261798136,-0.323477485985427,1.3604371254218772,1.2616652747879982,0.9463212184732863,0.07453377217241919,0.7716612073488252,1.43370418755785,-0.7159646470721233
0.770137843461652,0.6209440843960864,1.682395218756899,0.0314464624459359,-0.41143626592173793,1.6284850633481778,-1.4013040928472185,1.0135763131629323,1.4375281066646206,0.3328173911626478,-1.0659846994542772,-1.6460726158984689,0.9811173524129336,1.5677406510888614,-1.308831269781283,0.02473853479976469,-0.15755294941707948,1.271033807232553,0.6715169977130033,-1.2192565295885187,-1.420654260332087
-1.0812659571241745,-1.1179749812871764,1.028360534777283,0.6976850735886337,-0.9935000527553062,1.176328581776589,-0.9649873021319455,-1.320186589354457,-0.010779353355692967,-0.4438859721107425,-0.4894166523244379,-0.8511884553036348,0.44283058261798136,-1.1065576745571926,-0.4190751380468963,0.02473853479976469,0.9056378953323637,1.1372420883642995,-0.7233487793573721,0.10722382898466562,0.6934145794478044
-0.1219414229310262,-0.1506738480722741,0.685770938407008,-0.10180125978260367,1.5657036423166462,0.2758393520927906,-0.5286705114166727,-0.8506957455315247,0.4084675429659767,-1.2205893353841328,-1.2725956076141276,-0.5862270684386901,0.9811173524129336,0.7166182074676047,-0.4190751380468963,1.2616652747879982,1.7102636196750547,-0.932716836716558,-1.6317998239108986,-0.9981764698263215,-1.420654260332087
-1.4201071031630235,-1.3691678192194467,-1.6189227099021148,-1.0345353153823806,0.8844870337511767,0.6410058974635029,1.3620355816828436,0.169047379257746,-0.9793069427191224,-0.05553429047404732,0.5352498387845643,0.8710605593185055,-1.1720297267668753,-1.3316319461728678,1.3604371254218772,0.02473853479976469,-1.0317923600231267,-0.030142650361810377,0.6786701555441335,1.6547842473200474,0.6934145794478044
0.5486189605077882,0.2609484746555901,-0.3731423594647512,1.6304191291884107,-1.5553660425694131,1.265230384707155,-1.5467430230856427,0.7565608383052694,-1.1340023215757813,0.721169072799343,-0.08634879089293461,-0.3212656815737455,0.44283058261798136,0.45024317842014205,1.3604371254218772,-1.2121882051884687,-1.6583155363933344,-0.6928622526315021,0.29955279049423655,0.328303888746863,-0.7159646470721233
0.48858161473555983,0.3820957096444372,-0.4977203945084876,1.230675962502792,0.9275348637623518,0.1821578823380005,-1.2558651626087942,1.5428583497207897,1.4195924105652977,1.1095207544360381,0.6729904442244647,0.6060991724535608,1.3399751989429018,1.0814910860736104,1.3604371254218772,0.02473853479976469,0.3017165651515576,-0.8093234379675986,0.11357068688485315,-1.4403365893507163,0.6934145794478044
-0.5400009005690474,-0.5321873294120181,-0.21741981566008073,0.8309327958171733,0.6847532632253921,1.2747897183556032,-0.3832315811782483,0.13230612459164717,-1.3985538390407921,-1.6089410170208278,0.4213489535169545,-1.5135919224659964,-0.9926008035018913,0.07957630866363381,0.47068099368749056,1.2616652747879982,0.38217913758582667,-1.5441380597310643,1.0577875205940304,0.5493839485090605,0.6934145794478044
-1.2887818602904757,-1.2895678731530569,-0.310853341942883,0.0314464624459359,0.6747563737915173,-1.5050645066130657,1.3620355816828436,-0.300790080175244,-0.54212435029813,-0.4438859721107425,0.6297257668747525,-0.45374637500621784,1.5194041222078858,-1.2906283164923884,-1.308831269781283,0.02473853479976469,-1.3563548713029312,0.22011025384253977,-1.1239256179006594,-1.6614166491129136,1.3981041927077682
-0.25713726832470607,-0.6632198422558578,0.9037824997335466,0.0314464624459359,1.141957941211381,-0.6820058794816957,-1.6921819533240672,0.9797812911823226,1.0205231723553663,-1.6089410170208278,-0.5697653388310464,-0.056304294708800835,1.5194041222078858,0.19590182330064623,0.47068099368749056,1.2616652747879982,-1.417831892938103,1.0762386103311061,-1.374286141990214,-0.3349362905397292,-0.01127503381215943
0.5122697021648889,0.4795247493216323,1.3086611136256898,1.0974282402742523,0.5964134035342127,-1.0739385590680623,1.0711577212059948,0.013243662536883584,-0.010779353355692967,0.721169072799343,-0.9847530603486948,0.3411377855886162,-1.3514586500318595,0.9044029462941483,-0.4190751380468963,0.02473853479976469,-0.797637233500928,-1.4269836530536817,-0.6518172010460708,0.9915440680334553,-0.7159646470721233
1.088765843001255,1.3105028854724288,-1.3697666398146422,1.230675962502792,-1.0402202094972925,0.5912973624915735,-0.23779265093982396,-0.13528112637277057,-1.371650294891808,1.4978724360727331,0.004595326801358573,0.07617639872367149,-0.6337429569719232,-0.013424677495714547,-1.308831269781283,1.2616652747879982,1.2708837297530908,0.01699640084565724,0.10641752905372302,0.328303888746863,0.6934145794478044
1.2641299412253513,1.2425031754486406,-0.9337435171615649,0.0314464624459359,1.0158747234535312,-0.7422296814669178,1.0711577212059948,1.2390497675053596,0.4017416569287307,1.4978724360727331,-1.0611284601599216,-1.6460726158984689,1.1605462756779177,-0.7960591744405183,1.3604371254218772,-1.2121882051884687,0.6669623995722846,0.9570045396298644,-0.7591145685130227,1.2126241277956527,1.3981041927077682
1.5489374760691945,1.626831776832196,0.34318134203673295,-0.9012875931538411,0.7616681064207147,0.08465267912383125,-1.1104262323703697,-0.3226268636088688,-0.9882747907687838,-0.05553429047404732,1.3387367038506497,0.07617639872367149,0.6222595058829654,-0.15292615673473708,-1.308831269781283,1.2616652747879982,-1.0263679169376705,0.6450549360510346,-0.7662677263441529,0.328303888746863,-0.7159646470721233
-0.5713269769734107,-0.40672034125249495,-0.7780209733568945,-0.10180125978260367,-0.07929471493504006,-1.2813760992393832,-1.1104262323703697,-0.5978396579945523,-1.553249217897451,-0.4438859721107425,1.1683268522487218,-0.45374637500621784,0.8016884291479495,0.6588268598382333,1.3604371254218772,0.02473853479976469,0.6154301902604494,-1.4866006884043024,-1.0023219347714472,-0.5560163503019266,-0.01127503381215943
-1.1125404254949227,-1.3998752780881476,1.4332391486694263,1.6304191291884107,0.18348066446966932,0.8522671710942029,0.7802798607291462,-0.6883063322195692,1.278348803783131,-1.6089410170208278,1.7713834773477726,1.4009833330483947,0.9811173524129336,-1.607217935510873,-1.308831269781283,-1.2121882051884687,-0.6177265378332926,1.7195480150447817,-0.6518172010460708,-1.2192565295885187,0.6934145794478044
-0.08884347070587795,0.05950560301481356,-1.3697666398146422,-0.10180125978260367,-0.7339889637779845,-0.8024534834521401,-1.2558651626087942,1.5548165882677747,1.6931117760799699,1.4978724360727331,1.659689973577597,-1.2486305356010519,1.1605462756779177,1.5294111711701524,0.47068099368749056,0.02473853479976469,1.4959981177995292,-1.1843561836034806,-0.8735650938111048,-0.9981764698263215,-0.01127503381215943
-0.24284184301332448,0.04805097662965013,1.2152275873428875,-0.10180125978260367,-0.09622822152711373,-0.07020852598102581,-0.8195483718935213,-0.8683731416444591,-1.190051371886165,-0.8322376537474376,-0.940163954100522,-0.5862270684386901,0.8016884291479495,0.2838516376877616,0.47068099368749056,1.2616652747879982,-1.5724285208736088,1.088023373132973,0.21371489652067496,0.7704640082712578,-1.420654260332087
-0.30055682727287353,-0.2596222295379386,0.15631428947112838,1.0974282402742523,-0.026658031793413493,-0.6389888780636799,-1.1104262323703697,0.373723896996721,0.5026299474874213,0.3328173911626478,1.256180635846607,-0.45374637500621784,-1.7103164965618276,1.4377472598916892,-1.308831269781283,1.2616652747879982,0.6723868426577411,-1.386776815259077,0.7859675230110854,-0.11385623077753179,-0.01127503381215943
0.7647878106435537,0.5911426411736697,0.8103489734507443,1.230675962502792,0.752283271441975,1.45354925758158,1.3620355816828436,-0.9945412237054022,0.7761493130020934,-0.4438859721107425,1.3872990967942043,0.20865709215614384,0.44283058261798136,-1.665900666394168,1.3604371254218772,0.02473853479976469,-0.6656424517548236,-1.1843561836034806,1.6872654097334818,-0.11385623077753179,-0.01127503381215943
-0.7790321095963005,-0.4816607782808523,-1.0894660609662354,0.16469418467447547,0.4468680983295139,1.45354925758158,1.216596651444419,0.6196476723325427,-1.5241037117360514,-0.05553429047404732,1.4190853903572582,-1.3811112290335241,0.9811173524129336,0.5891504021565489,1.3604371254218772,0.02473853479976469,0.8767075322099299,0.7018990860365103,1.4655175169684478,-0.9981764698263215,-0.7159646470721233
1.4220677267654167,1.0488423310554116,-1.4632001660974445,-0.23504898201114324,1.1401217778459753,0.6314465638150549,1.652913442159692,1.4227560408358535,1.706563548154462,0.3328173911626478,-0.07487040710627624,1.2685026396159225,-1.7103164965618276,-1.4504830466959968,-0.4190751380468963,1.2616652747879982,-0.13766332477040621,-0.9243981806211226,-1.7319440335467204,0.9915440680334553,-0.7159646470721233
1.1055728592819045,0.8152844405240286,0.5611929033632717,-1.4342784820679992,-0.9327026435452104,-1.108352160202475,-0.6741094416550969,1.2447689250713088,1.59670740954611,-0.8322376537474376,1.3488906587388476,0.8710605593185055,0.6222595058829654,-0.1492120598433893,1.3604371254218772,0.02473853479976469,1.4544107208110304,-0.9389558287881345,-0.7877271998375432,-0.5560163503019266,1.3981041927077682
-0.2505314400219738,0.01137352180597007,-0.9337435171615649,-1.4342784820679992,1.0974819841382237,-0.2872053998007947,-0.9649873021319455,0.5470317020254889,0.05199558299193672,-0.4438859721107425,-1.6394624124877084,-1.6460726158984689,1.3399751989429018,1.4460668369283083,-0.4190751380468963,-1.2121882051884687,-0.06714556465947374,-0.5708552965651154,-0.7805740420064131,-0.5560163503019266,-1.420654260332087
0.0807061223975842,0.17668901955116764,0.6546264296460739,-0.6347921486967619,-0.6758437905401412,-1.3779253690887077,-0.09235372070139966,-0.7215814307850926,0.9241188058215063,-1.2205893353841328,-1.6633021326599988,1.2685026396159225,1.1605462756779177,0.4142907205118956,1.3604371254218772,1.2616652747879982,0.050384035525413685,-1.024222053766348,-0.9236371986290157,-0.3349362905397292,-0.7159646470721233
-0.5273225269776055,-0.6891707189815671,0.24974781575393068,-0.10180125978260367,-0.8031511172082613,-0.037706791576302724,-0.8195483718935213,-0.4635261090972571,-0.38070308540422504,-0.4438859721107425,-0.20157410505900508,-0.9836691487361071,0.6222595058829654,-0.9936491290602201,-1.308831269781283,0.02473853479976469,-0.8102942673669927,-0.3594227874727974,0.5213006832592706,1.43370418755785,-0.7159646470721233
-0.06087191648649589,0.0056785663150413605,0.8414934822116784,0.16469418467447547,-1.1004055642522532,-1.6857359125687321,0.4894020002522976,-0.9312838748699018,-0.19462023837375134,0.721169072799343,0.7696737538120871,-0.8511884553036348,0.44283058261798136,0.35649937288252415,0.47068099368749056,-1.2121882051884687,-1.4268726314138638,1.465829004134,-1.5245024564439467,-1.4403365893507163,-0.01127503381215943
-0.6687457417608403,-0.6736390221881252,-0.310853341942883,0.8309327958171733,-1.3693014882083145,-1.7058105132304728,-0.5286705114166727,1.1775254967201467,1.1662507031623637,0.721169072799343,-0.6200936369725485,-0.056304294708800835,0.26340165935299725,-1.0603543092288261,-1.308831269781283,1.2616652747879982,-1.1158712278477,-0.21869885519168084,-1.1239256179006594,1.6547842473200474,-0.01127503381215943
0.38307759134843183,-0.02020759500736186,-0.4665758857475535,1.230675962502792,1.2207089477721091,-1.1714437622822316,-0.5286705114166727,-1.0241768583653215,-0.2417014406344736,-1.6089410170208278,-1.251846221538245,0.3411377855886162,-0.27488511044195496,0.05120060841373679,1.3604371254218772,0.02473853479976469,1.5628995825201573,-0.20206154300080992,0.4998412097658802,0.10722382898466562,1.3981041927077682
-0.3162456694918627,-0.36971930941228487,-1.0583215522053013,-0.3682967042396828,1.6107916538449387,1.2642744513423103,-1.1104262323703697,1.467989377948362,1.3388817781183453,1.1095207544360381,-1.5220297168242036,-0.8511884553036348,-0.9926008035018913,-1.43844937276803,-0.4190751380468963,-1.2121882051884687,-1.6474666502224218,0.9736418518207354,-0.7877271998375432,-0.5560163503019266,0.6934145794478044
0.24032977036907624,-0.16075327213718485,0.24974781575393068,-1.567526204296539,1.2780380484031055,-0.3302224012188105,1.5074745119212678,1.4974517048032525,0.5474691877357282,1.1095207544360381,0.06860939022695328,-1.2486305356010519,-0.9926008035018913,-1.1022493221632292,0.47068099368749056,-1.2121882051884687,-1.0254638430900944,-0.08352069364085458,-1.0810066709138786,-0.5560163503019266,1.3981041927077682
-0.4976135022931819,-0.4352598341104445,0.9037824997335466,0.6976850735886337,-0.25373023464857,0.5587956280868503,-1.6921819533240672,1.2995341914603995,0.9398125399084137,-0.8322376537474376,-0.20819624955130797,-1.3811112290335241,-0.45431403370693907,0.7207779959859142,-1.308831269781283,0.02473853479976469,-1.683629604125464,-0.0828274722995683,0.7502017338554348,-0.9981764698263215,0.6934145794478044
-0.04318756363438966,0.029736517494049854,-1.307477622292774,-0.3682967042396828,-0.645649104086805,-1.6130849768405275,-1.4013040928472185,0.9258825638183757,1.569803865397126,1.1095207544360381,-0.07222154930935508,1.0035412527509777,-0.27488511044195496,1.1884570765444264,-1.308831269781283,0.02473853479976469,-1.6176322132524117,0.8758976426993687,-0.551672991410249,-0.777096410064124,-0.7159646470721233
-1.5082536245776075,-1.2695060981281943,-0.5911539207912898,-0.3682967042396828,-1.3023835344468668,1.185887915425037,-1.4013040928472185,1.4196365003453357,1.0855400707154113,0.721169072799343,-1.3794328720899478,-0.056304294708800835,-0.27488511044195496,-0.8375084957479595,-0.4190751380468963,0.02473853479976469,-1.449474477603265,-1.5801855694779514,1.3796796229948862,-0.3349362905397292,-0.7159646470721233
0.02419532558905406,0.2726457838031511,-0.5911539207912898,0.9641805180457129,-0.6432008862662643,-1.2546099650237288,-0.3832315811782483,1.0998836000672587,0.3053372903948708,-0.05553429047404732,1.5541771380002374,1.1360219461834502,-0.9926008035018913,0.043772414631041236,-1.308831269781283,0.02473853479976469,0.11818957409361797,-0.5618434191283936,0.049192266404681974,1.43370418755785,0.6934145794478044
0.42075145588745194,0.1524369221622411,0.6546264296460739,0.0314464624459359,-1.0704148959506288,1.2355964503969665,0.19852413977544897,0.40353283946166907,1.1393471590133795,-0.8322376537474376,-0.14418218612571326,1.0035412527509777,0.6222595058829654,-1.2517045810710636,-1.308831269781283,1.2616652747879982,-0.514662119209622,0.9355146780499894,0.7358954181931745,-0.11385623077753179,-0.7159646470721233
0.5059047113523604,0.4989555491642612,0.8414934822116784,0.4311896291315546,-1.1122386170515335,-0.5883244097269056,0.3439630700138733,0.7960750178518285,-1.3156012445814242,1.1095207544360381,-0.6280402103633119,-1.1161498421685794,-0.9926008035018913,1.627166201350426,0.47068099368749056,-1.2121882051884687,0.15706474953938843,0.7317076037118206,-0.6589703588772009,-1.4403365893507163,1.3981041927077682
-1.3826568734363354,-1.0681764784432033,0.31203683327579884,-1.3010307598394597,1.167052173871924,-0.10940179393966247,-1.2558651626087942,0.9510121955475471,1.3545755122052527,-0.05553429047404732,-0.42893439929473803,-0.5862270684386901,1.5194041222078858,-1.3060789595603952,-1.308831269781283,-1.2121882051884687,0.9625945477296554,0.9313553500022718,-1.0881598287450087,-0.5560163503019266,0.6934145794478044
-1.5236844266285212,-1.7178705910830445,1.0906495522991513,-0.5015444264682224,0.4252421742480704,0.5731346285595224,1.652913442159692,0.8962469291584564,1.3971727904411444,1.1095207544360381,0.5418719832768673,1.6659447199133395,-0.27488511044195496,-0.042543197123881125,-0.4190751380468963,-1.2121882051884687,-1.0941734555058746,-1.2529850963908233,0.9934091001138592,0.10722382898466562,-1.420654260332087
0.22845992263760415,0.23944678190716895,-1.7123562361849172,-0.10180125978260367,-0.8935311584165581,-1.6742647121905947,-0.9649873021319455,1.0218950878043132,0.43312912510254553,0.721169072799343,1.4279149163469955,1.1360219461834502,0.9811173524129336,-0.23003080819911695,0.47068099368749056,1.2616652747879982,0.7148783134938157,0.5459242842470954,1.200850677216633,0.328303888746863,-1.420654260332087
-1.1636839868074829,-1.3714166794843305,-0.964888025922499,-1.3010307598394597,-1.5674031135204052,0.9985249759154569,-0.8195483718935213,-1.535434883200187,-0.7192393492789423,1.1095207544360381,0.6314916720726999,-1.1161498421685794,-0.45431403370693907,0.41726199802497377,-0.4190751380468963,-1.2121882051884687,-0.6656424517548236,0.9348214567087032,-1.2026103540430908,1.6547842473200474,0.6934145794478044
-1.6293948821501094,-1.7900282657692435,-1.1206105697271695,1.3639236847313316,1.3031322810636485,0.17259854868955254,0.4894020002522976,-1.5761622173819474,0.38380596082940793,-0.4438859721107425,-0.9860774892471554,-0.45374637500621784,1.5194041222078858,0.20288432545638005,-1.308831269781283,0.02473853479976469,-1.7505310688460922,-1.1136476067922794,0.5642196302460514,1.2126241277956527,0.6934145794478044
0.5076249791395303,0.7191658877637801,0.6546264296460739,1.3639236847313316,0.2703923970988667,-1.5815391758006494,0.4894020002522976,0.5820398786413,0.5519531117605588,1.4978724360727331,0.4231148587149019,1.4009833330483947,0.9811173524129336,-0.5751446913431525,-1.308831269781283,1.2616652747879982,-1.7098477457051697,0.6998194220126513,0.37108436880553786,0.5493839485090605,1.3981041927077682
-1.4413868156903147,-1.5322668144014135,0.8414934822116784,0.0314464624459359,1.490828980638441,-1.2689489654964008,0.4894020002522976,0.2815241447214164,0.3793220368045772,0.721169072799343,-1.6390209361882215,-0.9836691487361071,-0.0954561871769709,-0.7684262935688908,1.3604371254218772,0.02473853479976469,-0.15755294941707948,-0.37883298502881346,0.11357068688485315,-0.11385623077753179,1.3981041927077682
1.3611530444217317,1.0897101082431557,0.685770938407008,1.230675962502792,1.458186076364564,-1.2125488969705578,-0.3832315811782483,0.5291809981075258,0.23359450599757975,0.3328173911626478,1.16435356555334,0.3411377855886162,-0.8131718802369072,1.32305594788687,-0.4190751380468963,0.02473853479976469,0.7781634828241397,-1.2072324878659282,0.7001296290375238,1.6547842473200474,-0.7159646470721233
-0.9463109492206985,-1.1342509052186374,0.685770938407008,0.29794190690301503,-0.999008542851523,1.3808983218533755,0.19852413977544897,1.116174533739963,-0.2865406808827805,-0.4438859721107425,-0.9569400534810226,0.6060991724535608,-1.5308875732968434,-1.6158346402988,0.47068099368749056,0.02473853479976469,-0.45770546681233043,-0.7961522324831591,-1.102466144407269,-1.4403365893507163,-1.420654260332087
-0.20473791152751192,-0.26939425543714585,0.7480599559288762,-0.7680398709253015,-0.8668047805423212,0.4737175586156635,-0.6741094416550969,1.0744073527280298,-0.4950431480374077,0.3328173911626478,1.1241792223000358,-0.18878498814127317,-1.5308875732968434,1.0075062759979627,0.47068099368749056,-1.2121882051884687,1.3802766653097938,1.230133748096662,0.4712285784413597,-0.9981764698263215,-1.420654260332087
0.24662595047011796,0.5176259430180445,1.6201062012350307,1.4971714069598712,-0.9320905890900751,-1.3119659669144166,1.0711577212059948,-1.109097682829418,0.9016991856973529,-1.6089410170208278,0.12026211726691591,-1.2486305356010519,-0.8131718802369072,1.3624253749351563,-1.308831269781283,-1.2121882051884687,1.5936380933377432,0.3566748580759386,-1.1668445648874401,0.328303888746863,0.6934145794478044
1.7083546919062262,1.6260713708433505,1.1840830785819534,-1.3010307598394597,-0.6421807955077056,0.8073383029464976,-0.09235372070139966,0.21254763831996676,-1.0465658030915828,-1.2205893353841328,1.3546298506321768,-0.8511884553036348,0.8016884291479495,0.3198040955960081,-1.308831269781283,-1.2121882051884687,1.3115670528940135,0.9930520493767514,-0.49444772876120796,0.328303888746863,1.3981041927077682
-0.9554627738484421,-1.2252569411177112,-0.24856432442101484,1.230675962502792,1.1009502927173231,-0.31397153401644895,1.216596651444419,-0.29385776797409324,-0.9837908667439531,1.4978724360727331,-0.189212768673373,1.6659447199133395,-0.45431403370693907,-1.0324243006058909,1.3604371254218772,0.02473853479976469,1.619856234917449,0.6277244025188774,1.5442022531108792,1.43370418755785,1.3981041927077682
1.3486466976090068,1.1058889590696577,-1.6189227099021148,0.16469418467447547,-0.7003259687455489,1.289128718828275,-1.6921819533240672,1.2503147748322294,-1.3604404848297313,-1.2205893353841328,-0.49074108122289845,-0.3212656815737455,0.44283058261798136,-0.9042136759165657,1.3604371254218772,-1.2121882051884687,-0.323902537371074,-1.4866006884043024,0.6786701555441335,-0.777096410064124,1.3981041927077682
-1.4670876164306326,-1.1192531105024701,1.1217940610600854,1.6304191291884107,0.3034433376761671,-0.08454752645369776,0.05308520953702465,1.4562044472064057,-0.28205675685794984,0.3328173911626478,1.5740435714771461,-0.18878498814127317,-1.7103164965618276,-0.3421965343178199,-0.4190751380468963,1.2616652747879982,-0.28412328807772746,0.8370772475873365,0.6142917350639623,-0.3349362905397292,1.3981041927077682
1.0878196957183115,1.362598785133765,0.8726379909726125,0.16469418467447547,0.6345647979043063,1.4525933242167353,1.216596651444419,0.6094225118358454,-0.7730464375769106,-0.05553429047404732,-1.4094532604550543,-1.5135919224659964,1.3399751989429018,-0.07582150527035722,1.3604371254218772,1.2616652747879982,0.8821319752953862,-0.9812423306065982,0.16364279170276405,0.328303888746863,-0.7159646470721233
-1.309201438924182,-1.2545568399645064,-0.4977203945084876,0.4311896291315546,0.6041660932992584,1.237508317126656,1.216596651444419,-0.7789463142496148,-1.5734268760091892,-1.6089410170208278,1.5056147450566828,1.6659447199133395,1.3399751989429018,1.1802860633834613,0.47068099368749056,-1.2121882051884687,1.3016222405706768,0.028781163647524144,0.9147243639714278,1.2126241277956527,1.3981041927077682
-1.229742269834806,-1.0317902429344001,1.6201062012350307,-0.23504898201114324,0.06290593680803637,0.7289517670292242,0.6348409304907219,0.3253710193936947,-1.1115827014516277,-1.6089410170208278,1.021756720819084,1.0035412527509777,-1.1720297267668753,0.480401645177886,0.47068099368749056,1.2616652747879982,0.9490334400160145,-1.6675314584800238,-0.07956457455566038,0.5493839485090605,-0.7159646470721233
1.6352777163072503,2.177317176203927,0.5300483946023375,1.230675962502792,-0.11030547399522315,-0.3550766687047752,-0.3832315811782483,-0.07185046973224149,1.381479056354237,-0.8322376537474376,0.8690059211966306,-0.056304294708800835,1.1605462756779177,-0.49863429538138826,-1.308831269781283,0.02473853479976469,0.1326547556548349,1.6100190431215482,-1.0380877239270978,0.7704640082712578,0.6934145794478044
-1.285909013085902,-1.4709651486197974,-0.030552763094476177,0.0314464624459359,-1.1257038150645078,-1.3654982353457252,-1.5467430230856427,0.7251921255950624,-1.0824371952902283,1.1095207544360381,-0.9375150963036009,0.20865709215614384,-1.3514586500318595,0.09368987685075537,1.3604371254218772,1.2616652747879982,0.28996360513306885,1.2502371669939645,1.1078596254119413,0.9915440680334553,-0.01127503381215943
0.9071743753876037,0.8522854723642387,-0.030552763094476177,0.16469418467447547,1.59916261919737,1.1390471805476419,0.19852413977544897,-0.7628286883819394,-1.0174202969301833,1.4978724360727331,-1.2544950793351664,0.3411377855886162,0.8016884291479495,-1.0743193135402938,-1.308831269781283,1.2616652747879982,-0.9929171845773563,0.8890688481838082,-0.008032996244359068,-1.4403365893507163,-0.7159646470721233
0.7931894318097283,0.6006072689071734,-1.2451886047709058,0.8309327958171733,1.0581064808578597,-1.2947591663472102,-1.2558651626087942,0.4111583828829348,0.9442964639332444,-0.05553429047404732,-1.5688262045698107,0.4736184790210885,-0.9926008035018913,-1.130922150164434,0.47068099368749056,0.02473853479976469,-0.3935162236344304,0.025315056941092703,-0.666123516708331,1.6547842473200474,-1.420654260332087
-1.0835023052474955,-1.2962982750968817,0.6234819208851398,0.0314464624459359,-1.3482876185820063,-0.5319243412010626,-0.3832315811782483,-0.46335280129222833,-0.8403052979493709,1.1095207544360381,-1.706566810009711,-1.2486305356010519,1.3399751989429018,-0.006887866966942459,-1.308831269781283,-1.2121882051884687,-0.23349515261346826,1.0353385511952151,0.3567780531432776,0.328303888746863,1.3981041927077682
0.3122369638727767,0.6857565608070535,1.4020946399084921,-0.10180125978260367,1.503478106044568,1.5405391937824566,1.652913442159692,-0.9335368763352758,-1.0443238410791675,1.4978724360727331,0.5873440421240139,0.20865709215614384,0.8016884291479495,1.5439704309842357,1.3604371254218772,-1.2121882051884687,1.4281925792313248,0.15009489837262463,-1.4172050889769947,1.2126241277956527,0.6934145794478044
-0.6778631610328406,-0.34515981385765476,-0.3731423594647512,0.5644373513600942,-1.3672613066911972,0.899107905971598,0.3439630700138733,-0.1124044961089732,1.285074689820377,-1.2205893353841328,1.4173194851593107,-0.9836691487361071,-1.7103164965618276,1.080451138944033,0.47068099368749056,1.2616652747879982,0.609101673327417,-0.9937203147497513,0.6142917350639623,-1.2192565295885187,-0.7159646470721233
1.0623081244345824,1.0502984276297969,1.2775166048647557,-1.567526204296539,-0.40735590288750334,1.2126540496406912,0.4894020002522976,1.1667804128083632,-1.5936045341209273,-1.2205893353841328,0.6663682997321618,0.6060991724535608,-0.8131718802369072,-1.6118234156561442,0.47068099368749056,-1.2121882051884687,-0.8717712890021646,1.5940749522719635,-0.11533036371131103,-1.2192565295885187,1.3981041927077682
1.0088766069650863,0.7441622122907258,0.6234819208851398,-1.567526204296539,1.612015762755209,1.6485596640099185,-1.6921819533240672,0.24287650420000115,0.3277569105190243,-0.8322376537474376,-0.21349396514515032,-1.6460726158984689,1.1605462756779177,-0.15916583951220137,1.3604371254218772,0.02473853479976469,-1.4431459606702328,-1.045711915346223,-1.381439299821344,-0.5560163503019266,-0.01127503381215943
-1.0782554884966273,-1.26337431366495,1.339805622386624,-1.4342784820679992,-0.642588831811129,-0.525232807647149,0.19852413977544897,-0.7267806649359556,-1.4097636491028689,0.3328173911626478,-1.0580381260635137,-1.6460726158984689,-1.5308875732968434,-0.253355336676781,1.3604371254218772,-1.2121882051884687,-0.5951246916438911,-0.8876574495329492,-0.2297808890093931,0.5493839485090605,-0.01127503381215943
-0.034379792564079935,0.36303702337081784,-1.2451886047709058,-1.567526204296539,-0.3194240794997473,-0.7881144829794681,1.0711577212059948,1.640430643951986,-0.5936894765836829,1.1095207544360381,0.12511835656127138,1.5334640264808672,1.1605462756779177,0.1703488366881735,-1.308831269781283,0.02473853479976469,-1.555251117769664,0.11058128191930619,-0.04379878540000972,1.2126241277956527,-1.420654260332087
0.45562128393338513,-0.06288740348767417,0.8103489734507443,-0.7680398709253015,-1.5490414798663494,-0.6724465458332477,0.7802798607291462,1.6411238751721011,1.4195924105652977,-1.2205893353841328,-0.823614211035991,1.5334640264808672,1.3399751989429018,1.4677571627737793,-0.4190751380468963,0.02473853479976469,0.324318411340959,0.6131667543518653,-0.1081772058801809,-1.2192565295885187,1.3981041927077682
-0.8102721726113054,-0.5718093350861215,-1.1517550784881034,-0.23504898201114324,-0.5491485183271563,1.33596945370567,-0.6741094416550969,1.364871233956245,0.2649819741713946,1.4978724360727331,-0.08060959899960542,-1.5135919224659964,-1.7103164965618276,0.5578034243935737,0.47068099368749056,1.2616652747879982,-1.1601708463789269,-1.6938738694489028,-1.5245024564439467,1.6547842473200474,-0.01127503381215943
0.9683470978993642,0.6276744863399113,0.997216026016349,-0.10180125978260367,0.675776464550076,1.5720849948223348,1.216596651444419,-0.4794704271599038,1.007071400280874,1.4978724360727331,-0.6969105130832621,-1.5135919224659964,-0.8131718802369072,0.8959348053818754,-1.308831269781283,0.02473853479976469,-1.447666329908113,0.5480039482709542,0.8145801543356059,-0.9981764698263215,-0.7159646470721233
1.5419875942090282,1.5310691587901306,-0.6222984295522239,0.0314464624459359,-0.26393114223415653,0.663948298219778,0.6348409304907219,0.12000127043460465,1.4509798787391126,0.3328173911626478,0.5829292791291453,-0.5862270684386901,0.8016884291479495,-0.37502915083733424,-0.4190751380468963,1.2616652747879982,-0.5887961747108588,0.2429865581049873,-0.9737093034469266,1.43370418755785,1.3981041927077682
-0.2465748241114831,-0.673088941260024,1.028360534777283,-1.1677830376109202,-1.6598233362458192,0.6572567646658645,0.4894020002522976,-1.6633360433114177,-1.6362018123568187,-0.8322376537474376,-0.2201161096374532,0.6060991724535608,0.9811173524129336,0.20793549722861301,-1.308831269781283,1.2616652747879982,0.6317035195168185,-1.2564512030972548,0.22802121218293522,-1.6614166491129136,0.6934145794478044
1.303764911041745,0.7750476385185181,1.5266726749522286,-0.10180125978260367,0.7194363490163863,-0.21168666397805572,-0.9649873021319455,-1.6397661818275053,-1.107098777426797,1.1095207544360381,-0.37463281445785424,-0.8511884553036348,0.8016884291479495,-1.6586210364871263,-0.4190751380468963,1.2616652747879982,-1.7062314503148654,-0.10015800583172552,0.7502017338554348,0.7704640082712578,-0.7159646470721233
-1.3220690419722125,-1.0701179405423835,0.7792044646898103,-0.5015444264682224,-0.1951770251073032,-0.8091450170060537,0.4894020002522976,0.373723896996721,-1.5106519396615594,-0.05553429047404732,0.06816791392746642,1.2685026396159225,-0.6337429569719232,-1.6694661994098619,-0.4190751380468963,1.2616652747879982,-0.3130536512001613,-1.067201776926098,1.4440580434750574,0.10722382898466562,1.3981041927077682
0.528474624720029,0.4858345011439681,0.46775937708046933,-0.9012875931538411,-0.5001841619163409,-1.470650905478653,0.9257187909675705,-0.9593597392845623,1.7446769023655229,-1.2205893353841328,-1.2536121267361926,-0.5862270684386901,1.5194041222078858,-0.5944579951781609,0.47068099368749056,-1.2121882051884687,1.3594829668155444,-1.5656279213109394,1.808869092862694,0.10722382898466562,1.3981041927077682
0.3192384537665581,-0.20615112755634948,-0.030552763094476177,0.9641805180457129,-1.3268657126522745,1.6170138629700403,-0.23779265093982396,0.7686923846572832,0.18875526574927282,-0.05553429047404732,-1.2739200365125882,1.1360219461834502,1.1605462756779177,0.567311512435424,1.3604371254218772,0.02473853479976469,0.13536697719756305,-1.4498599573161293,1.4941301482929683,-0.11385623077753179,-1.420654260332087
-0.4744242925221321,-0.11828378871761706,0.4054703595586011,0.16469418467447547,0.44054353562645027,-1.7058105132304728,0.05308520953702465,-0.5825885711520207,-0.14305511208819838,-1.2205893353841328,1.4685307358997866,0.7385798658860332,-1.7103164965618276,-0.6057488497278581,1.3604371254218772,-1.2121882051884687,1.6162399395271447,-0.27762266920101536,-1.0237814082648375,-0.5560163503019266,-0.01127503381215943
-0.32618881730170457,-0.7003017683502005,0.7792044646898103,-1.3010307598394597,-1.487223979897695,0.1525239480278118,0.19852413977544897,-1.551205893457805,1.0407008304671044,0.3328173911626478,1.3254924148660439,-0.5862270684386901,-0.45431403370693907,-1.179205409751955,1.3604371254218772,-1.2121882051884687,-0.5182784145999263,-1.3881632579416494,1.2652290976968041,0.5493839485090605,1.3981041927077682
-0.6601788081807344,-0.2925785486715233,1.370950131147558,0.8309327958171733,1.258044269535356,1.265230384707155,-1.2558651626087942,0.8477207437504014,0.9779258941194746,-1.2205893353841328,-1.4050384974601857,-1.5135919224659964,-1.5308875732968434,0.1330593038990418,0.47068099368749056,1.2616652747879982,-1.538977788513295,-0.9729236745111627,-1.5173492986128165,1.43370418755785,-1.420654260332087
-0.36828377005375124,-0.2695560439454109,0.0005917456664579177,-1.4342784820679992,-0.9928879983001709,0.9268299735520971,-1.5467430230856427,1.4882663911367278,-1.4411511172766838,-0.05553429047404732,1.3594860899265322,-0.056304294708800835,0.44283058261798136,-1.2375910128839422,1.3604371254218772,-1.2121882051884687,1.4218640622982923,1.707763252242915,1.143625414567592,-1.6614166491129136,0.6934145794478044
0.0035349094651439504,-0.04238879949049612,-0.030552763094476177,0.8309327958171733,-0.9965603250309821,-0.3961818033931015,1.216596651444419,-1.5401141939359637,0.40398361894114604,1.4978724360727331,-0.5273836140803079,0.7385798658860332,-0.6337429569719232,-1.1783140264980316,-1.308831269781283,-1.2121882051884687,0.4237665345743253,-1.3132953530827303,0.4283096314545789,-0.3349362905397292,1.3981041927077682
-1.1596585601855054,-1.0258202469794209,-0.7157319558350262,-0.23504898201114324,1.1409378504528225,0.1582595482168806,1.652913442159692,0.8373222754486753,-0.8268535258748789,-0.4438859721107425,-1.2165281175792964,1.6659447199133395,-1.5308875732968434,-1.4096279808911711,-0.4190751380468963,0.02473853479976469,0.3848913591285548,0.778153433578002,0.13503016037824353,0.7704640082712578,-0.01127503381215943
0.90430152818303,1.285215341630606,1.370950131147558,-1.1677830376109202,-0.688084879642845,0.11237474670433036,-0.3832315811782483,0.25968736128779163,-0.34258973119316416,0.3328173911626478,-1.6849344713348549,0.4736184790210885,1.5194041222078858,1.4974699379045615,-0.4190751380468963,-1.2121882051884687,-0.9007016521245984,1.1829946968891945,1.258075939865674,-1.4403365893507163,0.6934145794478044
-0.17731684300002423,-0.4538169760084423,-0.9337435171615649,0.9641805180457129,-0.32819686002335174,1.3483965874486523,-1.4013040928472185,0.2518885100614971,-0.8111597917879715,1.1095207544360381,0.798369713278733,1.2685026396159225,0.8016884291479495,1.2156442657890922,0.47068099368749056,1.2616652747879982,0.3161817467127745,0.20901871238195915,0.5141475254281405,0.328303888746863,0.6934145794478044
-0.24585231164087176,-0.5438361020070995,0.09402527194926019,1.6304191291884107,-1.391539466744893,0.2156155501075684,-0.6741094416550969,-1.6666288916069645,1.2536872216465622,-0.4438859721107425,0.7926305213854038,-0.7187077618711625,0.8016884291479495,1.3331582914313358,-0.4190751380468963,-1.2121882051884687,0.0006599739087305382,0.18544918677822533,1.2151569928788932,0.9915440680334553,-0.7159646470721233
0.07745481627983317,-0.23799110598290546,-1.7123562361849172,-0.23504898201114324,-1.6073906712559045,-1.437193237709085,-0.09235372070139966,-1.5172375636721664,0.8680697555111226,-1.2205893353841328,-1.1993105418993089,-0.45374637500621784,0.8016884291479495,-0.7577296945218093,0.47068099368749056,-1.2121882051884687,-1.670068496411823,-0.5660027471761113,-1.0166282504337074,0.328303888746863,-0.7159646470721233
-0.7404293004522087,-0.4217666725211418,1.1529385698210193,-1.0345353153823806,0.5982495668996182,1.5921595954840755,0.7802798607291462,-0.2909115352886042,-0.8604829560611091,-0.4438859721107425,-1.6363720783913003,-0.9836691487361071,-0.27488511044195496,-1.2115923346445077,-1.308831269781283,1.2616652747879982,-1.271371929630782,0.45511228853859154,0.6572106820507431,-0.9981764698263215,-0.01127503381215943
-0.7797030140332968,-0.905449596830246,-0.7780209733568945,-0.23504898201114324,0.8157329166243233,0.8618265047426509,-0.9649873021319455,1.3047334256112626,1.1819444372492711,0.721169072799343,1.4623500677069705,1.2685026396159225,-1.3514586500318595,-1.1273566171487401,-0.4190751380468963,-1.2121882051884687,1.16329894189154,-0.6200740117964418,-1.0380877239270978,0.9915440680334553,-0.01127503381215943
-0.29395099897014126,-0.20653941997618555,0.8103489734507443,-0.7680398709253015,-1.3648130888706564,1.261406651247776,1.0711577212059948,1.6477095717631944,-0.8111597917879715,1.4978724360727331,-0.6505555016371418,1.6659447199133395,-0.9926008035018913,-0.10895124954117939,-0.4190751380468963,-1.2121882051884687,0.5512409470825493,-0.1063969979033021,1.4512112013061875,-0.777096410064124,1.3981041927077682
0.9061766200710452,1.2878524943153258,-0.9025990084006308,1.3639236847313316,-1.129376141795319,1.345528787354118,0.4894020002522976,-1.3193200503293134,-0.912048082346662,1.4978724360727331,-0.3106187510322595,1.5334640264808672,1.1605462756779177,0.11775722470668896,1.3604371254218772,1.2616652747879982,-0.06081704772644135,-0.680384268488349,-0.5659793070725092,0.7704640082712578,1.3981041927077682
1.4041597391009786,1.3073803672629138,0.24974781575393068,0.29794190690301503,0.12023503743903274,0.5492362944384024,0.05308520953702465,1.6286457132100298,1.3030103859196998,-1.6089410170208278,-0.9648866268717862,-0.7187077618711625,-0.6337429569719232,0.4965951076241623,-0.4190751380468963,0.02473853479976469,-0.9703153383879549,0.04056592644939105,-0.18686194202261233,0.9915440680334553,1.3981041927077682
-1.0188374391277801,-0.6750789399116839,-0.24856432442101484,-0.6347921486967619,-1.1069341451070285,-1.2001217632275754,-1.4013040928472185,-0.012059276997316539,0.36138634070525444,1.4978724360727331,-0.4426201645788307,-0.7187077618711625,1.5194041222078858,-1.503817478055751,1.3604371254218772,1.2616652747879982,0.5205024362649634,0.2131780404296769,-0.1797087841914822,1.43370418755785,0.6934145794478044
0.22262821483909828,0.11090581209061046,1.4643836574303604,0.29794190690301503,0.4458480075709552,-0.6571516119957309,0.05308520953702465,-1.547393121747172,-0.8559990320362784,1.1095207544360381,-0.8686447935836507,-0.5862270684386901,-1.3514586500318595,0.043920978506695144,-1.308831269781283,0.02473853479976469,1.3404974160164473,1.1524929578725978,0.13503016037824353,-1.2192565295885187,-0.01127503381215943
-0.7007599252800716,-0.9946921379892311,-1.4320556573365104,-0.23504898201114324,-1.4176537901639947,0.41158188990075173,-0.8195483718935213,0.20769501977916124,-0.7775303616017413,0.3328173911626478,-0.8099284457518983,-0.45374637500621784,-0.27488511044195496,-0.7761516151028942,-0.4190751380468963,1.2616652747879982,0.9598823261869271,1.3874949925686495,1.6014275157599203,0.10722382898466562,-1.420654260332087
-0.3772807705806496,-0.5580249541819418,-0.3419978507038171,1.6304191291884107,1.026075631039118,-0.13807979488500638,0.9257187909675705,-1.6201823998592546,0.48693621340051385,1.4978724360727331,1.038532820199585,-1.1161498421685794,0.44283058261798136,-0.5962407616860079,-0.4190751380468963,1.2616652747879982,0.9942371323948174,-0.504999269142918,-0.008032996244359068,-0.11385623077753179,1.3981041927077682
0.9193538713207664,1.1886114233455625,1.2775166048647557,0.16469418467447547,1.411057883319154,-0.3923580699337223,-1.4013040928472185,0.09019232796965657,-0.8178856778252175,0.721169072799343,1.0707605900621258,1.2685026396159225,0.6222595058829654,-0.6838934483218154,1.3604371254218772,0.02473853479976469,1.3784685176146416,1.4741476602294357,-1.6317998239108986,0.7704640082712578,-0.7159646470721233
0.8765364060981083,1.2435224430507104,-0.4977203945084876,1.3639236847313316,-1.6088187983178865,0.23091048394508515,1.3620355816828436,0.32641086622386734,-0.12063549196404492,-0.4438859721107425,-0.19848377096259706,0.07617639872367149,0.44283058261798136,1.65732466810817,0.47068099368749056,0.02473853479976469,0.3939320976043154,-1.5649346999696532,0.3353185796498872,-1.4403365893507163,-0.7159646470721233
-1.0346983081254864,-0.6621520381013087,-0.4042868682256853,0.6976850735886337,0.939571934713344,-0.23367313136948603,-0.8195483718935213,0.5307407683527847,-1.3873440289787153,1.4978724360727331,-0.31679941922507554,-0.8511884553036348,0.9811173524129336,-1.1753427489849535,0.47068099368749056,1.2616652747879982,-0.10782888780039632,0.03294049169524187,-1.4028987733147344,-0.5560163503019266,-1.420654260332087
1.3156691641289604,1.3079142693401884,-1.587778201141181,1.230675962502792,1.5928380564943063,-1.6216883771241308,-0.9649873021319455,-0.5576322472278781,-1.3604404848297313,0.721169072799343,-0.6876395107940381,-0.8511884553036348,-0.45431403370693907,-0.2870793364502188,-1.308831269781283,0.02473853479976469,-1.5670040777881526,0.39618847452925704,0.15648963387163392,-1.6614166491129136,-0.7159646470721233
-0.25417840773077394,0.060427797511924175,-0.09284178061634436,-0.10180125978260367,-0.6238191618536498,-1.2928472996175207,-1.1104262323703697,1.3588054607802382,0.24032039203482577,1.1095207544360381,0.9731943278755296,-1.3811112290335241,0.44283058261798136,-0.6990469636385144,-0.4190751380468963,-1.2121882051884687,-0.6330957932420855,0.7573567933394133,1.2509227820345439,1.6547842473200474,-0.7159646470721233
0.9946843977209349,1.0232797467495385,-0.4977203945084876,0.6976850735886337,-0.3165678253757831,0.2414257509583779,1.5074745119212678,0.9187769438121962,-0.41433251559045525,-0.4438859721107425,-1.687583329131776,-1.1161498421685794,0.8016884291479495,-1.3926916990666254,1.3604371254218772,1.2616652747879982,1.210310781965495,-0.29495320273317255,0.18510226519615444,0.5493839485090605,1.3981041927077682
0.4862248478671371,0.41050577169577473,0.5611929033632717,-1.567526204296539,-1.0644983695509884,-0.5988396767401983,1.216596651444419,0.9036991647746935,-0.08700606177781472,-0.05553429047404732,-0.30002331984457487,0.8710605593185055,-0.8131718802369072,0.3163871264559681,-0.4190751380468963,-1.2121882051884687,1.5529547701968207,0.7566635719981271,-0.06525825889340012,0.9915440680334553,-0.7159646470721233
1.4222569562220055,1.4303558123951556,-0.15513079813821254,1.230675962502792,-1.3817465954627302,-0.7881144829794681,-0.9649873021319455,-0.13285481710236782,1.2043640573734244,1.4978724360727331,-0.6585020750279053,1.1360219461834502,-1.3514586500318595,1.694019945394686,-0.4190751380468963,0.02473853479976469,-0.25700107265044575,1.4422594785302663,-1.2956014058477825,0.7704640082712578,-1.420654260332087
1.678731680611161,1.078886457040226,1.339805622386624,1.4971714069598712,0.5058293441742041,-0.12087299431780003,0.3439630700138733,-0.7515636810550694,-0.5197047301739764,-0.4438859721107425,0.11584735427204731,-1.5135919224659964,0.8016884291479495,-1.5740881912400508,-1.308831269781283,1.2616652747879982,0.7917245905377805,0.9258095792719815,-0.3442314143074752,0.5493839485090605,0.6934145794478044
-0.851111329878718,-0.90210057470916,-1.681211727423983,-0.6347921486967619,-0.9069963564295322,1.050145377617076,-1.1104262323703697,0.16991391828288982,1.3971727904411444,1.1095207544360381,0.039030478161333655,0.20865709215614384,-1.3514586500318595,-1.3023648626690474,-0.4190751380468963,1.2616652747879982,1.7382899089499124,0.7885517536972964,-1.2312229853676113,1.6547842473200474,-0.01127503381215943
-1.0000865202476286,-1.2027683384688734,-1.650067218663049,0.8309327958171733,-1.0016607788237755,-1.0328334243797361,-0.3832315811782483,-0.9825829851584172,0.7739073509896781,0.721169072799343,-1.1052760901086076,-1.3811112290335241,-1.7103164965618276,1.593442201576988,0.47068099368749056,-1.2121882051884687,-0.1485122109413189,0.33657143917863624,-1.0881598287450087,-0.3349362905397292,-1.420654260332087
1.3163744739217,1.2835165622938234,0.03173625442739201,1.230675962502792,-1.3544081631333582,1.5491425940660597,1.216596651444419,1.2816834875424363,1.2626550696962235,-1.2205893353841328,-0.3017892250425223,1.2685026396159225,-0.0954561871769709,0.45722568057587587,-1.308831269781283,1.2616652747879982,-1.762284028864581,-1.420744660982105,1.0864001519185509,0.9915440680334553,-0.7159646470721233
-0.601741311450574,-0.6872939722856929,-0.7780209733568945,-0.9012875931538411,-1.062662206185583,-1.6637494451773018,0.19852413977544897,-1.5290224944141226,-1.6137821922326654,0.3328173911626478,1.2530903017501989,-0.8511884553036348,-1.3514586500318595,-0.6304104530864074,-1.308831269781283,1.2616652747879982,-1.1583626986837747,-0.7483199599344053,-1.5817277190929877,1.2126241277956527,1.3981041927077682
-1.242179805936044,-0.9888192151392109,-0.4354313769866194,0.5644373513600942,-0.40633581212894465,0.7193924333807762,-0.8195483718935213,1.3886144032451861,0.13494817745130452,0.721169072799343,-1.277451846908483,-0.7187077618711625,-0.6337429569719232,-1.1887134977938054,0.47068099368749056,0.02473853479976469,-1.1366649263419495,-1.6120737511771206,-0.2726998359961739,0.5493839485090605,-1.420654260332087
0.027274604928088125,-0.2557069476379252,-0.8403099908787626,-1.4342784820679992,0.1879690638073274,0.8188095033246351,1.0711577212059948,0.4076922267823595,-1.4792644714877445,-1.2205893353841328,1.4879556930772084,-0.8511884553036348,0.6222595058829654,-0.23627049097658123,1.3604371254218772,-1.2121882051884687,0.8586260552584087,1.3479813761153312,1.1579317302298522,-0.5560163503019266,-0.01127503381215943
-1.300531289276846,-1.1888868844597347,0.7792044646898103,1.230675962502792,0.9240665551832524,0.9277859069169418,1.5074745119212678,-0.9328436451151608,-0.1542649221502751,-0.8322376537474376,0.5833707554286321,1.5334640264808672,0.08397273608801319,1.5398106424659261,1.3604371254218772,-1.2121882051884687,-0.5390721130941756,-1.5968228816688224,0.48553489410361994,1.43370418755785,0.6934145794478044
0.5767281361501438,0.6867272918566436,-0.8091654821178285,0.4311896291315546,-1.5847446564159022,-0.8158365505599672,-1.6921819533240672,-0.9831029085735035,-0.26187909874621174,-0.4438859721107425,0.9542108469975946,0.07617639872367149,-0.45431403370693907,1.312953604342404,-1.308831269781283,-1.2121882051884687,-1.2704678557832059,0.4301563202522852,0.08495805556033263,0.328303888746863,-0.7159646470721233
-1.0438157273974866,-1.0965380039420614,0.8414934822116784,-1.567526204296539,-0.08215096905900429,1.1132369796968324,1.0711577212059948,0.832296349102841,1.713289434191708,0.3328173911626478,-1.2288894539649284,-0.5862270684386901,0.08397273608801319,1.4289819912281085,-1.308831269781283,1.2616652747879982,1.1524500557206274,0.6589193628767603,0.6285980507262225,0.328303888746863,-1.420654260332087
-0.6950486362266676,-0.4047141637500087,-0.4042868682256853,-0.3682967042396828,-0.053996464122785436,-0.92003328732805,0.7802798607291462,-1.3806710133094973,1.3725112083045754,-0.4438859721107425,1.1842199990302487,1.1360219461834502,-0.45431403370693907,1.256053639966956,1.3604371254218772,1.2616652747879982,-0.5887961747108588,-0.6547350788607563,-0.12248352154244116,-1.6614166491129136,-1.420654260332087
0.48932132988404287,0.008477507508026208,-0.964888025922499,-1.567526204296539,-0.7274603829232091,-0.9267248208819636,-1.1104262323703697,-1.1666358740989689,-0.8829025761852626,1.4978724360727331,1.2919402161050426,1.6659447199133395,-0.6337429569719232,-0.5537514932489893,-1.308831269781283,0.02473853479976469,0.9047338214847878,0.9556180969472918,-0.6017450962281599,-0.5560163503019266,-0.7159646470721233
-0.6232790641459407,-0.6679117089955434,0.685770938407008,-0.7680398709253015,0.352815730390406,-0.6093549437534911,0.9257187909675705,0.8579459042470987,1.2379934875596548,-0.4438859721107425,-0.7309041881437504,1.6659447199133395,0.9811173524129336,-1.314695664348322,0.47068099368749056,0.02473853479976469,-0.3808591897683656,-0.7441606318866875,-0.015186154075489199,1.43370418755785,0.6934145794478044
0.5508725113089807,0.6284672500304098,0.0005917456664579177,1.4971714069598712,-0.6315718516186956,1.4831831918917688,0.4894020002522976,-1.575122370551775,0.07217324110367483,0.721169072799343,1.3744962841090853,-1.3811112290335241,-0.0954561871769709,1.1932111205653515,-0.4190751380468963,1.2616652747879982,0.9110623384178201,-0.6991012447030788,-0.8020335154998035,0.9915440680334553,0.6934145794478044
-0.3485350958570412,-0.3848303560842377,-0.21741981566008073,0.5644373513600942,1.5410174459595267,-1.4448407046278433,-0.23779265093982396,-0.9117000929016511,1.6034332955833561,1.1095207544360381,-1.006385399023551,-1.1161498421685794,-0.6337429569719232,-1.6838768953482912,-1.308831269781283,1.2616652747879982,0.924623446131461,0.42807665622842633,0.056345424235812104,0.9915440680334553,0.6934145794478044
0.05192604231823233,0.480932309343538,-0.24856432442101484,-0.10180125978260367,1.59916261919737,-0.5214090741877698,1.216596651444419,1.6532554215241149,-1.3537145987924852,0.721169072799343,1.486189787879261,-1.5135919224659964,-1.1720297267668753,0.16916032568294223,-0.4190751380468963,-1.2121882051884687,1.0457693417066527,0.7809263189431471,1.7659501458759133,0.10722382898466562,-0.01127503381215943
0.570328739981872,0.7527370032287718,0.8103489734507443,1.230675962502792,0.7877824298398162,1.0004368426451464,-1.5467430230856427,0.5005852102777791,0.2672239361838099,-0.4438859721107425,-0.8377414526195704,0.3411377855886162,-1.5308875732968434,0.05521183305639239,-1.308831269781283,1.2616652747879982,0.6850438765238058,-0.8571557105163525,-0.7877271998375432,1.43370418755785,-0.7159646470721233
-0.5810464899709205,-0.7706797694454842,0.5923374121242057,1.0974282402742523,-0.5944405480071605,-1.6780884456499738,-1.2558651626087942,-1.1635163336084509,1.278348803783131,0.721169072799343,-0.27618359967228445,1.2685026396159225,1.5194041222078858,-1.313061461716129,-0.4190751380468963,0.02473853479976469,-1.1655952894643833,0.7268550543228166,-0.8163398311620638,0.328303888746863,1.3981041927077682
0.6767273026183283,0.8045093258735783,-0.21741981566008073,0.6976850735886337,0.38525461651257115,1.1476505808312452,0.19852413977544897,-1.182926807771673,-1.1788415618240882,0.3328173911626478,1.230575010476369,-1.1161498421685794,-0.27488511044195496,-0.6841905760731233,1.3604371254218772,1.2616652747879982,-0.6394243101751179,-1.660599245067161,-1.1239256179006594,1.6547842473200474,-1.420654260332087
-1.2909321950244381,-1.5254393393526295,1.0595050435382172,0.0314464624459359,1.113191381820027,0.8360163038918415,-0.3832315811782483,0.7596803787957872,-0.8963543482597546,-0.8322376537474376,-0.35918114397581413,-0.9836691487361071,-0.9926008035018913,-0.7401991571946478,1.3604371254218772,-1.2121882051884687,0.08112254634299963,-1.0706678836325294,-0.09387089021792064,-0.3349362905397292,-0.7159646470721233
-0.8216259400066265,-1.1293001768657278,-0.9960325346834331,1.6304191291884107,-0.39083043259885314,-0.7106838804270396,0.19852413977544897,0.815138876404993,1.1976381713361786,-1.2205893353841328,1.426149011149048,1.0035412527509777,-0.8131718802369072,-1.3155870476022455,0.47068099368749056,-1.2121882051884687,-0.3808591897683656,-0.9888677653607474,-0.7305019371885022,-1.2192565295885187,-0.01127503381215943
-1.5940089737680254,-1.4837140830710809,0.1874587982320625,0.29794190690301503,-0.9996205973066581,-1.6895596460281113,-1.5467430230856427,-0.17670169177464612,1.771580446514507,-1.6089410170208278,0.6919739251023997,0.7385798658860332,-1.5308875732968434,-1.2326884049873632,-0.4190751380468963,1.2616652747879982,1.1524500557206274,-1.6557466956781568,-0.3656908878008656,0.10722382898466562,0.6934145794478044
0.40628400379735335,0.6374626910899449,0.685770938407008,0.0314464624459359,0.576419624666463,-0.2747782660578123,1.3620355816828436,0.26055390031293546,-0.23273359258481222,-0.4438859721107425,1.6888274093437297,-0.18878498814127317,0.44283058261798136,0.1381104756712748,-1.308831269781283,0.02473853479976469,1.4535066469634543,0.17851697336536246,1.208003835047763,-0.9981764698263215,-1.420654260332087
0.3327253532179698,0.6772141275706605,-0.12398628937727846,1.3639236847313316,-0.7452099621221296,-1.62551211058351,1.0711577212059948,-0.9896886051645967,0.7559716548903553,-0.05553429047404732,1.7254699422011393,1.2685026396159225,-0.45431403370693907,0.08938152445679194,1.3604371254218772,1.2616652747879982,0.7609860797201946,1.001370705472187,0.14218331820937366,1.2126241277956527,-0.7159646470721233
-1.7136708010435613,-1.3753804979368234,1.5266726749522286,-0.3682967042396828,-1.5625066778793237,0.7547619678800337,-0.09235372070139966,-1.427810736277322,1.6975957001048008,0.3328173911626478,0.7374459839495463,0.20865709215614384,-0.45431403370693907,1.2496653933138377,1.3604371254218772,0.02473853479976469,0.957170104644199,-1.2349613415173797,-0.46583509743668744,1.2126241277956527,0.6934145794478044
1.2410439475215316,1.6009617943606194,-1.338622131053708,1.3639236847313316,0.899380358826133,-0.5758972759839233,1.0711577212059948,-0.5798156462715605,1.5899815235088641,-0.8322376537474376,1.4314467267428903,0.4736184790210885,1.5194041222078858,0.7524221015001973,-1.308831269781283,-1.2121882051884687,0.06394514323905454,-1.2023799384769243,-0.6375108853838105,1.43370418755785,-0.7159646470721233
0.2847814899895456,0.7115780067261507,0.1874587982320625,1.0974282402742523,-0.06317728094981333,-0.7737754825067962,-0.8195483718935213,-0.719848352734805,1.350091588180422,-1.2205893353841328,-1.3326363843443405,0.07617639872367149,-1.7103164965618276,-0.9241212352541898,0.47068099368749056,0.02473853479976469,1.0575223017251414,-0.10501055522072954,-0.937943514291276,0.10722382898466562,0.6934145794478044
1.2963505568790428,0.7681878057680812,-1.1828995872490375,0.5644373513600942,1.6152800531825966,-1.372189768899639,1.5074745119212678,0.20232247782326945,-0.6519804889064819,-1.2205893353841328,0.6147155726921992,-0.3212656815737455,0.44283058261798136,0.15370968261493545,1.3604371254218772,-1.2121882051884687,-0.9522338614364337,-0.22563106860454374,-1.3170608793411729,0.328303888746863,-1.420654260332087
-1.2254932084004964,-1.456193857815201,1.2152275873428875,0.6976850735886337,-0.4157206471076843,1.1887557155195714,-1.2558651626087942,1.5653883643745297,0.009398304756045146,-0.8322376537474376,1.3718474263121643,-0.3212656815737455,0.44283058261798136,1.1043699229243127,-1.308831269781283,0.02473853479976469,-1.5507307485317836,1.6536919876225844,0.2208680543518051,-0.3349362905397292,0.6934145794478044
0.18292443431121774,-0.01297564868791546,-0.27970883318194895,1.6304191291884107,-0.8292654406273628,0.3083410864975137,1.3620355816828436,1.6672933537314452,-0.6609483369561433,-1.2205893353841328,-0.28457164936253476,-1.6460726158984689,1.3399751989429018,0.5381929928072574,0.47068099368749056,-1.2121882051884687,1.241953366630657,-0.011425674147080586,1.3224543603458452,-0.11385623077753179,0.6934145794478044
1.3386347390876783,1.2114721395634098,0.6546264296460739,-0.5015444264682224,-0.6984898053801433,1.1983150491680195,1.3620355816828436,-1.4926278553580814,1.0698463366285038,0.3328173911626478,-0.5971368693992317,0.4736184790210885,-1.1720297267668753,-0.37294925657817946,1.3604371254218772,1.2616652747879982,1.288965206704612,-0.47172464476117615,0.07065173989807237,0.328303888746863,0.6934145794478044
-1.4625633121503758,-1.1123609200503803,-0.4042868682256853,-1.1677830376109202,-0.26556328744785035,1.5940714622137653,1.652913442159692,-0.4094540739282815,1.5361744352108957,-1.6089410170208278,1.6243718696186482,1.5334640264808672,-0.8131718802369072,0.6690777672583531,1.3604371254218772,0.02473853479976469,1.2383370712403527,-0.7926861257767277,-1.6604124552354191,0.9915440680334553,-0.01127503381215943
0.17723034793568548,0.32941737135334664,-0.3419978507038171,1.4971714069598712,0.9428362251407317,-0.19543579677569417,-1.4013040928472185,1.3099326597621255,1.6572403838813243,-0.05553429047404732,-0.6929372263878804,1.2685026396159225,-0.6337429569719232,1.7088763329600771,1.3604371254218772,-1.2121882051884687,-1.2948778496677593,0.1396965782533303,1.0148685736072496,-1.4403365893507163,-0.01127503381215943
0.33549498435531333,0.46321646768851826,0.5611929033632717,-1.1677830376109202,1.2804862662236463,0.9985249759154569,0.4894020002522976,-0.03458929165105638,-1.0151783349177679,-0.4438859721107425,-0.9255952362174557,1.6659447199133395,-0.6337429569719232,1.4661229601415864,-1.308831269781283,0.02473853479976469,0.9083501168750919,1.5718918693508024,-1.3671329841590838,-0.777096410064124,0.6934145794478044
0.19830362832851636,0.35184125859887844,-1.0583215522053013,-1.567526204296539,-1.0314474289736881,-0.33404613467818967,0.4894020002522976,-0.667509395616117,-1.4389091552642683,-1.2205893353841328,0.14984102933253554,1.0035412527509777,0.08397273608801319,1.1845944157774246,1.3604371254218772,-1.2121882051884687,0.5422002086067887,0.5972226635022807,-0.8449524624865843,-1.4403365893507163,-1.420654260332087
-0.6416343214350432,-0.7068542029349338,-0.5288649032694217,1.230675962502792,-0.5203819589358022,0.8293247703379278,1.652913442159692,0.4440868658384008,1.4958191189874195,-1.2205893353841328,1.0985735969297978,0.20865709215614384,0.44283058261798136,-0.3643325517902526,1.3604371254218772,0.02473853479976469,-1.7369699611324514,-1.0152101763296264,-1.3170608793411729,-1.2192565295885187,-1.420654260332087
0.47838042675764253,0.5906896333505276,0.31203683327579884,-0.7680398709253015,-1.5196628660198601,0.5712227618298328,0.9257187909675705,1.5641752097393282,0.5228076055991594,-0.05553429047404732,0.7948379028828381,1.4009833330483947,-1.1720297267668753,1.1820688298913082,-0.4190751380468963,0.02473853479976469,0.013317007774795338,0.7656754494348488,-0.6518172010460708,-0.777096410064124,-1.420654260332087
-0.2611454922688119,-0.643789042413229,1.713539727517833,1.6304191291884107,-0.4375505893408395,-0.13903572824985116,1.5074745119212678,-1.5754689861618325,0.12822229141405847,1.4978724360727331,1.2420533942630274,0.6060991724535608,1.1605462756779177,0.67427750290624,-1.308831269781283,1.2616652747879982,1.319703717522198,1.623883469947274,0.22802121218293522,-0.9981764698263215,-0.7159646470721233
1.2421449189053204,1.6507279395029395,-0.9960325346834331,0.8309327958171733,-0.4706015299181399,-1.7058105132304728,0.7802798607291462,0.8520534388761206,-0.2372175166096429,-1.2205893353841328,-1.5727994912651926,-1.1161498421685794,1.5194041222078858,-0.7002354746437457,-0.4190751380468963,-1.2121882051884687,0.3026206389991336,-0.23880227408898322,1.372526465163756,-1.4403365893507163,-1.420654260332087
-1.1653698492389093,-1.1206444916735492,-0.27970883318194895,0.5644373513600942,-0.5262984853354424,-0.07020852598102581,1.3620355816828436,-1.6872525204053879,-0.5398823882857147,-0.05553429047404732,-1.5471938658949547,0.4736184790210885,-0.0954561871769709,1.5047495678116032,1.3604371254218772,-1.2121882051884687,0.35686506985369704,1.088023373132973,0.8002738386733457,0.5493839485090605,1.3981041927077682
-0.1398838159512079,-0.050170826738043586,0.31203683327579884,-0.9012875931538411,-1.0116576682576501,0.8685180382965645,-1.5467430230856427,-0.34117079874694695,-1.5106519396615594,-0.4438859721107425,-1.2019593996962301,-0.45374637500621784,-0.6337429569719232,-1.0508462211869758,-0.4190751380468963,1.2616652747879982,-0.450472876031722,-0.12164786741160045,-1.274141932354392,1.2126241277956527,-1.420654260332087
0.7517997888504213,0.43708762360371756,-0.21741981566008073,0.9641805180457129,-0.5817914226010332,-0.1600662622764367,0.3439630700138733,-1.2148154438969663,-0.5129788441367304,0.721169072799343,1.6861785515468086,1.2685026396159225,-0.9926008035018913,0.9047000740454562,-0.4190751380468963,-1.2121882051884687,0.5512409470825493,-0.16740047593649549,0.5785259459083116,-0.3349362905397292,-0.01127503381215943
0.8140046720344837,0.9389717550926365,1.5578171837131627,0.4311896291315546,-0.5768949869599517,-0.08263565972400817,-1.1104262323703697,0.1089095709127635,0.31206317643211684,0.721169072799343,-1.6204789316097734,0.8710605593185055,-0.45431403370693907,-1.3267293382762888,0.47068099368749056,-1.2121882051884687,0.18780326035697437,-1.072054326315102,0.764508049517695,1.2126241277956527,-1.420654260332087
-0.2425149921337622,-0.12059736438580686,-0.27970883318194895,-0.3682967042396828,0.15308195986462142,-1.1532810283501804,-0.6741094416550969,-0.13372135612751165,-1.6339598503444035,-1.2205893353841328,-0.35035161798607695,-0.7187077618711625,0.44283058261798136,-1.1930218501877687,-1.308831269781283,-1.2121882051884687,0.16972178340545324,0.04403203315582249,0.41400331579231864,1.6547842473200474,-1.420654260332087
0.6575979248249993,0.453056149369475,0.5611929033632717,-0.5015444264682224,0.1383926529413768,0.6524770978416404,-1.2558651626087942,-1.4153325743152507,-0.8963543482597546,0.3328173911626478,1.7086938428206384,1.5334640264808672,0.44283058261798136,-0.8245834385660693,0.47068099368749056,1.2616652747879982,0.7302475689026087,1.3223321864877384,0.27809331700084616,0.9915440680334553,0.6934145794478044
0.9432827962402992,0.46501232013026,-1.681211727423983,1.0974282402742523,-0.6340200694392364,0.8484434376348238,-1.1104262323703697,-0.877385147505955,0.05872146902918276,-0.05553429047404732,-1.5229126694231774,1.4009833330483947,0.26340165935299725,1.7400747468473985,-0.4190751380468963,1.2616652747879982,0.4743946700385845,0.6783295604327765,0.8431927856601265,1.43370418755785,-0.7159646470721233
0.2517351457980124,0.7075494728703516,1.4643836574303604,0.16469418467447547,1.68403417030945,-0.6036193435644224,-0.5286705114166727,0.7416563670727954,0.7111324146420485,-0.4438859721107425,-0.6103811583838376,1.0035412527509777,-1.3514586500318595,-0.21621436776330322,1.3604371254218772,0.02473853479976469,1.350442228339784,-1.185049404944767,0.5785259459083116,-1.2192565295885187,-1.420654260332087
1.5639898192069308,1.1503807988425383,-1.3697666398146422,-1.0345353153823806,-1.2897344090407394,-1.395132169655914,1.652913442159692,-0.06439823411600447,0.863585831486292,1.1095207544360381,1.2089426718015128,-1.6460726158984689,0.6222595058829654,1.591807998944795,-0.4190751380468963,0.02473853479976469,0.06394514323905454,1.227360862731517,0.764508049517695,-0.9981764698263215,0.6934145794478044
-1.665107641411756,-1.5353893326109285,1.5889616924740968,1.3639236847313316,-1.6249362323031133,1.0702199782788167,0.19852413977544897,1.3466739144282243,1.7626125984648457,0.3328173911626478,-0.8311193081272675,1.4009833330483947,1.1605462756779177,1.6259776903451946,-1.308831269781283,1.2616652747879982,-0.118677773971309,-0.7400013038389698,0.7287422603620444,-0.11385623077753179,-0.7159646470721233
-1.3890218642488639,-1.4222829864828528,-1.1828995872490375,0.4311896291315546,0.6882215718044915,-1.527050974004496,0.19852413977544897,1.1262263864316315,0.060963431041598105,-0.8322376537474376,-0.3644788595696565,-1.2486305356010519,0.08397273608801319,1.6016132147379532,-0.4190751380468963,1.2616652747879982,1.3703318529864572,-1.0276881604727794,-0.6804298323705913,0.328303888746863,0.6934145794478044
-0.4040137319932694,-0.5967085865081081,-1.7123562361849172,1.3639236847313316,0.9579335683673997,-0.8751044191803447,-0.3832315811782483,1.2399163065305032,-1.5173778256988055,1.1095207544360381,1.5135613184474463,0.8710605593185055,0.9811173524129336,-1.4241872407052545,0.47068099368749056,-1.2121882051884687,0.4997087377707141,0.917490923176546,-0.5373666757479887,0.328303888746863,-0.01127503381215943
-1.244519370126595,-1.528319174799747,1.1529385698210193,-1.0345353153823806,1.0142425782398374,-0.33786986813756886,-1.6921819533240672,-1.1122172233199357,0.2986114043576248,1.1095207544360381,-0.9997632545312481,-1.3811112290335241,1.1605462756779177,0.7996654139581411,-0.4190751380468963,0.02473853479976469,-1.3210959912474651,1.0706928396008157,-1.7176377178844602,-0.777096410064124,-0.01127503381215943
-0.7081914821206454,-0.7112224926580893,-0.24856432442101484,-0.5015444264682224,0.7630962334826967,-0.04917799195444029,-0.9649873021319455,1.3586321529752095,-0.44347802175185475,-1.2205893353841328,-0.1282890393441863,1.1360219461834502,0.8016884291479495,-0.9163959137201864,-0.4190751380468963,0.02473853479976469,0.9870045416142089,0.7677551134587076,-1.7247908757155903,0.7704640082712578,-0.7159646470721233
-1.2287273118403756,-1.3920932508406,-1.5566336923802468,-1.1677830376109202,0.9640541129187516,-0.07785599289978419,1.652913442159692,0.1933104719617735,-1.5353135217981282,-0.8322376537474376,0.6950642591988078,-0.8511884553036348,0.9811173524129336,1.5343137790667314,0.47068099368749056,-1.2121882051884687,-0.22083811874740347,1.0803979383788238,0.27094015916971603,1.6547842473200474,-0.7159646470721233
-0.26267653059939305,-0.04339188824173924,1.370950131147558,-0.10180125978260367,1.6813819343371974,1.1161047797913668,1.652913442159692,0.5205156078560874,-1.0757113092529822,-1.2205893353841328,1.7493096623734297,-1.2486305356010519,-1.7103164965618276,-1.0902156482352623,-0.4190751380468963,0.02473853479976469,0.07208180786723906,-1.61969918593127,1.0649406784251605,-0.11385623077753179,-1.420654260332087
1.3310999661798741,1.6606293962087588,-0.030552763094476177,0.8309327958171733,-1.61983577851032,-0.025279657833320368,0.4894020002522976,-0.04377460531758108,-0.38518700942905576,1.1095207544360381,-1.4156339286478703,1.5334640264808672,0.6222595058829654,-0.4980400398787726,-0.4190751380468963,1.2616652747879982,0.11366920485573768,-0.6360181026460265,-0.830646146824324,0.10722382898466562,-1.420654260332087
-0.5393816041656663,-0.12433467892672881,-0.7468764645959604,1.0974282402742523,1.1954106969598546,-0.9496672216382387,0.4894020002522976,-1.1023386784332958,1.5384163972233111,1.4978724360727331,0.4959584481302338,-0.9836691487361071,-0.6337429569719232,1.173897816730343,-0.4190751380468963,-1.2121882051884687,-1.3337530251135299,-0.9458880422009974,-0.2726998359961739,-1.4403365893507163,-0.01127503381215943
-0.8611404910779183,-0.5144714877569984,-0.030552763094476177,-1.7007739265250785,-0.3390098220640735,-1.3702779021699492,-1.5467430230856427,0.47233603805808994,0.19099722776168818,1.4978724360727331,-0.6059663953889689,1.2685026396159225,-0.45431403370693907,-0.6244678980602509,0.47068099368749056,0.02473853479976469,-0.005668543024301862,-1.348649641488331,0.1278770025471134,1.2126241277956527,-1.420654260332087
-0.3555709911065659,-0.6852069005290741,-0.27970883318194895,-0.6347921486967619,0.6731242285778235,1.0597047112655238,0.19852413977544897,-0.2851923777226549,-0.21031397246065875,-1.6089410170208278,-1.05715517346454,-1.5135919224659964,-1.7103164965618276,-1.4503344828203428,0.47068099368749056,-1.2121882051884687,-0.7235031779996912,0.9840401719400297,-0.7161956215262419,-0.9981764698263215,0.6934145794478044
-0.8942384433030666,-1.0489560036613188,0.21860330699299657,-0.23504898201114324,0.5611182632880832,-0.5347921412955969,-1.2558651626087942,-1.1375201628541358,1.3926888664163135,-1.6089410170208278,0.7555465122285075,0.6060991724535608,-0.9926008035018913,-0.0917178399653257,0.47068099368749056,1.2616652747879982,1.2193515204412555,0.35528841539336603,0.9791027844515989,0.7704640082712578,-0.7159646470721233
1.2045570677556587,0.870308712184962,0.5923374121242057,-0.10180125978260367,-1.0904086748183783,-1.310054100184727,-1.1104262323703697,-1.0042464607870132,-1.4904742815498213,-0.4438859721107425,-1.0165393539117489,1.2685026396159225,0.8016884291479495,-1.2239231363237824,-1.308831269781283,1.2616652747879982,0.5123657716367789,0.25061199285913643,-0.6375108853838105,1.6547842473200474,-0.7159646470721233
0.6783271516603963,0.8732856207370383,-1.5566336923802468,-1.1677830376109202,-0.3920545415091235,-0.08932719327792174,0.7802798607291462,-0.2536503572074191,0.8927313376476914,0.3328173911626478,1.5223908444371834,-0.18878498814127317,0.8016884291479495,1.3621282471838485,-1.308831269781283,0.02473853479976469,-1.5290329761899581,1.045043649973223,-0.20832141551600272,-1.6614166491129136,-0.7159646470721233
0.9741444003421267,0.6594659282139878,-1.2140440960099717,-0.5015444264682224,-1.3697095245117379,0.4909243591828698,-1.5467430230856427,-0.6075448950761633,1.720015320228954,0.721169072799343,0.07611448731822991,1.1360219461834502,1.3399751989429018,0.7955056254398315,-1.308831269781283,-1.2121882051884687,-0.15845702326465552,1.1954726810323477,-0.3370782564763451,0.9915440680334553,0.6934145794478044
1.0105108613628977,0.6893482656905369,-0.9960325346834331,-1.7007739265250785,-0.6040294011376119,0.5129108265743001,-0.8195483718935213,1.674918897152711,1.518238739111573,-1.6089410170208278,1.4654404018033786,1.6659447199133395,1.1605462756779177,0.5129371339460925,0.47068099368749056,0.02473853479976469,1.3766603699194895,-0.4460754551335835,-0.6589703588772009,0.10722382898466562,1.3981041927077682
-1.1906749883881782,-1.3707695254512704,-1.5566336923802468,0.5644373513600942,-0.08113087830044564,-0.5835447429026817,-1.5467430230856427,-0.8463630504058056,-0.40536466754079387,-0.8322376537474376,-0.7362019037375926,1.6659447199133395,-1.5308875732968434,1.423188000077606,-0.4190751380468963,-1.2121882051884687,0.1995562203754631,-1.0373932592507875,-1.7390971913778506,0.7704640082712578,1.3981041927077682
-0.06324588603279031,-0.23384932017132093,1.0906495522991513,0.5644373513600942,0.09167249619939043,1.10080984595385,-1.1104262323703697,0.6312592952694702,1.1281373489513027,-0.05553429047404732,-0.5401864267654267,-1.5135919224659964,-1.7103164965618276,0.02639044117953363,-0.4190751380468963,1.2616652747879982,-0.7442968764939406,-0.6935554739727885,-0.8020335154998035,-1.6614166491129136,1.3981041927077682
1.2364336298519163,1.7421222678218493,1.370950131147558,1.4971714069598712,-0.9620812573916996,1.1027217126835396,1.652913442159692,0.48152135172461463,1.3231880440314379,-0.05553429047404732,1.432329679341864,1.0035412527509777,1.3399751989429018,-0.7005326023950534,1.3604371254218772,-1.2121882051884687,-0.5788513623875221,-0.17086658264292695,-0.995168776940317,0.9915440680334553,-0.7159646470721233
0.283732126639372,-0.008008741484179342,1.1529385698210193,0.0314464624459359,0.7908427021154921,-1.1456335614314221,0.4894020002522976,-1.1555441745771275,0.5967923520088658,-0.8322376537474376,-0.05279659213193324,-0.9836691487361071,-0.8131718802369072,-0.7847683198908211,1.3604371254218772,1.2616652747879982,-1.1122549324573958,-0.0953054564427215,-1.6675656130665493,0.328303888746863,-0.7159646470721233
-0.9262870321780412,-0.6643361829628865,0.997216026016349,0.8309327958171733,-0.41776082862480163,-1.4544000382762914,-1.1104262323703697,-1.278592716147553,0.2784337462458867,-0.4438859721107425,-0.0686897389134602,1.0035412527509777,0.44283058261798136,-1.216197814789779,-0.4190751380468963,1.2616652747879982,0.9987575016326976,-1.6300975060505642,0.46407542061022955,-0.9981764698263215,0.6934145794478044
0.0038445576668345266,-0.45575843810762257,1.5578171837131627,-1.7007739265250785,-1.3811345410075948,-1.2087251635111786,-0.6741094416550969,-1.2129090580416497,-0.4502039077891008,-0.8322376537474376,1.6799978833539926,1.0035412527509777,-1.7103164965618276,-1.6584724726114723,-1.308831269781283,1.2616652747879982,0.9463212184732863,0.22496280323154377,1.3796796229948862,-1.2192565295885187,-0.7159646470721233
-1.099913659937096,-1.0759261479890978,0.5300483946023375,0.16469418467447547,-0.5830155315113036,-0.5223650075526146,-0.23779265093982396,1.0319469404959818,-0.970339094669461,-0.4438859721107425,-1.5123172382354926,0.6060991724535608,-0.27488511044195496,1.3505402648828435,-1.308831269781283,-1.2121882051884687,1.274500025143395,-1.4443141865858389,-1.3671329841590838,0.328303888746863,-1.420654260332087
0.5790504976628231,0.9489217483509352,-0.06169727185541027,-1.1677830376109202,-1.6655358444937478,-0.8483382849646903,-1.6921819533240672,-0.40044206806678556,0.280675708258302,0.721169072799343,-1.1812100136203476,-0.18878498814127317,-0.0954561871769709,-0.6045603387226269,1.3604371254218772,1.2616652747879982,1.494189970104377,-1.0588831208306624,0.056345424235812104,-0.5560163503019266,-1.420654260332087
-0.7152789854037852,-1.0047068466508358,-0.5911539207912898,-0.23504898201114324,-1.1636511912828897,0.6840228988815188,-0.23779265093982396,-1.015511468113883,-0.024231125430185043,-1.2205893353841328,1.5245982259346178,-1.5135919224659964,-0.9926008035018913,-0.8373599318723056,1.3604371254218772,1.2616652747879982,-0.5399761869417516,1.7084564735842012,-1.0810066709138786,1.2126241277956527,-0.7159646470721233
1.28133261909705,1.437070035488154,0.7480599559288762,-0.5015444264682224,0.6553746493789029,1.7011359990763824,-1.2558651626087942,-0.1481059039448994,0.6124860860957733,0.3328173911626478,1.659689973577597,-0.5862270684386901,-1.3514586500318595,-1.6935335472657953,-0.4190751380468963,1.2616652747879982,-1.2370171234228917,0.1216728233798868,-1.2026103540430908,0.9915440680334553,0.6934145794478044
1.525163375250507,1.818098151303103,0.1874587982320625,-1.4342784820679992,-0.9169932458634071,0.5358532273305753,0.19852413977544897,-0.10616541512793755,-1.0151783349177679,-1.2205893353841328,-0.545925618658756,-1.1161498421685794,-0.8131718802369072,0.1702002728125196,0.47068099368749056,0.02473853479976469,0.050384035525413685,0.7102177421319458,0.020579635080161453,1.2126241277956527,1.3981041927077682
1.1430230890085926,0.8823781349015324,1.4643836574303604,0.9641805180457129,-0.029718304069089457,-0.22602566445072766,0.19852413977544897,1.4319413545023782,0.6035182380461118,1.4978724360727331,0.21606247425556455,0.3411377855886162,1.3399751989429018,0.9061857128019953,-0.4190751380468963,0.02473853479976469,-1.4702681760975145,1.602393608367399,0.8789585748157771,1.2126241277956527,1.3981041927077682
0.8781878631737915,1.1362404832201756,1.4955281661912945,1.3639236847313316,-0.20721409605829533,1.0262470434959559,-1.4013040928472185,-0.3520891904637593,-0.01974720140535435,-1.6089410170208278,-0.9790138684553656,-1.6460726158984689,0.26340165935299725,1.0140430865267347,1.3604371254218772,-1.2121882051884687,1.6307051210883616,-1.0713611049738156,-1.5245024564439467,0.7704640082712578,-0.01127503381215943
-1.0993803769230732,-1.204337686999044,-1.1517550784881034,0.5644373513600942,1.1413458867562458,-0.7766432826013305,-0.8195483718935213,-0.4122269988087418,-1.4232154211773609,-0.8322376537474376,-1.290254659593602,1.2685026396159225,-0.9926008035018913,0.13335643165034963,-1.308831269781283,1.2616652747879982,-0.20727701103376261,0.41351900806141423,-1.545961929937337,-0.9981764698263215,1.3981041927077682
-1.3951116122154452,-1.3587324604363529,0.6546264296460739,-1.0345353153823806,-1.4717186003676035,-1.1513691616204909,-0.09235372070139966,-0.8853573065372784,-1.3178432065938397,-0.4438859721107425,-1.435500362124779,-1.6460726158984689,1.5194041222078858,0.323369628611702,-0.4190751380468963,-1.2121882051884687,-0.040023349232192036,-0.901521876358675,1.0005622579449893,0.328303888746863,0.6934145794478044
0.12801348654475558,0.3233826599950614,0.03173625442739201,1.6304191291884107,-1.5853567108710376,-0.6036193435644224,-1.2558651626087942,-0.8023428679284985,-1.4052797250780382,-1.6089410170208278,0.47079429905948283,1.5334640264808672,-0.8131718802369072,0.7458852909714252,-0.4190751380468963,-1.2121882051884687,-0.31214957735258525,0.7088312994493732,0.7502017338554348,1.43370418755785,1.3981041927077682
1.4803676020726035,1.8133739268617644,0.5611929033632717,0.4311896291315546,0.37240147295473214,1.0511013109819207,-0.6741094416550969,0.7182598133939117,-0.9591292846073843,-0.05553429047404732,-1.381640253587382,0.4736184790210885,0.44283058261798136,-1.0949696922561876,-0.4190751380468963,0.02473853479976469,0.5123657716367789,-1.3791513805049278,-0.937943514291276,0.9915440680334553,-0.7159646470721233
1.6363442823352956,2.161720764007179,0.685770938407008,-1.4342784820679992,1.4579820582128522,0.14296461437936384,-0.23779265093982396,0.6128886679364207,0.06768931707884414,-0.8322376537474376,-1.5167320012303613,1.6659447199133395,0.26340165935299725,1.4438383787934996,1.3604371254218772,-1.2121882051884687,-0.7804598303969829,-1.0810662037518237,-1.3599798263279537,-1.2192565295885187,-0.01127503381215943
0.9923448335303838,1.2545725981652112,-0.4042868682256853,-1.7007739265250785,-0.07235809777684121,-0.6217820774964735,-0.9649873021319455,1.3879211720250713,-1.190051371886165,-1.2205893353841328,-0.9481105274912854,0.8710605593185055,-1.7103164965618276,-0.19927808593875737,-0.4190751380468963,1.2616652747879982,-1.0326964338707028,-1.5129430993731814,-0.8592587781488445,0.10722382898466562,-1.420654260332087
0.8432320217384998,0.8647755452022983,0.5300483946023375,1.6304191291884107,1.5608072066755645,-1.5471255746662367,-1.5467430230856427,0.09885771822109496,-1.2528263082337947,-0.05553429047404732,-1.6836100424363944,-0.18878498814127317,-0.0954561871769709,0.23408273934370138,-0.4190751380468963,0.02473853479976469,1.004181944718154,0.5216615373020752,0.9147243639714278,0.7704640082712578,-0.7159646470721233
1.4409046590349268,1.5803337595568292,-0.4042868682256853,0.0314464624459359,1.693010968984766,-1.3310846342113125,0.6348409304907219,-0.8347514274688781,-1.5711849139967737,0.721169072799343,0.010775994994174613,0.7385798658860332,-1.5308875732968434,-0.291833380471144,-0.4190751380468963,-1.2121882051884687,0.7474249720065538,0.9327417926848444,-1.4529708781326454,-1.2192565295885187,-0.7159646470721233
-0.7553096168112281,-0.4970792231185087,0.8726379909726125,-1.1677830376109202,-0.5968887658277013,0.2376020174989987,0.6348409304907219,1.2841097968128392,-0.11166764391438354,1.1095207544360381,1.1259451274979833,-1.1161498421685794,0.08397273608801319,-0.28826784745545014,0.47068099368749056,1.2616652747879982,1.3893174037855545,0.7497313585852642,-1.596034034755248,0.9915440680334553,-0.7159646470721233
-0.786085207523697,-0.38410230779704513,0.685770938407008,-1.4342784820679992,-0.6548299209138329,0.4937921592774042,1.216596651444419,1.1376647015635302,-1.2326486501220566,-1.6089410170208278,-1.198427589300335,1.5334640264808672,-0.0954561871769709,0.9593715802860955,-1.308831269781283,0.02473853479976469,-1.4313930006517441,0.8856027414773767,-0.5945919383970297,-0.5560163503019266,-0.01127503381215943
-0.9996048452672209,-1.2756540614422651,0.5611929033632717,-0.23504898201114324,0.6888336262596267,-1.3769694357238629,-1.4013040928472185,-0.6701090126915485,1.583255637471618,1.1095207544360381,-0.7812324862852523,0.3411377855886162,-0.27488511044195496,0.44771759253402554,-0.4190751380468963,-1.2121882051884687,0.3261265590361111,1.0755453889898197,-1.596034034755248,0.7704640082712578,-0.01127503381215943
0.08027605545079175,-0.022100520554062596,0.7480599559288762,1.0974282402742523,-0.8113118432767304,-0.0004253903473556563,-0.09235372070139966,1.2225855260276266,1.1886703232865172,0.3328173911626478,-0.36271295437170903,-1.3811112290335241,0.6222595058829654,0.7588103481533155,1.3604371254218772,0.02473853479976469,1.4688759023722473,-1.4547125067051332,0.5284538410904007,-1.4403365893507163,-0.7159646470721233
1.4277790158188208,1.7491438890805513,-1.681211727423983,-1.1677830376109202,-0.9696299290050336,-0.5883244097269056,0.05308520953702465,-0.7891714747463121,0.9375705778959984,0.721169072799343,1.3736133315101118,-1.3811112290335241,-0.45431403370693907,0.18579947975618027,1.3604371254218772,1.2616652747879982,-1.4341052221944721,0.28457983858216457,-0.03664562756887959,1.43370418755785,1.3981041927077682
0.36850692319110306,-0.05602757073723732,-0.9960325346834331,1.3639236847313316,-0.9492281138338605,-0.17249339601941904,0.19852413977544897,-0.5548593223474179,0.16409368361270402,0.3328173911626478,-1.4809724209719255,-0.3212656815737455,0.08397273608801319,1.2379288471371788,1.3604371254218772,-1.2121882051884687,0.8206549536602143,1.0076096975437634,-1.324214037172303,0.10722382898466562,0.6934145794478044
-1.555148124455858,-1.4700591329735133,0.15631428947112838,-1.1677830376109202,-0.2465895993386594,-0.4726564725806852,0.9257187909675705,-1.5097853280559295,1.0810561466905806,0.721169072799343,-1.4884775180632022,1.6659447199133395,0.26340165935299725,0.3896291171533463,1.3604371254218772,-1.2121882051884687,-1.5796611116542174,-0.4959873917061962,1.4369048856439273,-1.6614166491129136,0.6934145794478044
-0.5108767669322616,-0.7036993270237659,-1.0271770434443672,-1.4342784820679992,-0.726032255861227,-1.4553559716411362,-0.5286705114166727,0.612715360131392,-1.3043914345193477,-0.05553429047404732,1.44557396832647,1.2685026396159225,0.8016884291479495,0.33911739943101654,-0.4190751380468963,1.2616652747879982,1.5276407024646912,-0.22355140458068487,-1.0667003552516183,-1.4403365893507163,-1.420654260332087
0.20472022717465996,0.02883050184776574,1.2775166048647557,-0.5015444264682224,-0.573630696532564,-0.9487112882733939,-0.09235372070139966,0.6924369504446253,0.5317754536488207,1.1095207544360381,0.2222431424483806,1.2685026396159225,-0.8131718802369072,1.6874831348659138,1.3604371254218772,0.02473853479976469,1.5999666102707757,1.542083351675492,-0.3156187829829547,-1.6614166491129136,1.3981041927077682
0.9650097783922547,0.5649814393872159,1.1529385698210193,1.0974282402742523,-0.7068545496003242,-0.45831747210801327,1.3620355816828436,0.10977610993790735,-1.6137821922326654,-0.8322376537474376,1.5281300363305126,0.20865709215614384,-0.9926008035018913,0.7271662426390324,0.47068099368749056,-1.2121882051884687,1.1533541295682035,0.6110870903280065,-0.7805740420064131,-1.6614166491129136,0.6934145794478044
-1.1608455449586526,-1.0290883748463744,0.8103489734507443,0.6976850735886337,-1.0220625939949486,-1.583451042530339,-0.8195483718935213,-0.621929442893551,0.24928824008448716,1.4978724360727331,1.0862122605441658,-0.9836691487361071,0.44283058261798136,-0.6519522150562246,0.47068099368749056,-1.2121882051884687,1.7464265735780968,-0.6117553557010064,1.8160222506938242,-1.6614166491129136,-0.01127503381215943
-0.08722641898593826,-0.5373807405273252,-0.4977203945084876,0.4311896291315546,-0.8396703663646611,1.011908043023284,0.4894020002522976,0.9019660867244057,0.22014273392308767,0.721169072799343,-0.4421786882793438,-0.18878498814127317,1.3399751989429018,0.36897873843745266,0.47068099368749056,-1.2121882051884687,1.650594745735035,-0.6984080233617924,-0.06525825889340012,1.2126241277956527,-0.01127503381215943
-0.9300544186319432,-0.8616534476429051,-1.0894660609662354,0.5644373513600942,1.2402946903364354,-0.23271719800464125,-0.3832315811782483,0.7967682490719435,1.2312676015224087,-0.05553429047404732,0.8248582912479446,0.8710605593185055,-1.1720297267668753,-1.2775546954348442,-1.308831269781283,-1.2121882051884687,0.6253750025837861,-1.6037550950816852,0.5141475254281405,1.2126241277956527,-1.420654260332087
0.5107902718679228,0.7357653887117712,0.7480599559288762,0.5644373513600942,-1.0069652507682805,0.7538060345151889,0.3439630700138733,1.1709398001290536,0.9891357041815513,-1.6089410170208278,0.70036197479265,-0.45374637500621784,0.6222595058829654,-0.672751157647772,-0.4190751380468963,0.02473853479976469,0.26284138970578713,0.46689705134045845,-1.324214037172303,-0.3349362905397292,0.6934145794478044
-1.1666084420456717,-1.2275219802334216,1.4332391486694263,0.16469418467447547,1.0870770584009255,1.4860509919863032,1.216596651444419,0.5600297874026465,-1.6451696604064803,0.3328173911626478,1.1144667437113247,-0.7187077618711625,1.1605462756779177,-0.323477485985427,0.47068099368749056,1.2616652747879982,-0.8003494550436561,0.04888458254482651,1.3296075181769753,1.2126241277956527,-0.7159646470721233
-1.7090432806960745,-1.4188207124059813,-0.06169727185541027,-1.567526204296539,-1.569851331340946,-1.6236002438538204,-1.1104262323703697,0.4385410160774802,0.702164566592387,0.3328173911626478,-0.5022194650095568,-0.9836691487361071,1.5194041222078858,0.3891834255263846,-0.4190751380468963,1.2616652747879982,-0.3302310543041064,-0.6027434782642846,0.5141475254281405,0.9915440680334553,-1.420654260332087
0.8780846471065612,0.746297820599824,0.8103489734507443,-0.10180125978260367,-0.512221232867333,-0.14763912853345434,-0.23779265093982396,1.2499681592221719,-0.9524033985701382,0.721169072799343,-0.8787987484718485,-1.2486305356010519,-0.9926008035018913,0.7506393349923504,-1.308831269781283,1.2616652747879982,0.35686506985369704,0.5292869720562244,1.3439138338392356,0.10722382898466562,1.3981041927077682
-1.0105285457157496,-0.6569586269860016,-0.9025990084006308,-1.4342784820679992,-1.0500130807794557,-1.62551211058351,0.19852413977544897,-1.622088785714571,1.20660601938584,-0.8322376537474376,-1.6138567871174705,0.8710605593185055,1.3399751989429018,-1.3206382193744786,1.3604371254218772,-1.2121882051884687,0.9689230646626877,-0.9555931409790055,-0.07956457455566038,0.7704640082712578,-0.7159646470721233
-0.6467435167629377,-0.5089544996251611,-0.8403099908787626,-0.5015444264682224,-0.37777327088930235,0.37047675521242546,-0.6741094416550969,0.45951126048596114,-0.48383333797533096,-1.6089410170208278,-0.7198672806565788,-1.3811112290335241,-0.9926008035018913,1.3502431371315355,-1.308831269781283,1.2616652747879982,0.3659058083294576,-1.1094882787445615,-1.3385203528345633,1.43370418755785,1.3981041927077682
-1.1745388765445248,-1.399923814640627,-0.5911539207912898,-0.6347921486967619,-0.4661131305804818,-1.3626304352511909,-1.4013040928472185,1.119120766425452,-0.01974720140535435,-0.4438859721107425,-0.3009062724435486,-1.2486305356010519,0.9811173524129336,-1.597264155842061,1.3604371254218772,-1.2121882051884687,0.021453672402979854,-1.2633834165101177,-0.9737093034469266,1.2126241277956527,0.6934145794478044
-0.31364806513323623,-0.19637910165714229,0.06288076318832611,1.6304191291884107,-0.5964807295242779,-1.0223181573664433,-0.3832315811782483,-1.6300609447458942,-0.8604829560611091,-1.6089410170208278,-1.290254659593602,-0.3212656815737455,0.26340165935299725,0.6515472299311916,-1.308831269781283,-1.2121882051884687,0.15254438030150813,-0.2519734795734227,1.6514996205778312,-0.9981764698263215,-0.7159646470721233
1.005522084780105,0.40675227830402627,-1.650067218663049,0.4311896291315546,-0.6550339390655446,-0.8798840860045686,-0.09235372070139966,-1.0357884813022489,-0.6833679570802967,-1.6089410170208278,-0.5295909955777421,-1.1161498421685794,-0.45431403370693907,-1.29790794639943,-0.4190751380468963,0.02473853479976469,-0.766898722683342,1.03811143656036,-1.0094750926025773,-1.2192565295885187,-0.01127503381215943
1.4653668669684823,1.4507573432873746,-0.5600094120303558,0.16469418467447547,1.6409863402982747,-0.018588124279406794,0.6348409304907219,0.583599648886559,-0.7932240956886487,-0.05553429047404732,-1.0889414670275939,-0.8511884553036348,-0.27488511044195496,0.20823262497992084,-1.308831269781283,1.2616652747879982,1.1569704249585078,1.6398275607968587,-0.6017450962281599,-0.5560163503019266,-0.7159646470721233
1.5283974786903862,1.4312618280414398,0.06288076318832611,0.0314464624459359,0.14267703412732313,1.467888258054252,-0.23779265093982396,-1.0768624310940669,1.1079596908395646,0.721169072799343,-0.1618412381051877,-0.8511884553036348,1.5194041222078858,0.013911075624605099,0.47068099368749056,1.2616652747879982,1.2546104004967218,-1.3320123292974602,-0.09387089021792064,-0.5560163503019266,-1.420654260332087
0.5782247691249817,0.2785834220564773,-0.09284178061634436,-0.5015444264682224,0.6812849546462927,-0.16675779583035027,-1.6921819533240672,-1.0366550203273928,-0.853757070023863,0.3328173911626478,-0.16139976180570081,1.6659447199133395,-0.8131718802369072,0.03738416797792306,-0.4190751380468963,-1.2121882051884687,-0.9829723722540197,0.41351900806141423,-0.3799972034631259,-0.777096410064124,-0.01127503381215943
-1.176241941653823,-1.4674219802887933,1.028360534777283,-1.7007739265250785,0.5250070504351069,-0.8894434196530165,0.3439630700138733,1.5348861906894664,-0.20358808642341272,-0.4438859721107425,0.3167190705385686,-1.3811112290335241,0.44283058261798136,-0.323477485985427,-0.4190751380468963,1.2616652747879982,-0.9748357076258352,-1.1122611641097067,0.3138591061564968,0.10722382898466562,1.3981041927077682
1.299705079064024,0.7125487377757408,0.8414934822116784,0.0314464624459359,1.2358062909987773,-0.4822158062291332,-0.23779265093982396,-0.5624848657686836,-0.7752883995893259,-1.6089410170208278,1.1886347620251172,0.3411377855886162,0.9811173524129336,-1.4763331610597774,0.47068099368749056,0.02473853479976469,-1.3382733943514102,-0.9923338720671788,-0.08671773238679051,-0.5560163503019266,1.3981041927077682
-0.25371393542823806,-0.17460236844467056,-0.7780209733568945,0.6976850735886337,-1.5314959188191406,-0.6103108771183359,-1.6921819533240672,1.5820259136572912,-1.6586214324809723,1.1095207544360381,-0.6858736055960906,-1.1161498421685794,0.44283058261798136,-1.5240221651446828,-1.308831269781283,0.02473853479976469,0.608197599479841,-1.6044483164229715,-1.488736667288296,1.6547842473200474,-1.420654260332087
0.14404638232117875,0.3401439494513175,-0.6222984295522239,-0.3682967042396828,0.6382371246351175,-0.1591103289115919,-1.4013040928472185,1.4723220730740811,-0.2417014406344736,1.1095207544360381,0.5003732111251025,-1.5135919224659964,0.44283058261798136,-0.2512754424176262,1.3604371254218772,0.02473853479976469,1.3630992622058486,-1.007584741575477,1.3439138338392356,0.7704640082712578,1.3981041927077682
-1.2644572737798938,-1.5293222635509902,-1.5254891836193127,-1.7007739265250785,-0.7460260347289767,-1.3148337670089512,-0.23779265093982396,0.7865430885752462,-0.6407706788444052,-0.8322376537474376,-1.3957674951709615,-0.8511884553036348,0.26340165935299725,0.9127225233307674,-1.308831269781283,1.2616652747879982,1.4345210961643573,-1.398561578060944,-0.7948803576686734,-1.4403365893507163,-1.420654260332087
-1.5113157012387697,-1.1845509524382323,-1.4320556573365104,-0.6347921486967619,0.5280673227107828,0.9669791748755786,1.0711577212059948,0.467830035127342,-0.4412360597394394,-0.8322376537474376,1.6305525378114643,-1.1161498421685794,1.5194041222078858,0.5386386844342191,-1.308831269781283,-1.2121882051884687,-0.5978369131866194,-0.8564624891750663,1.0148685736072496,1.2126241277956527,0.6934145794478044
1.285667693920718,0.7579789508965584,0.37432585079766706,-0.7680398709253015,1.5214317033952005,0.8627824381074958,0.4894020002522976,-0.0945537921910101,-0.20134612441099736,1.1095207544360381,-0.8973407530502966,-1.3811112290335241,-0.27488511044195496,-0.26197204146470787,-1.308831269781283,0.02473853479976469,0.2881554574379167,-0.32060239236076526,0.6715169977130033,-0.3349362905397292,-1.420654260332087
-1.3889186481816338,-1.0403164973199668,-1.4943446748583786,-0.9012875931538411,-1.585764747174461,0.899107905971598,-0.8195483718935213,0.9709425931258554,0.08786697519058226,-0.4438859721107425,0.04918443304953144,-1.2486305356010519,0.08397273608801319,-0.6883503645914327,0.47068099368749056,0.02473853479976469,0.8441608736971918,0.8814434134296589,0.6572106820507431,-0.777096410064124,1.3981041927077682
-1.2512972252080443,-0.9330183586386054,-0.8403099908787626,-0.23504898201114324,0.9040727763155029,0.045459411165194585,1.0711577212059948,1.2283046835935758,-0.7483848554403418,0.721169072799343,-1.0346398821907101,-1.3811112290335241,-0.27488511044195496,0.35545942575294676,-0.4190751380468963,1.2616652747879982,-0.6421365317178461,1.580903746787524,0.6285980507262225,-0.9981764698263215,-0.7159646470721233
0.350925786406227,0.701757444274464,1.2463720961038216,-1.3010307598394597,-0.06542148061864236,-1.6618375784476123,0.3439630700138733,-0.6255689067991551,-0.45468783181393146,-1.6089410170208278,0.008127137197253453,1.1360219461834502,1.1605462756779177,0.4994178212615866,0.47068099368749056,0.02473853479976469,-1.3418896897417143,1.4283950517045405,-1.431511404639255,0.7704640082712578,0.6934145794478044
-0.7714629313327531,-1.0160967576326934,0.28089232451486473,0.0314464624459359,1.7219815465278319,-0.4200801375142214,-1.5467430230856427,0.8186050325055684,-0.4277842876649473,0.3328173911626478,-1.3604493912120128,-1.5135919224659964,0.44283058261798136,0.3530824037424842,-0.4190751380468963,0.02473853479976469,-1.0788042000970817,0.5895972287481315,-1.0953129865761388,0.10722382898466562,1.3981041927077682
1.0115430220351995,0.9458963032463793,0.0005917456664579177,-1.3010307598394597,-1.340126892513537,0.8044705028519631,-0.6741094416550969,-1.0569320335157586,-0.6721581470182201,-1.2205893353841328,-1.5220297168242036,-1.5135919224659964,1.5194041222078858,-0.4083074589838103,-0.4190751380468963,-1.2121882051884687,0.19051548189970255,-1.1233527055702872,-0.7305019371885022,-0.11385623077753179,1.3981041927077682
1.4267124497907755,1.61728625484456,-0.15513079813821254,-0.10180125978260367,-0.9963563068792705,-0.8655450855318967,1.652913442159692,-0.16422352981257482,0.5945503899964505,-0.4438859721107425,-1.0955636115198968,1.6659447199133395,-0.6337429569719232,-0.011790474863521526,0.47068099368749056,1.2616652747879982,0.4282869038122056,-0.061337610719693354,0.9433369952959483,-1.6614166491129136,-1.420654260332087
-0.8931546745971496,-0.8625756421400157,1.0595050435382172,0.8309327958171733,1.5136790136301548,1.1677251814929859,-0.3832315811782483,-0.3325054084955085,-0.89859631027217,0.3328173911626478,0.7502487966346653,-1.3811112290335241,-0.8131718802369072,-0.7921965136735166,0.47068099368749056,0.02473853479976469,-1.255098600374413,-1.6245517353202739,0.7001296290375238,1.6547842473200474,0.6934145794478044
-0.22133849567370115,-0.6472674953409269,-0.6845874470740921,-1.4342784820679992,-0.5322150117350827,0.9335215071060107,-1.6921819533240672,1.6856639810644944,-0.062344479641245926,1.1095207544360381,0.3948603755477429,-1.6460726158984689,0.9811173524129336,-0.4992285508840039,1.3604371254218772,-1.2121882051884687,-1.6122077701669555,-1.5982093243513948,0.3353185796498872,0.328303888746863,-0.7159646470721233
0.6409629353230667,0.6028561291720571,1.2775166048647557,-1.1677830376109202,-1.0457286995935093,-1.3349083676706919,-0.3832315811782483,0.21861341149597363,0.3972577329039,1.1095207544360381,0.943173939510423,-0.18878498814127317,1.3399751989429018,-0.45139098292344454,1.3604371254218772,0.02473853479976469,-0.4305832513850487,0.9084790457398242,-1.6961782443910698,0.7704640082712578,-0.01127503381215943
1.4747251237306864,1.1874141883844014,0.34318134203673295,1.4971714069598712,1.5644795334063757,-1.2851998326987624,-0.5286705114166727,1.2614064743540705,1.6639662699185704,-1.6089410170208278,-1.1794441084224,0.07617639872367149,-0.45431403370693907,1.5057895149411806,-0.4190751380468963,0.02473853479976469,0.06394514323905454,-1.521261755468617,-0.8449524624865843,1.2126241277956527,-0.01127503381215943
-0.7974217722411464,-0.5880205436142765,-0.964888025922499,-0.10180125978260367,-0.9520843679578248,-0.6542838119011966,1.216596651444419,1.4068117227732069,0.38380596082940793,1.4978724360727331,-1.0814363699363172,-0.5862270684386901,0.26340165935299725,-0.09186640384097962,1.3604371254218772,1.2616652747879982,-0.23439922646104433,-0.12788685948317705,-0.60889825405929,-0.3349362905397292,-1.420654260332087
0.8855850146586218,0.8555536002311921,-0.3731423594647512,0.8309327958171733,-0.8515034191639415,-0.029103391292699555,0.3439630700138733,1.5303801877587184,-0.08700606177781472,-0.05553429047404732,-1.3158602849638399,-1.6460726158984689,0.9811173524129336,1.6331087563765825,-0.4190751380468963,0.02473853479976469,0.7420005289210975,-0.843984505031913,0.17079594953389418,0.328303888746863,1.3981041927077682
0.7891984105434942,0.9221619290839009,-0.5288649032694217,0.29794190690301503,0.253458890506793,-1.4735187055731873,-0.3832315811782483,-1.5992121554507737,0.40398361894114604,-1.6089410170208278,-0.9282440940143768,-0.45374637500621784,1.5194041222078858,-1.1032892692928065,-1.308831269781283,0.02473853479976469,-0.6475609748033024,-1.66822467982131,-0.16540246852922194,0.7704640082712578,-1.420654260332087
-1.502748767658664,-1.5977264448454407,-0.3419978507038171,-0.5015444264682224,1.682402025095756,0.8790333053098572,0.7802798607291462,-0.807195486469304,-1.2842137764076094,-0.05553429047404732,-1.198427589300335,1.4009833330483947,-0.6337429569719232,0.39913720519519663,-1.308831269781283,0.02473853479976469,-0.9694112645403788,-1.514329542055754,-0.008032996244359068,0.7704640082712578,-0.7159646470721233
1.331960100073459,1.4262949208377036,-0.030552763094476177,-0.10180125978260367,-1.0175741946572905,-0.7030364135082812,-0.3832315811782483,0.0770209347874702,-0.8851445381976779,0.721169072799343,0.7409777943454412,-0.3212656815737455,1.5194041222078858,-1.0266303094553884,-0.4190751380468963,0.02473853479976469,-1.2777004465638142,0.6672380189721958,0.2852464748319763,-0.3349362905397292,-0.01127503381215943
-0.3523884957003017,-0.7033595711564093,0.5300483946023375,0.9641805180457129,1.4094257381054602,0.4106259565359069,-0.9649873021319455,0.44737971413394734,0.32551494850660895,-1.2205893353841328,-1.2129963071834016,0.4736184790210885,0.8016884291479495,1.6750037693109854,0.47068099368749056,1.2616652747879982,1.682237330400197,0.33379855381349105,-0.02949246973774946,0.7704640082712578,0.6934145794478044
0.37616211484400897,0.26615806462172376,-0.09284178061634436,0.16469418467447547,-1.488652106959677,0.4622463582375259,-1.6921819533240672,0.7026621109413226,-1.2730039663455328,-0.8322376537474376,0.5105271660133002,-0.45374637500621784,-0.45431403370693907,1.1210090769975507,0.47068099368749056,-1.2121882051884687,0.5195983624173873,1.388188213909936,1.5513554109420093,0.328303888746863,-1.420654260332087
1.6784564377652138,2.036771499074104,-1.2140440960099717,-0.10180125978260367,-1.6337090128267178,0.08560861248867604,0.6348409304907219,0.9258825638183757,-1.429941307214607,-1.2205893353841328,-1.5162905249308745,-0.5862270684386901,-1.1720297267668753,-0.08072411316693628,-1.308831269781283,0.02473853479976469,0.31437359901762235,1.0374182152190738,0.7859675230110854,0.5493839485090605,-1.420654260332087
-1.180129746852827,-0.9761997114945393,0.9660715172554148,0.4311896291315546,-1.3191130228872288,1.0205114433068871,-0.8195483718935213,1.2440756938511937,-1.0174202969301833,1.4978724360727331,0.9634818492868187,0.3411377855886162,-0.9926008035018913,-0.6158511932723242,-0.4190751380468963,0.02473853479976469,0.5467205778446691,0.06829478010084258,0.8932648904780374,-1.6614166491129136,0.6934145794478044
1.0846716056677908,1.2420825253271517,-1.2763331135318399,-1.4342784820679992,-1.6732885342587935,-1.127470827499371,1.0711577212059948,-1.0002603812713515,0.7066484906172178,-1.2205893353841328,-0.8200824006400961,-0.8511884553036348,-1.1720297267668753,0.6020754593384392,-1.308831269781283,1.2616652747879982,-0.13675925092283014,0.5216615373020752,-1.538808772106207,-0.9981764698263215,-0.01127503381215943
0.09660139675103378,0.06432690056111116,-0.9960325346834331,-0.7680398709253015,0.0663742453871358,1.4908306588105271,1.0711577212059948,0.8061268705434971,1.3411237401307607,-1.2205893353841328,-0.15080433061801618,-1.1161498421685794,-1.7103164965618276,-0.8045273153527912,-0.4190751380468963,1.2616652747879982,0.6543053657062199,-0.3303074911387733,-1.1167724600695292,-0.3349362905397292,0.6934145794478044
0.43891748371996575,0.1910073025326219,0.9349270084944807,-1.3010307598394597,1.6220126521890839,-0.28816133316563947,1.3620355816828436,-0.1248826580710445,0.11701248135198175,0.721169072799343,0.8089651444664177,1.6659447199133395,-1.1720297267668753,0.5545350191291877,1.3604371254218772,0.02473853479976469,-1.2315926803374353,-1.537899067659488,-0.7018893058639817,1.43370418755785,-1.420654260332087
0.8165678710373668,0.6445328489011264,0.5923374121242057,-0.5015444264682224,-1.4458082951002136,0.7996908360277392,1.216596651444419,0.8364557364235314,-1.4837483955125752,0.3328173911626478,1.7678516669518778,-1.1161498421685794,0.8016884291479495,0.527199266008868,0.47068099368749056,-1.2121882051884687,-1.193621578739241,0.33449177515477735,0.09211121339146276,-0.3349362905397292,-0.01127503381215943
1.4569891628449652,1.4096954198897125,0.31203683327579884,-1.4342784820679992,-0.5071207790745398,0.8417519040809102,-1.1104262323703697,0.31046654816122066,1.3321558920810992,0.3328173911626478,-0.052355115832446376,1.2685026396159225,-0.9926008035018913,-0.3491790364735537,0.47068099368749056,0.02473853479976469,-1.527224828494806,1.0498961993622271,-0.3656908878008656,1.6547842473200474,1.3981041927077682
1.2438995920482336,0.7911779527925406,1.0906495522991513,0.4311896291315546,0.05943762822893694,-1.2192404305244713,1.5074745119212678,0.1527564455850418,1.0227651343677815,0.3328173911626478,0.39971661484209836,0.8710605593185055,0.44283058261798136,-1.375161161739464,-1.308831269781283,-1.2121882051884687,1.3748522222243373,-0.793379347118014,-0.8950245673044952,-0.9981764698263215,-1.420654260332087
0.5244491980980516,0.9421913464071103,0.15631428947112838,-0.3682967042396828,-0.1258108535253147,1.2958202523821887,1.652913442159692,-0.3439437236274072,-1.196777257923411,-0.8322376537474376,0.9193342193381326,-0.056304294708800835,0.6222595058829654,-1.3907603686831245,-1.308831269781283,1.2616652747879982,-0.8527857382030675,-1.0470983580287956,-1.603187192586378,-1.2192565295885187,0.6934145794478044
-0.03974702806004992,0.04805097662965013,1.6201062012350307,-1.7007739265250785,-0.509977033198504,-0.468832739121306,-1.2558651626087942,0.8650515242532781,0.054237545004352065,-0.8322376537474376,0.5908758525199087,0.7385798658860332,1.3399751989429018,-0.7318795801580287,-0.4190751380468963,0.02473853479976469,0.03863107550692494,0.78785853235601,0.7430485760243046,0.328303888746863,-0.7159646470721233
-0.8204905632670944,-0.6129197950362631,0.0005917456664579177,0.4311896291315546,-0.3879741784748889,-1.3893965694668453,0.9257187909675705,-1.5499927388226036,1.2088479813982553,-1.2205893353841328,-0.978130915856392,-1.5135919224659964,-0.9926008035018913,-1.6786771597004042,0.47068099368749056,0.02473853479976469,0.324318411340959,1.4069051901246656,1.422598569981667,-1.2192565295885187,-0.01127503381215943
-0.8921397166027193,-0.7292457324788125,1.1840830785819534,0.9641805180457129,1.6434345581188157,-0.9821689560429618,-0.8195483718935213,1.5513504321671994,0.49590406145017524,1.4978724360727331,-0.44085425938088324,-0.18878498814127317,1.3399751989429018,-1.0330185561085066,-1.308831269781283,0.02473853479976469,-0.1964281248628499,0.43916819768900694,1.4583643591373177,-1.2192565295885187,1.3981041927077682
-1.3753973433744786,-1.5618255748614327,0.34318134203673295,-0.5015444264682224,-0.999008542851523,-1.2641692986721769,0.4894020002522976,-0.3782586690231033,-1.443393079289099,1.4978724360727331,-0.5176711354915969,-1.6460726158984689,-0.45431403370693907,-0.2928733276007214,0.47068099368749056,0.02473853479976469,0.8242712490505186,0.33518499649606365,-1.4958898251194261,-0.5560163503019266,-0.01127503381215943
-1.3905701052573167,-1.3180750083093533,-0.7780209733568945,0.4311896291315546,1.6693448633862054,-0.5042022736205635,0.05308520953702465,-1.3659398498820519,0.8277144392876464,-1.2205893353841328,0.3935359466492823,0.3411377855886162,-0.27488511044195496,1.4759281759347445,-1.308831269781283,-1.2121882051884687,-0.528223226923263,0.6963533153062199,-0.7877271998375432,-0.3349362905397292,-0.01127503381215943
-1.4599485051138776,-1.6282721152058763,0.46775937708046933,1.3639236847313316,0.5299034860761884,1.2394201838563457,1.3620355816828436,-1.333704598146701,-0.5981734006085137,1.1095207544360381,-1.4505105563073322,1.6659447199133395,1.5194041222078858,1.2654131641331523,-1.308831269781283,0.02473853479976469,-1.5181840900190455,0.6665447976309096,0.4497691049479693,-1.2192565295885187,1.3981041927077682
0.43127949474493155,0.8571714853138424,-0.653442938313158,1.3639236847313316,-1.394599739020569,-1.3186575004683303,-1.5467430230856427,1.132465467412667,0.6505994403068341,-0.4438859721107425,0.6376723402655159,-0.18878498814127317,0.6222595058829654,0.620794507670832,0.47068099368749056,-1.2121882051884687,-1.700807007229409,-1.3826174872113592,-1.6461061395731589,-0.3349362905397292,1.3981041927077682
1.014656706729977,1.3710441452651991,0.997216026016349,1.0974282402742523,-1.5527138065971606,0.4373920907515612,0.4894020002522976,-1.3915894050263096,0.09683482324024364,0.721169072799343,0.8010185710756541,-1.1161498421685794,0.6222595058829654,1.7100648439653083,1.3604371254218772,1.2616652747879982,-1.2695637819356298,-1.040859365957219,-0.13678983720470142,-0.9981764698263215,1.3981041927077682
-0.06957647148957542,-0.21467738194191605,-0.3731423594647512,0.0314464624459359,-1.28626610046164,-0.7938500831685369,-0.6741094416550969,-1.1652494116587386,1.0227651343677815,-1.6089410170208278,-0.8929259900554279,0.07617639872367149,1.3399751989429018,1.0611378351090246,-1.308831269781283,-1.2121882051884687,1.4535066469634543,-0.27762266920101536,1.2366164663722836,-1.4403365893507163,-1.420654260332087
-1.4723000278257572,-1.6468130782530477,-0.9960325346834331,-0.5015444264682224,-1.3813385591593066,-0.49655480670180513,-0.09235372070139966,-0.3006167723702152,-0.3381058071683335,-0.8322376537474376,0.4778579198512726,-0.056304294708800835,0.9811173524129336,1.4970242462775998,-1.308831269781283,1.2616652747879982,-1.495582243829644,-1.2633834165101177,-0.8234929889931939,-0.3349362905397292,0.6934145794478044
1.4526196826655537,1.6673921558542366,-0.310853341942883,-0.7680398709253015,1.2915032464160798,1.0654403114545927,-0.3832315811782483,0.39608060384543203,0.8523760214242152,-0.05553429047404732,1.4283563926464824,1.0035412527509777,-0.45431403370693907,0.8605766029762446,0.47068099368749056,0.02473853479976469,0.8043816244038453,1.3777898937906414,0.09926437122259289,-0.9981764698263215,-1.420654260332087
-0.16460406405283892,0.18938941744997173,1.0906495522991513,0.8309327958171733,1.5769246406607913,-0.6313414111449215,-1.4013040928472185,-0.5316360764735629,-1.0510497271164134,1.4978724360727331,-0.8805646536697959,-0.45374637500621784,1.3399751989429018,-0.6780994571713129,-1.308831269781283,0.02473853479976469,0.9047338214847878,-0.8911235562393807,-1.6103403504175082,-0.11385623077753179,0.6934145794478044
1.2030260294250776,1.4509676683481192,-1.2763331135318399,-1.7007739265250785,1.6617961917728714,1.548186660701215,-1.5467430230856427,-0.15261190687564738,-0.40312270552837853,0.721169072799343,-0.6280402103633119,-1.3811112290335241,-1.5308875732968434,-0.3454649395822059,1.3604371254218772,0.02473853479976469,-1.7098477457051697,0.4759089287771802,-0.3370782564763451,1.43370418755785,-1.420654260332087
-0.7156230389612193,-0.9241847060873354,-0.9960325346834331,1.0974282402742523,1.2082638405176935,0.35900555483428787,-1.5467430230856427,0.04530560646720566,-1.5353135217981282,1.4978724360727331,1.0451549646918878,-0.18878498814127317,-1.7103164965618276,1.259322045231342,0.47068099368749056,0.02473853479976469,1.2202555942888316,1.6592377583528746,-0.9522498299535362,-1.6614166491129136,-0.01127503381215943
1.545204494971036,1.879529247891331,0.0005917456664579177,0.0314464624459359,-1.2917745905578568,1.435386523649529,-1.2558651626087942,1.454471369156118,0.10131874726507432,-0.05553429047404732,1.3903894308906124,0.6060991724535608,0.8016884291479495,0.35917352264429453,0.47068099368749056,-1.2121882051884687,-0.36820215590230077,0.9570045396298644,0.9862559422827291,-0.11385623077753179,-0.7159646470721233
-1.6593103389689936,-1.7219961980438026,0.997216026016349,-0.6347921486967619,-1.1018336913142353,-0.7479652816559866,0.7802798607291462,-0.007726581871597341,-0.1296033400137063,0.721169072799343,-1.5745653964631399,0.8710605593185055,-0.27488511044195496,0.0566974718129315,0.47068099368749056,1.2616652747879982,-0.8518816643554914,1.7555955247916688,-1.6961782443910698,-0.9981764698263215,-0.01127503381215943
0.8356456407970806,0.9642107623819797,1.6201062012350307,-0.6347921486967619,-0.4783542196831857,0.011045810030781904,0.3439630700138733,-1.5896802261741914,0.338966720581101,-1.6089410170208278,-0.027190966761695353,-1.5135919224659964,0.26340165935299725,0.6335710009770684,-0.4190751380468963,0.02473853479976469,-1.5633877823978484,1.5940749522719635,1.694418567564612,-1.2192565295885187,-0.01127503381215943
1.0245310438283322,1.0249785260863211,-1.4632001660974445,0.16469418467447547,-0.47162162067669855,-0.7164194806161084,-0.5286705114166727,-0.21378956205080246,0.592308427984035,-0.8322376537474376,-0.8916015611569674,1.0035412527509777,-0.8131718802369072,-0.9890436489149489,-1.308831269781283,-1.2121882051884687,-1.3563548713029312,-1.478282032308867,-1.0667003552516183,1.43370418755785,1.3981041927077682
-0.2967378327853564,-0.6930860008815806,1.1217940610600854,-0.7680398709253015,-1.2670883942007374,1.0711759116436614,-0.5286705114166727,-0.22574780059778746,-1.6048143441830038,0.3328173911626478,0.24034367072734186,1.2685026396159225,-1.5308875732968434,1.2195069265560938,-0.4190751380468963,0.02473853479976469,-1.3753404221020284,-1.257144424438541,0.11357068688485315,1.43370418755785,-1.420654260332087
0.5767625415058872,0.09170151615955256,-0.9025990084006308,-0.3682967042396828,0.8090003176178362,1.520464593120716,1.3620355816828436,0.6745862465266622,-1.3514726367800698,0.721169072799343,1.4530790654177466,-0.45374637500621784,-0.9926008035018913,-1.583893407033209,0.47068099368749056,1.2616652747879982,1.1388889480069866,0.3490494233217894,-0.5159072022545983,1.2126241277956527,-0.01127503381215943
0.39480981765693035,0.8146372864909686,-0.5600094120303558,0.8309327958171733,-1.4653940376645398,-1.098792826554027,-0.09235372070139966,-1.4343964328684153,-0.3448316932055795,-0.8322376537474376,1.583756050065857,0.7385798658860332,-1.7103164965618276,-1.1869307312859585,-0.4190751380468963,0.02473853479976469,0.11186105716058557,1.189233688960771,1.1293190989053317,0.7704640082712578,-0.7159646470721233
-0.019379057459958687,0.2759462693717575,-1.587778201141181,1.0974282402742523,-0.6703353004439244,-0.23462906473433084,1.216596651444419,-1.2421980770915115,-1.3245690926310858,-0.4438859721107425,0.33040483582266134,0.4736184790210885,1.5194041222078858,1.3643567053186572,1.3604371254218772,1.2616652747879982,0.9345682584547976,-1.0082779629167635,1.3582201495014958,-1.4403365893507163,1.3981041927077682
0.4022241718196325,0.5337886149937201,0.34318134203673295,0.16469418467447547,0.44523595311582004,-0.6724465458332477,-0.8195483718935213,1.5790796809718022,-0.3336218831435028,-0.4438859721107425,-0.5256177088823604,-0.7187077618711625,0.26340165935299725,-0.5801958631153855,1.3604371254218772,0.02473853479976469,0.9906208370045131,-1.0415525872985052,0.7931206808422155,-0.11385623077753179,0.6934145794478044
1.576823016899218,2.075374237146138,-0.09284178061634436,-0.23504898201114324,-1.140801158291176,-0.3483851351508616,0.7802798607291462,1.1837645777011825,-1.3290530166559165,0.3328173911626478,0.6487092477526875,0.3411377855886162,-0.45431403370693907,0.4814415923074634,1.3604371254218772,-1.2121882051884687,0.3288387805788393,-0.985401658654316,1.644346462746701,-0.11385623077753179,0.6934145794478044
1.3121426151652622,1.3432327006944422,-1.1828995872490375,0.8309327958171733,0.0663742453871358,1.3895017221369788,-0.3832315811782483,0.2520618178665259,-0.23945947862205824,-1.2205893353841328,-1.419607215343252,0.07617639872367149,0.6222595058829654,0.7543534318836981,-0.4190751380468963,1.2616652747879982,0.050384035525413685,-0.572241739247688,1.5513554109420093,-0.5560163503019266,0.6934145794478044
-1.6578309086720273,-1.7859673742117916,-0.06169727185541027,-0.6347921486967619,1.4675709113433035,1.1820641819656579,-1.2558651626087942,-0.9699315153913172,-1.5241037117360514,0.721169072799343,-1.6275425524015632,1.2685026396159225,-0.8131718802369072,-1.3487167918730676,-0.4190751380468963,1.2616652747879982,1.430000726926477,1.309160981003299,1.6228869892533107,0.9915440680334553,0.6934145794478044
-0.1297342360069057,-0.4729403776853677,1.0595050435382172,0.5644373513600942,-0.05950495421900217,1.0616165779952134,-0.3832315811782483,-1.0116986964032502,-0.134087264038537,0.3328173911626478,0.42488076391284935,0.8710605593185055,-1.1720297267668753,-1.4839099187181268,-1.308831269781283,1.2616652747879982,1.6298010472407856,0.31854768430519276,1.7373375145513927,1.43370418755785,0.6934145794478044
1.1169954373887125,0.9949344001015069,1.5889616924740968,0.0314464624459359,0.26039550766499187,1.2403761172211905,0.4894020002522976,-0.9233117158385785,1.6886278520551392,-0.8322376537474376,0.9029995962571188,1.5334640264808672,1.5194041222078858,0.7755980661022074,-1.308831269781283,-1.2121882051884687,1.5366814409404517,-1.6529738103130116,0.4283096314545789,0.7704640082712578,0.6934145794478044
-0.016970682557920874,-0.19524658209928714,-1.0271770434443672,0.4311896291315546,0.19368157205525585,1.3005999192064126,-1.2558651626087942,-0.36872673974652104,-0.31568618704418,1.1095207544360381,-0.48058712633470063,-1.5135919224659964,1.5194041222078858,0.8160074402800712,1.3604371254218772,0.02473853479976469,-0.5842758054729784,0.4842275848726157,-0.5731324649036393,-0.5560163503019266,-0.7159646470721233
-1.5386851617326425,-1.2930948626332341,1.2152275873428875,1.3639236847313316,-0.2651552511444269,-0.040574591670837115,0.6348409304907219,-0.1075518775681677,0.9599901980201518,0.3328173911626478,-1.3547101993186836,-0.18878498814127317,-0.0954561871769709,-0.8979739931391013,-1.308831269781283,0.02473853479976469,-0.765994648835766,1.066533511553098,-0.13678983720470142,-0.11385623077753179,-0.7159646470721233
-0.4268760908847569,-0.05112537893680721,-0.6845874470740921,0.8309327958171733,-0.964121438908817,-0.8196602840193464,1.3620355816828436,-0.1052988761027937,-1.0331140310170908,-1.2205893353841328,-0.9662110557702467,0.6060991724535608,1.1605462756779177,-0.8822262223197868,-1.308831269781283,1.2616652747879982,1.5619955086725812,-1.4713498188960041,1.7731033037070434,-0.3349362905397292,-1.420654260332087
0.47454422959225373,0.7846093393569807,-1.6189227099021148,-0.23504898201114324,-0.3155477346172244,-0.6227380108613183,0.9257187909675705,0.7343774392615872,1.6819019660178933,1.1095207544360381,0.16970746280944424,-1.1161498421685794,0.8016884291479495,-0.26836028811782603,-1.308831269781283,1.2616652747879982,0.8360242090690073,-1.0159033976709126,-0.11533036371131103,1.2126241277956527,0.6934145794478044
-0.5415147362217569,-0.8659084854102751,-1.1828995872490375,-0.6347921486967619,-0.8949592854785402,-0.34169360159694806,-1.4013040928472185,-0.42453185296578433,1.6594823458937398,-1.2205893353841328,-0.5313569007756895,-0.9836691487361071,1.1605462756779177,-0.0716617167520477,0.47068099368749056,0.02473853479976469,0.5557613163204297,1.21557609992965,0.7215891025309142,-1.2192565295885187,-0.01127503381215943
-1.554804070898424,-1.5362629905555596,1.0906495522991513,1.6304191291884107,0.44911229799834296,-0.981213022678117,0.7802798607291462,-1.485348927546873,1.233509563534824,-1.6089410170208278,-0.8249386399344515,-1.1161498421685794,1.5194041222078858,0.12726531274853928,-0.4190751380468963,1.2616652747879982,-1.0552982800601043,-0.190276780198943,-0.02233931190661933,-0.777096410064124,0.6934145794478044
-0.8840200526472776,-0.6832654384298938,-0.5911539207912898,-1.1677830376109202,-0.3461504573739841,0.7595416347042577,-1.4013040928472185,1.2444223094612512,1.6415466497944171,-0.4438859721107425,-1.7025935233143294,0.07617639872367149,-1.3514586500318595,0.6845284103263599,-0.4190751380468963,1.2616652747879982,-1.1203915970855804,-1.4768955896262945,-0.20832141551600272,0.10722382898466562,1.3981041927077682
-0.01284203986871319,0.09710525233560424,-0.7780209733568945,0.9641805180457129,0.6576188490477319,0.16973074859501816,0.6348409304907219,-0.6650830863457142,-0.30223441496968795,-0.4438859721107425,1.4504302076208253,-0.45374637500621784,0.9811173524129336,0.6822999521915513,1.3604371254218772,1.2616652747879982,-0.45770546681233043,1.3888814352512222,0.020579635080161453,0.328303888746863,-1.420654260332087
-0.7404981111636955,-1.0183941544500565,1.2775166048647557,1.4971714069598712,0.24693030965201762,-0.08359159308885297,0.3439630700138733,0.16020868120127882,-0.5443663123105453,0.721169072799343,-1.2955523751874443,-0.9836691487361071,0.8016884291479495,-0.1517376457295058,-1.308831269781283,0.02473853479976469,0.8007653290135411,0.5639480391205388,0.8360396278289963,-0.777096410064124,0.6934145794478044
0.4781911973010538,0.548737873157408,0.997216026016349,-0.7680398709253015,-1.4798793264360726,-0.5873684763620608,-0.5286705114166727,1.1943363538079372,-0.6923358051299582,0.721169072799343,-1.4942167099565313,0.6060991724535608,0.08397273608801319,-0.43059204033189696,0.47068099368749056,0.02473853479976469,-0.3302310543041064,0.8128145006423164,-0.18686194202261233,0.9915440680334553,-0.01127503381215943
-1.4814174470977575,-1.568183863236248,1.1840830785819534,-0.7680398709253015,0.5982495668996182,0.7652772348933264,-1.5467430230856427,0.06436946502037014,0.37483811277974655,0.721169072799343,-0.9141168524307972,0.7385798658860332,-0.8131718802369072,0.9052943295480718,-0.4190751380468963,1.2616652747879982,-1.3717241267117242,0.17505086665893102,-1.266988774523262,-1.6614166491129136,-1.420654260332087
-0.017813613773634107,-0.4096487132520918,1.0906495522991513,-0.3682967042396828,0.6843452269219686,1.275745651720448,0.7802798607291462,-1.3272922093606367,1.3276719680562685,-1.6089410170208278,0.1613194131191939,-0.8511884553036348,0.26340165935299725,0.9026201797863014,-0.4190751380468963,-1.2121882051884687,1.3242240867600783,1.345208490750186,-0.2941593094895643,-0.11385623077753179,-0.01127503381215943
-0.9999144934689115,-0.6730080470058916,-0.4042868682256853,0.0314464624459359,-0.2321043105671265,0.438348024116406,1.652913442159692,-0.27531383283601507,-1.618266116257496,-1.6089410170208278,1.343592943145005,-1.6460726158984689,1.1605462756779177,-1.2050555241157357,1.3604371254218772,0.02473853479976469,-1.623056656337868,-0.8058573312611672,-0.7090424636951118,0.328303888746863,-1.420654260332087
-0.6905587373021542,-0.5686382803241271,1.028360534777283,-0.7680398709253015,-1.447848476617331,-0.6600194120902654,1.652913442159692,-0.9855292178439062,0.054237545004352065,0.721169072799343,-1.2399263614521,1.4009833330483947,-0.27488511044195496,-1.2907768803680424,-1.308831269781283,-1.2121882051884687,0.08835513712360808,0.6616922482419055,-1.6675656130665493,-1.6614166491129136,1.3981041927077682
0.999931214471803,1.4232209391806683,-1.338622131053708,1.3639236847313316,0.9412040799270378,-0.9659180888406003,1.0711577212059948,0.08516640162382229,-0.19462023837375134,0.721169072799343,0.13880412184536403,1.4009833330483947,-1.7103164965618276,-0.233299213463503,0.47068099368749056,0.02473853479976469,-1.0290801384803985,-1.1309781403244366,-0.773420884175283,1.6547842473200474,0.6934145794478044
-0.41442135210564707,-0.4673263164485715,-0.8403099908787626,0.0314464624459359,0.1885811182624626,0.16590701513563896,-0.3832315811782483,1.3404348334471887,0.6461155162820034,-0.4438859721107425,-0.33136813710814195,-1.6460726158984689,0.9811173524129336,0.21209528574692252,0.47068099368749056,1.2616652747879982,0.8658586460390173,-1.08175942509311,-0.08671773238679051,-0.11385623077753179,1.3981041927077682
-1.6155295237855203,-1.6143421246442582,-0.8091654821178285,0.16469418467447547,0.7987994100322496,0.14009681428482945,0.9257187909675705,-1.0688902720627436,1.2716229177458849,-0.05553429047404732,-0.5119319435982678,-1.1161498421685794,-1.3514586500318595,-1.239819471018751,-0.4190751380468963,-1.2121882051884687,1.4227681361458684,1.0845572664265415,0.4283096314545789,-0.11385623077753179,-1.420654260332087
-1.0904521871076616,-1.1206930282260288,1.6201062012350307,0.29794190690301503,-0.11969030897396278,-1.4955051729646176,0.4894020002522976,-0.2564232820878794,0.21117488587342628,-0.05553429047404732,0.9639233255863056,-0.3212656815737455,-0.9926008035018913,-1.5263991871551454,0.47068099368749056,1.2616652747879982,0.31346952517004634,1.7029107028539108,-0.2512403625027835,-1.6614166491129136,-0.01127503381215943
1.3856152523552874,0.9521898762178886,0.49890388584140344,1.6304191291884107,1.5936541291011532,0.4096700231710621,0.4894020002522976,0.08984571235959903,1.3142201959817765,-0.4438859721107425,-0.5503403816536245,0.20865709215614384,0.9811173524129336,0.8001111055851028,-1.308831269781283,-1.2121882051884687,-0.2036607156434584,-1.257144424438541,-0.3656908878008656,-0.777096410064124,-1.420654260332087
-0.9968180114520058,-0.9496502172882495,-1.2451886047709058,-1.0345353153823806,-0.3541071652907416,-0.012852524090338014,-1.2558651626087942,-1.465938453383651,0.2672239361838099,1.1095207544360381,-1.0968880404183574,1.0035412527509777,1.1605462756779177,0.667592128501814,-0.4190751380468963,1.2616652747879982,1.4571229423537586,1.4096780754898108,-0.20832141551600272,0.9915440680334553,-1.420654260332087
-0.3895634825810425,-0.708407372614278,-0.5600094120303558,1.3639236847313316,0.13880068924480027,0.3198122868756512,-0.23779265093982396,0.4227700058198623,0.9084250717345989,-0.8322376537474376,-1.2024008759957168,-0.45374637500621784,1.1605462756779177,1.6305831704904659,-0.4190751380468963,1.2616652747879982,1.745522499730521,0.4114393440375554,0.15648963387163392,0.10722382898466562,0.6934145794478044
0.35961313873143486,0.03871577970275847,-0.4042868682256853,1.3639236847313316,-0.7688760677206905,-1.0834978927165102,0.6348409304907219,1.003351152666235,-1.6339598503444035,0.3328173911626478,-0.20863772585079485,-0.9836691487361071,-0.9926008035018913,0.5863276885191246,-1.308831269781283,-1.2121882051884687,-0.624959128613901,-0.6311655532570225,-1.0094750926025773,-0.9981764698263215,1.3981041927077682
0.34027732880364553,0.1425516443072484,-1.4943446748583786,0.8309327958171733,1.4598182215782578,0.6008566961400215,-0.9649873021319455,-1.3085749664175297,-0.07131232769090731,1.4978724360727331,1.4804505959859318,-0.7187077618711625,0.26340165935299725,1.3570770754116155,-1.308831269781283,-1.2121882051884687,-0.7632824272930377,-0.0828274722995683,1.2652290976968041,1.2126241277956527,1.3981041927077682
1.5611513773581005,1.2312588741242219,0.7480599559288762,1.4971714069598712,1.0224033043083067,-0.7288466143590907,0.7802798607291462,1.3848016315345533,1.264897031708639,-0.4438859721107425,-1.4341759332263184,0.7385798658860332,-0.9926008035018913,-1.202827065980927,-0.4190751380468963,0.02473853479976469,-1.1194875232380044,-0.20414120702466879,0.32101226398762694,-0.9981764698263215,-0.7159646470721233
0.6276480626503719,0.6799968899128187,1.339805622386624,-0.10180125978260367,0.5335758128069995,0.5272498270469721,0.9257187909675705,-0.11327103513411704,1.7043215861420467,1.1095207544360381,-0.9573815297805095,-0.9836691487361071,-1.7103164965618276,-0.5755903829701142,-0.4190751380468963,-1.2121882051884687,1.6623477057535236,-0.8647811452705018,-1.216916669705351,-0.5560163503019266,0.6934145794478044
-1.7266760255145654,-1.7592884491988898,-1.5254891836193127,-1.1677830376109202,1.2657969593004017,-0.060649192332577845,1.3620355816828436,0.9910462985091925,-0.17892650428684392,-0.05553429047404732,0.09553944449565174,1.5334640264808672,-1.1720297267668753,-0.5320611674035183,1.3604371254218772,0.02473853479976469,1.0855485909999991,0.49254624096805116,0.8431927856601265,1.6547842473200474,-0.01127503381215943
-0.3218709451559082,-0.027617508685899784,-0.4665758857475535,0.4311896291315546,-1.1507980477250508,0.6438736975580373,-0.8195483718935213,-0.7442847532438612,1.2290256395099934,-0.05553429047404732,0.858410490008946,-1.1161498421685794,0.6222595058829654,1.0244425578225085,1.3604371254218772,0.02473853479976469,0.7944368120805088,-0.2741565624945839,0.764508049517695,-0.9981764698263215,1.3981041927077682
0.23575385805520438,0.3621633654261867,-1.0271770434443672,-1.7007739265250785,0.7710529413994542,1.622749463159109,0.3439630700138733,0.2771914495956972,1.6639662699185704,0.721169072799343,-0.9410469066994958,0.8710605593185055,1.3399751989429018,-0.7743688485950473,1.3604371254218772,0.02473853479976469,-1.1167753016952762,-1.6363364981221409,-1.0237814082648375,1.43370418755785,-0.01127503381215943
0.6442658494744329,0.27578448086349244,0.6234819208851398,-0.5015444264682224,0.5221507963111426,-1.357850768426967,-0.09235372070139966,-0.2465447372012396,0.6281798201826806,-1.6089410170208278,0.4800653013487069,-0.5862270684386901,-1.5308875732968434,1.446661092430924,0.47068099368749056,1.2616652747879982,-0.007476690719453977,0.5646412604618252,-1.5817277190929877,0.10722382898466562,-0.01127503381215943
1.0919139330517758,0.5127561089192675,0.5611929033632717,-1.7007739265250785,1.4738954740463672,0.6524770978416404,1.216596651444419,0.8933006964729674,0.5721307698722969,-0.8322376537474376,-0.002026817690944329,1.4009833330483947,1.3399751989429018,-1.1983701497113097,-1.308831269781283,0.02473853479976469,-1.6727807179545513,-0.8273471928410421,0.8431927856601265,-0.5560163503019266,-0.7159646470721233
-1.3542896576259043,-1.3565644944256017,1.6512507099959648,-1.3010307598394597,-1.2989152258677674,0.010089876665937107,1.216596651444419,-1.333704598146701,-0.2372175166096429,-1.2205893353841328,1.388182049393178,0.6060991724535608,-0.27488511044195496,-0.7589182055270406,-1.308831269781283,0.02473853479976469,1.320607791369774,0.10018296180001186,1.5442022531108792,-0.5560163503019266,1.3981041927077682
1.5287415322478204,2.007924608050451,0.34318134203673295,-1.7007739265250785,1.0217912498531716,-0.09601872683183532,1.3620355816828436,-1.3385572166875066,-1.3806181429414695,-0.4438859721107425,1.2694249248312126,1.5334640264808672,1.1605462756779177,-0.9860723714018707,0.47068099368749056,-1.2121882051884687,-1.1411852955798296,0.8211331567377519,-1.5817277190929877,0.10722382898466562,1.3981041927077682
-0.8318099253066721,-0.6644979714711515,-0.09284178061634436,-1.0345353153823806,-1.6520706464807735,-0.5080260070799427,-0.5286705114166727,1.4957186267529647,-0.06907036567849197,-1.2205893353841328,-0.47926269743624006,0.20865709215614384,1.5194041222078858,1.685551804482413,-1.308831269781283,1.2616652747879982,1.6650599272962519,0.932048571343558,-1.4172050889769947,-0.9981764698263215,-1.420654260332087
-0.9047836848384179,-0.7070807068465048,-0.9960325346834331,-0.3682967042396828,-1.5392486085841863,1.275745651720448,-0.9649873021319455,-1.6283278666956067,-0.6811259950678814,0.3328173911626478,-0.049264781736038356,-1.3811112290335241,-0.45431403370693907,-0.20581489646752946,-0.4190751380468963,1.2616652747879982,1.0186471262793708,-0.9431151568358523,-0.60889825405929,-1.4403365893507163,0.6934145794478044
1.4555957459373574,1.111664808814719,-0.6222984295522239,-1.1677830376109202,0.43585111813708044,-0.10557806048028329,-0.6741094416550969,-0.6186365945980045,-0.4277842876649473,-0.4438859721107425,-1.0739312728450405,-0.45374637500621784,-0.27488511044195496,1.6916429233842234,1.3604371254218772,0.02473853479976469,-1.4377215175847764,1.0852504877678277,-0.44437562394329705,0.7704640082712578,-0.01127503381215943
1.166573555014948,1.1285069925251077,1.5889616924740968,0.9641805180457129,-0.5338471569487765,-1.5824951091654942,0.9257187909675705,0.5024915961330956,-0.9658551706446303,1.4978724360727331,0.34232469590880654,-0.8511884553036348,0.6222595058829654,-0.015356007879215393,0.47068099368749056,-1.2121882051884687,-0.51285397151447,1.1635844993331783,0.27809331700084616,0.10722382898466562,-1.420654260332087
0.5868605134165744,0.8373362142005508,-0.6845874470740921,-0.9012875931538411,1.4530856225717705,-0.7049482802379708,-1.5467430230856427,-1.0328422486167599,0.6931967185427257,-0.8322376537474376,0.004153850501871712,-1.1161498421685794,0.8016884291479495,1.1525046186361798,0.47068099368749056,0.02473853479976469,0.30804508208458997,0.44887329646701496,0.6715169977130033,-1.4403365893507163,-0.01127503381215943
1.434728897678987,0.8660374955667655,-0.310853341942883,-1.7007739265250785,-0.6123941453577929,-0.07594412617009459,0.4894020002522976,0.21306756173505306,-0.134087264038537,-1.2205893353841328,-1.037730216287118,-0.18878498814127317,-0.0954561871769709,-0.9119389974505689,1.3604371254218772,1.2616652747879982,-1.0905571601155704,-1.5732533560650885,-0.13678983720470142,1.43370418755785,1.3981041927077682
0.8695693215600704,1.035543315676027,1.1840830785819534,-0.10180125978260367,1.4924611258521348,1.5395832604176118,-0.6741094416550969,-0.2533037415973616,1.6415466497944171,0.3328173911626478,0.4588744389733376,-0.3212656815737455,0.9811173524129336,1.5990876288518368,1.3604371254218772,0.02473853479976469,-1.6311933209660527,-0.3663550008856603,1.0506343627629002,-0.9981764698263215,0.6934145794478044
0.1928159740874445,0.4385275413272762,0.5611929033632717,-0.10180125978260367,-1.4827355805600368,-1.084453826081355,0.6348409304907219,-0.7427249829986023,-0.2999924529572726,1.4978724360727331,-0.9966729204348401,0.7385798658860332,-0.9926008035018913,-1.0717937276541774,0.47068099368749056,-1.2121882051884687,-1.444954108365385,0.05928290266412084,1.1579317302298522,-0.777096410064124,-0.01127503381215943
0.3408106118176682,0.20836720946945858,0.09402527194926019,-1.7007739265250785,-0.6876768433394216,-0.9420197547194804,-0.9649873021319455,0.023295515228552128,-0.26860498478345773,-1.2205893353841328,-1.0465597422768553,-0.7187077618711625,-0.6337429569719232,0.42097609491632154,-1.308831269781283,1.2616652747879982,-0.8735794366973167,-0.8218014221107518,0.764508049517695,0.7704640082712578,-1.420654260332087
0.42482849054304456,0.044378377492034174,-1.338622131053708,0.29794190690301503,0.960789822491364,1.0099961762935945,-0.8195483718935213,0.9945124546097679,1.3882049423914828,0.721169072799343,1.2923816924045295,0.20865709215614384,-0.45431403370693907,-1.237739576759596,1.3604371254218772,-1.2121882051884687,-0.6014532085769235,-0.9389558287881345,-0.27985299382730405,0.5493839485090605,-0.01127503381215943
1.3150498677255793,1.5231738795867977,-0.030552763094476177,0.8309327958171733,0.9593616954293819,0.3647411550233567,-1.4013040928472185,0.28221737594153146,0.5631629218226356,-1.6089410170208278,-0.9123509472328498,0.8710605593185055,-0.8131718802369072,-0.5593969205238379,0.47068099368749056,0.02473853479976469,-0.5209906361426544,1.1504132938487388,1.2723822555279343,-1.6614166491129136,1.3981041927077682
0.9742132110536135,1.2051785665919006,-1.4320556573365104,0.9641805180457129,-0.13539970665576606,-1.1857827627549036,0.4894020002522976,-0.6201963648432633,-1.4770225094753293,-0.4438859721107425,-0.6223010184699828,0.07617639872367149,-1.3514586500318595,-0.05101133803615406,1.3604371254218772,1.2616652747879982,-1.114063080152548,0.7206160622512401,-1.1883040383808305,0.328303888746863,-0.01127503381215943
0.016591741969763246,0.1674347168784085,0.1874587982320625,-1.567526204296539,0.07147469917992906,-0.07498819280524979,-0.9649873021319455,-0.7590159166713065,0.1483999495257966,1.4978724360727331,1.302977123592214,-1.2486305356010519,0.8016884291479495,-1.3019191710420857,0.47068099368749056,1.2616652747879982,0.9336641846072216,-1.1212730415464285,0.6572106820507431,0.9915440680334553,-1.420654260332087
-1.0022712603373343,-1.0985441814445476,0.5611929033632717,0.4311896291315546,0.8934638324264929,0.9612435746865098,0.3439630700138733,-1.6219154779095422,0.5519531117605588,0.721169072799343,-0.18656391087645183,1.5334640264808672,-1.5308875732968434,-0.22928798882084742,1.3604371254218772,0.02473853479976469,0.9680189908151117,-1.0387797019333602,0.4712285784413597,1.43370418755785,1.3981041927077682
-0.0465076804636275,0.20226778270786733,1.1217940610600854,-0.3682967042396828,0.7655444513032376,-1.2890235661581415,-0.9649873021319455,0.7205128148592856,0.760455578915186,0.721169072799343,1.4332126319408378,1.1360219461834502,-1.3514586500318595,-0.972107367090403,-1.308831269781283,0.02473853479976469,1.7310573181693039,1.6543852089638706,-0.7948803576686734,-0.3349362905397292,1.3981041927077682
1.0434367868093288,1.2471788633374998,0.09402527194926019,0.0314464624459359,-1.3491036911888532,0.09325607940743441,-0.3832315811782483,-1.461432450452903,-1.1227925115137045,1.1095207544360381,-0.04970625803552522,-0.18878498814127317,-1.5308875732968434,1.2134158076542836,0.47068099368749056,0.02473853479976469,-0.2036607156434584,0.21941703250125347,0.7287422603620444,0.328303888746863,-1.420654260332087
0.7197856053311901,0.4215721056611021,-0.5600094120303558,-0.23504898201114324,1.114619508882009,-1.6580138449882331,0.3439630700138733,0.15587598607555964,-0.31344422503176467,-1.6089410170208278,0.44033243439488945,-1.2486305356010519,0.26340165935299725,-1.5259534955281837,1.3604371254218772,-1.2121882051884687,-1.131240483256493,-1.2197104720090814,0.21371489652067496,-0.9981764698263215,-0.7159646470721233
1.549711596573421,1.0166787756123257,0.24974781575393068,0.0314464624459359,0.1628748311467845,-0.37419533600167115,0.3439630700138733,-0.30148331139535905,1.6841439280303085,1.4978724360727331,0.3436491248072671,0.20865709215614384,-1.5308875732968434,-1.3316319461728678,0.47068099368749056,0.02473853479976469,-1.638425911746661,-0.8633947025879292,0.48553489410361994,-0.9981764698263215,0.6934145794478044
0.583970463534129,1.0533076938835262,-1.4009111485755763,-0.3682967042396828,0.3452670587770719,-0.07212039271071541,0.05308520953702465,-1.5605645149293583,-0.8358213739245403,-0.05553429047404732,0.8954944991658422,1.0035412527509777,-1.3514586500318595,0.40582257959962265,-1.308831269781283,-1.2121882051884687,0.3342632236642956,-0.2152327484852494,-0.6303577275526804,-0.11385623077753179,-1.420654260332087
-0.04014268965109899,0.01700376189359277,-0.8714544996396967,1.4971714069598712,1.247435325646346,-0.6504600784418174,1.652913442159692,-0.6330211424153922,-0.40984859156562453,1.4978724360727331,0.7140477400767428,-1.5135919224659964,0.44283058261798136,-0.8217607249286449,0.47068099368749056,0.02473853479976469,-1.7613799550170048,0.6152464183757242,-0.9808624612780568,-1.6614166491129136,0.6934145794478044
1.2359691575493805,0.7234694620836296,-0.653442938313158,0.16469418467447547,0.4533966791842893,-1.3463795680488293,-0.6741094416550969,-0.41084053636851164,-1.5958464961333425,0.3328173911626478,-0.914999805029771,-1.3811112290335241,-0.0954561871769709,1.2621447588687664,1.3604371254218772,1.2616652747879982,-0.22174219259497951,1.6835005052978949,-0.5373666757479887,0.9915440680334553,0.6934145794478044
0.7870136704537884,0.20168534407811325,-0.3731423594647512,-0.3682967042396828,0.6419094513659286,1.4946543922699063,0.3439630700138733,-0.8257394216073822,0.4420969731522069,1.1095207544360381,-0.9525252904861541,0.6060991724535608,-0.8131718802369072,1.572049003482825,1.3604371254218772,0.02473853479976469,-0.2877395834680317,-1.5136363207144676,0.6786701555441335,-1.2192565295885187,0.6934145794478044
0.8035626465663626,1.2909102971215347,-1.4009111485755763,-0.9012875931538411,0.7945150288463033,-0.5357480746604418,-0.3832315811782483,0.10301710554178539,0.3927738088790693,1.1095207544360381,-1.6072346426251676,-1.1161498421685794,1.5194041222078858,-0.8924771297399067,0.47068099368749056,1.2616652747879982,-0.181962943301633,0.6616922482419055,1.0577875205940304,-1.6614166491129136,-0.01127503381215943
0.7815260162127166,1.0023604926308713,-0.7780209733568945,-0.10180125978260367,-0.7931542277743865,-0.2441883983827788,1.0711577212059948,-0.9863957568690501,-1.2348906121344718,0.721169072799343,-0.9247122836184819,-0.8511884553036348,-1.1720297267668753,1.0743600200422228,0.47068099368749056,-1.2121882051884687,1.4227681361458684,-0.793379347118014,1.0649406784251605,0.9915440680334553,1.3981041927077682
0.11445777638185702,-0.04468619630785941,-0.8714544996396967,0.0314464624459359,0.19082531793129162,-0.4755242726752196,-0.09235372070139966,-1.0877808228108794,1.3702692462921602,0.3328173911626478,0.10216158898795465,0.6060991724535608,1.3399751989429018,0.2049642197155348,-0.4190751380468963,0.02473853479976469,0.0521921832205658,0.9375943420738484,-0.6947361480328516,1.43370418755785,-0.7159646470721233
-0.9267687071584487,-0.9701650001362541,-1.7123562361849172,0.5644373513600942,0.5596901362261011,1.2604507178829312,0.3439630700138733,-0.7094498844330789,1.4577057647763587,-1.2205893353841328,-0.32783632671224705,0.7385798658860332,0.6222595058829654,0.3319863333996288,1.3604371254218772,-1.2121882051884687,0.576555014814679,-1.5323532969291975,0.5213006832592706,-0.11385623077753179,-0.7159646470721233
1.0217270073352451,1.1012132711807987,-1.4009111485755763,0.8309327958171733,1.0591265716164182,-1.6369833109616476,-0.23779265093982396,-0.2682082128298356,-0.9165320063714927,1.1095207544360381,0.7608442278223498,-1.3811112290335241,0.26340165935299725,-1.5935500589507132,1.3604371254218772,1.2616652747879982,0.11366920485573768,-0.6006638142404258,1.372526465163756,-0.5560163503019266,0.6934145794478044
-0.06346952084512239,0.13184124506010406,-0.7780209733568945,-1.0345353153823806,1.483076290873395,1.0644843780897477,-0.8195483718935213,0.145130902163776,-1.0712273852281515,-0.05553429047404732,-1.480089468372952,-1.6460726158984689,-0.6337429569719232,1.1076383281886988,1.3604371254218772,0.02473853479976469,-0.8726753628497407,1.7285598924815035,-0.11533036371131103,-0.11385623077753179,-0.7159646470721233
0.35295570239508745,0.32477404116614056,-1.2763331135318399,1.6304191291884107,0.5409204662686219,1.6887088653334001,-0.9649873021319455,-0.29715061626963984,0.4420969731522069,-1.2205893353841328,-1.6893492343297236,1.4009833330483947,-1.5308875732968434,1.6160239106763825,1.3604371254218772,1.2616652747879982,-0.03911927538461598,0.49115979828547857,-1.4815835094571659,1.2126241277956527,-0.01127503381215943
1.5009592074850269,1.4673568442353657,1.1217940610600854,1.4971714069598712,-1.5149704485304902,-0.009028790630958827,0.4894020002522976,-1.348089145964089,-0.3358638451559181,0.721169072799343,1.2813447849173578,1.4009833330483947,-1.5308875732968434,0.0648684849738966,1.3604371254218772,1.2616652747879982,1.654211041125339,1.2079506651755008,0.5642196302460514,1.43370418755785,0.6934145794478044
-1.1683459125107132,-1.3968821906852447,1.6512507099959648,-0.6347921486967619,-0.9263780808421467,1.10080984595385,-0.9649873021319455,0.39348098677000054,0.21565880989825698,0.3328173911626478,-1.2010764470972564,-0.7187077618711625,0.9811173524129336,-0.6813678624356989,0.47068099368749056,-1.2121882051884687,-0.5580576638932728,-1.2765546219945572,-0.06525825889340012,1.6547842473200474,-0.7159646470721233
1.685870791927916,1.2857654225587072,-0.5600094120303558,1.230675962502792,1.2992559361811256,-0.43155133789235894,0.3439630700138733,-0.22297487571732716,0.928602729846337,-0.05553429047404732,0.435476195100534,-1.5135919224659964,-0.9926008035018913,-0.9835467855157541,0.47068099368749056,-1.2121882051884687,-0.9612745999121943,0.40935968001369655,0.32101226398762694,0.7704640082712578,-0.01127503381215943
-0.34487092547036935,0.039735047304828096,-1.0894660609662354,0.6976850735886337,0.3636286924311277,0.13436121409576068,1.5074745119212678,0.8102862578641875,1.4106245625156364,-0.05553429047404732,-1.1556043882501097,1.4009833330483947,-0.9926008035018913,-0.9908264154227958,0.47068099368749056,0.02473853479976469,-0.8274716704709378,-0.4024025106325473,-1.6389529817420287,-0.3349362905397292,1.3981041927077682
-0.36157472568378873,-0.6577190329748471,-1.681211727423983,-0.6347921486967619,0.7608520338138678,1.0969861124944709,0.6348409304907219,1.2473685421467404,0.18427134172444212,1.1095207544360381,0.5224470260994455,-0.9836691487361071,0.26340165935299725,1.4301705022333397,-0.4190751380468963,1.2616652747879982,1.3775644437670655,1.14833362982488,-0.5945919383970297,0.7704640082712578,0.6934145794478044
0.4604724390932042,0.5802380957166073,1.7446842362787671,0.4311896291315546,1.5489741538762842,-1.0395249579336496,0.4894020002522976,0.46956311317762967,-1.6137821922326654,-1.2205893353841328,-0.47617236333983204,-0.7187077618711625,-0.0954561871769709,-0.6991955275141682,-0.4190751380468963,-1.2121882051884687,-0.7497213195793969,1.7590616314981002,1.1078596254119413,-0.9981764698263215,-0.7159646470721233
-0.12011793907662613,-0.1281367088709568,0.5300483946023375,0.9641805180457129,-1.5920893098775246,1.562525661173887,1.652913442159692,1.288789107548616,-0.6318028307947438,-0.4438859721107425,-0.3993554872291184,1.1360219461834502,-1.5308875732968434,0.2357169419758944,-1.308831269781283,0.02473853479976469,0.09920402329452077,-1.3153750171065892,-0.7519614106818926,-1.2192565295885187,-1.420654260332087
0.28634693367587016,0.3272655841934219,-0.7468764645959604,-0.7680398709253015,0.03821974045091693,1.3952373223260475,1.652913442159692,-0.6501786151132403,1.4868512709377582,-0.4438859721107425,-0.8885112270605594,1.2685026396159225,0.8016884291479495,-0.8403312093853839,-1.308831269781283,1.2616652747879982,-0.7958290858057758,1.4374069291412623,-0.7233487793573721,-1.2192565295885187,-0.7159646470721233
1.5792485944791277,1.9163037758199701,-1.4632001660974445,-1.1677830376109202,0.3503675125698652,-1.4878577060458593,-0.8195483718935213,-0.3952428339159225,-0.5600600463974528,1.1095207544360381,-0.03513754015245883,-1.2486305356010519,1.3399751989429018,-1.4555342184682298,0.47068099368749056,1.2616652747879982,-1.5091433515432848,-0.5812536166844097,0.006273319417901193,-0.9981764698263215,0.6934145794478044
-1.3517436613008929,-1.318058829458527,-1.338622131053708,0.5644373513600942,-0.23638869175307284,0.6161516299775381,0.4894020002522976,0.015843279612315103,0.9330866538711677,-1.6089410170208278,0.38956265995390055,0.07617639872367149,-1.1720297267668753,0.4506888700471038,-0.4190751380468963,1.2616652747879982,1.2039822650324625,0.8939213975728122,-1.7390971913778506,0.10722382898466562,0.6934145794478044
0.9840703454740968,0.6645622662243358,0.7792044646898103,-1.0345353153823806,0.523374905221413,0.259588484890429,0.4894020002522976,1.2324640709142662,-0.3762191613793944,-0.05553429047404732,-0.7587171950114225,0.6060991724535608,-0.45431403370693907,-0.043434580377804594,0.47068099368749056,1.2616652747879982,0.29810026976125337,1.1601183926267469,-0.60889825405929,1.43370418755785,-1.420654260332087
1.684219334852233,2.17309449613821,0.21860330699299657,-1.7007739265250785,0.46033329634248815,0.269147818538877,0.4894020002522976,1.1277861566768905,-0.9299837784459848,-0.8322376537474376,-1.4769991342765438,1.5334640264808672,0.6222595058829654,1.572049003482825,0.47068099368749056,-1.2121882051884687,1.6469784503447307,0.8197467140551793,-0.48729457093007783,-0.5560163503019266,-0.7159646470721233
-1.2375350829106853,-1.019122202737249,-0.8714544996396967,-0.5015444264682224,1.680973898033774,-0.5309684078362178,-0.23779265093982396,1.324490515384542,0.48693621340051385,-1.2205893353841328,0.7621686567208105,-0.45374637500621784,-0.6337429569719232,1.075548531047454,-0.4190751380468963,0.02473853479976469,-1.2008541695198494,-0.6069028063120024,1.0649406784251605,0.9915440680334553,-0.7159646470721233
-1.0155345249764138,-0.9033625250736272,-1.0894660609662354,-0.3682967042396828,1.493685234762405,0.8321925704324622,1.0711577212059948,0.679958788482554,1.654998421868909,-0.05553429047404732,-0.8871867981620988,-0.5862270684386901,0.9811173524129336,-0.22616814743211527,0.47068099368749056,-1.2121882051884687,-0.6457528271081503,0.19792717092137854,0.9218775218025579,0.7704640082712578,-0.01127503381215943
0.3002122920404593,0.08281932705580296,0.5300483946023375,-0.10180125978260367,1.1150275451854326,-1.7038986465007833,0.05308520953702465,-1.3735653933033178,0.1977231137989342,0.3328173911626478,0.6213377171845021,1.6659447199133395,-0.9926008035018913,0.5200681999774803,0.47068099368749056,-1.2121882051884687,1.2509941051064175,-0.5486722136439541,-0.9808624612780568,0.10722382898466562,-0.01127503381215943
-0.04356602254756702,-0.49335808742841325,-0.030552763094476177,1.6304191291884107,0.8828548885374828,-0.4506700051892549,0.7802798607291462,1.4924257784574182,1.713289434191708,-0.4438859721107425,1.1696512811471824,-0.8511884553036348,1.1605462756779177,0.43835806836782915,0.47068099368749056,-1.2121882051884687,-1.5046229823054047,-0.31644306431304753,-1.15253824922518,0.5493839485090605,0.6934145794478044
1.524819321693073,1.5604661307418848,-1.5566336923802468,1.4971714069598712,0.9340634446171273,0.9669791748755786,1.5074745119212678,1.0782201244386629,-0.5331565022484686,-0.05553429047404732,0.4800653013487069,0.7385798658860332,0.44283058261798136,-1.4154219720416739,-1.308831269781283,-1.2121882051884687,0.5883079748331677,0.2492255501765639,-0.7305019371885022,0.7704640082712578,0.6934145794478044
-0.4460054686780859,-0.7630918884078548,-1.1828995872490375,1.3639236847313316,-1.1789525526612696,-0.45544967201347886,1.652913442159692,0.6621080845645909,-0.9837908667439531,-0.8322376537474376,0.4187000957200333,-0.45374637500621784,1.5194041222078858,-0.7305425052771435,-1.308831269781283,0.02473853479976469,-0.8717712890021646,0.16465254653963668,0.3567780531432776,0.10722382898466562,1.3981041927077682
0.66692177623146,0.9657477532104973,1.028360534777283,-1.7007739265250785,-0.7346010182331196,1.2967761857470335,-1.4013040928472185,0.09521825431549083,-0.021989163417769696,1.1095207544360381,0.9882045220580828,-0.8511884553036348,-0.8131718802369072,-0.14014966342850074,1.3604371254218772,-1.2121882051884687,-0.07347408159250615,0.36014096478237007,-0.5230603600857284,-0.3349362905397292,-0.01127503381215943
-0.5762297401668448,-0.4787971216845614,-1.650067218663049,-1.1677830376109202,-0.8768016699761961,0.7882196356496016,0.19852413977544897,0.7390567499973638,0.13943210147613522,1.1095207544360381,1.1723001389441035,-1.5135919224659964,1.1605462756779177,-1.4106679280207486,0.47068099368749056,-1.2121882051884687,0.3152776728651984,0.7857788683321512,-1.6246466660797685,0.5493839485090605,1.3981041927077682
0.49097278695972596,0.23066166590837836,-0.4042868682256853,0.9641805180457129,-1.224856636796409,1.1495624475609347,-1.4013040928472185,1.522581336532424,-1.2573102322586254,1.4978724360727331,1.1087275518179955,-1.2486305356010519,1.3399751989429018,-0.9339264510473478,-1.308831269781283,1.2616652747879982,1.636129564173818,0.9632435317014411,0.49268805193475007,-0.3349362905397292,-1.420654260332087
1.3565599294299882,1.1979627991232806,-0.6222984295522239,0.16469418467447547,1.3433238569508594,1.166769248128141,-1.1104262323703697,0.18880446903102555,-1.344746750742824,-0.8322376537474376,0.6288428142757787,0.7385798658860332,0.08397273608801319,0.5062517595416666,1.3604371254218772,-1.2121882051884687,-0.29316402655348806,1.5670393199617982,-0.666123516708331,-1.6614166491129136,1.3981041927077682
0.030715140502427858,-0.4346126800773844,-0.8403099908787626,-0.3682967042396828,1.1819454989468803,-1.1370301611478189,-0.5286705114166727,-0.4219322358903528,1.0025874762560434,0.3328173911626478,0.21120623496120908,0.20865709215614384,-0.6337429569719232,1.092336248996346,0.47068099368749056,1.2616652747879982,1.431808874621629,1.5788240827636653,-1.1811508805497004,-0.3349362905397292,-0.7159646470721233
-0.7981614873896294,-0.9197031644083943,-1.338622131053708,-1.7007739265250785,-1.409901100398949,1.3254541866923772,-1.1104262323703697,1.3794290895786616,-0.08028017574056868,-1.2205893353841328,-0.530032471877229,-0.3212656815737455,-0.45431403370693907,1.4998469599150241,-0.4190751380468963,-1.2121882051884687,-0.6584098609742152,-0.7698098215142802,-0.18686194202261233,0.10722382898466562,-0.7159646470721233
-0.7481361001387297,-0.5168174211268411,-1.6189227099021148,-1.1677830376109202,1.26559294114869,-1.2440946980104362,0.05308520953702465,-1.5432337344264815,0.3591443786928391,-0.4438859721107425,-0.3384317578999317,-1.5135919224659964,0.8016884291479495,0.4307813107094797,1.3604371254218772,-1.2121882051884687,-1.0182312523094859,0.4641241659753133,0.42115647362344877,-0.9981764698263215,-1.420654260332087
-0.938174082587385,-0.9030551269079237,0.5923374121242057,1.3639236847313316,-0.8600721815358342,-1.0882775595407344,-0.8195483718935213,-1.0042464607870132,0.5654048838350509,0.3328173911626478,0.99703404804782,-0.3212656815737455,0.6222595058829654,-0.7743688485950473,-0.4190751380468963,-1.2121882051884687,1.1813804188430612,1.181608254206622,-0.42291615044990666,1.6547842473200474,-0.01127503381215943
0.5663893267492529,0.11917320486295298,0.09402527194926019,-1.7007739265250785,-1.625140250454825,-0.23845279819371,0.19852413977544897,0.5856793425469042,-1.2214388400599798,0.3328173911626478,-0.4108338710157768,-0.45374637500621784,-1.3514586500318595,0.4093881126153165,0.47068099368749056,-1.2121882051884687,0.8170386582699102,-1.2176308079852225,0.6429043663884828,0.9915440680334553,0.6934145794478044
-1.656317073019318,-1.3345936150032118,-0.6222984295522239,1.3639236847313316,0.48746771052014837,-1.5490374413959263,-1.1104262323703697,-0.2735807547857274,-0.8649668800859398,-1.6089410170208278,-1.2514047452387584,0.4736184790210885,-0.9926008035018913,-1.0215791376831553,1.3604371254218772,-1.2121882051884687,-1.5534429700745118,1.689046276028185,1.1936975193855028,-0.3349362905397292,-0.01127503381215943
-0.05156526775790691,0.04664341660774446,1.5578171837131627,-1.0345353153823806,1.129104797653542,-1.0509961583117873,-0.9649873021319455,1.2574203948384088,-0.9837908667439531,-0.8322376537474376,-0.39405777163527606,-1.2486305356010519,-0.8131718802369072,-1.5581918565450823,1.3604371254218772,-1.2121882051884687,-0.6466569009557264,0.5951429994784219,0.5499133145837911,0.7704640082712578,-0.01127503381215943
1.076775576524681,0.807081763154992,1.4020946399084921,-1.7007739265250785,0.5431646659374508,-1.614996843570217,0.4894020002522976,-1.4933210865781965,1.6953537380923853,-0.8322376537474376,1.589936718258673,0.07617639872367149,-1.5308875732968434,0.9220820474969638,1.3604371254218772,1.2616652747879982,0.8956930830090272,1.285591455399565,-1.1239256179006594,-0.5560163503019266,-1.420654260332087
-1.6604113103527822,-1.684072971706482,-0.8403099908787626,-1.4342784820679992,1.1333891788394883,-1.4668271720192738,-1.2558651626087942,1.013749620967961,0.45330678321428364,0.721169072799343,1.382001381200362,0.6060991724535608,0.8016884291479495,-1.0498062740573986,-1.308831269781283,0.02473853479976469,-0.01651742919521455,0.9694825237730176,1.5513554109420093,0.10722382898466562,-0.7159646470721233
-0.2717423418377783,-0.13523922438379118,-0.27970883318194895,0.8309327958171733,-1.0292032293048592,0.14487648110905343,0.4894020002522976,1.5563763585130337,-0.7797723236141566,-0.8322376537474376,-0.921180473222587,0.4736184790210885,-0.9926008035018913,-1.0099911553821503,-0.4190751380468963,1.2616652747879982,-1.475692619182971,-1.158706993975888,0.8861117326469072,0.9915440680334553,-0.01127503381215943
1.0456731349326498,0.528627561580066,-0.8403099908787626,-0.6347921486967619,-0.4393867527062451,1.1323556469937284,1.3620355816828436,0.02225566839837952,-0.16995865623718254,1.1095207544360381,0.7030108325895712,0.7385798658860332,1.1605462756779177,0.8121447795130695,0.47068099368749056,-1.2121882051884687,-0.5652902546738813,0.6998194220126513,-0.37284404563199575,-0.777096410064124,1.3981041927077682
1.5931139528437168,2.063207741324608,-1.587778201141181,1.3639236847313316,0.9004004495846917,0.7480704343261201,-1.5467430230856427,-0.5638713282089137,-0.8425472599617864,-1.6089410170208278,-1.1971031604018745,1.0035412527509777,-1.5308875732968434,-0.5463232994662938,-0.4190751380468963,0.02473853479976469,-0.5851798793205545,-1.6307907273918505,0.34962489531214747,1.6547842473200474,0.6934145794478044
-0.17693838408684687,-0.4603208740406961,1.7446842362787671,0.6976850735886337,1.0383167201418217,0.04354754443550499,-0.8195483718935213,0.8860217686617591,1.1729765891996098,-0.05553429047404732,0.2597686279047637,0.20865709215614384,-1.1720297267668753,-0.34442499245262853,0.47068099368749056,0.02473853479976469,1.524928480921963,-0.6387909880111716,-0.8091866733309336,0.5493839485090605,0.6934145794478044
0.74753352473824,0.653447395706529,-1.338622131053708,1.0974282402742523,0.6151830734916919,1.2623625846126207,0.6348409304907219,-0.19489901130266676,-1.3895859909911308,0.3328173911626478,-0.1715537166938986,1.0035412527509777,-1.7103164965618276,0.9408010958293566,-0.4190751380468963,-1.2121882051884687,-0.9386727537227929,0.9008536109856751,1.2938417290213247,-0.9981764698263215,-1.420654260332087
0.7545866226656365,0.9408808594901638,-1.2140440960099717,-0.23504898201114324,0.3789300538095075,0.045459411165194585,0.19852413977544897,1.454471369156118,-1.2999075104945168,1.4978724360727331,-1.054064839368132,-0.056304294708800835,1.1605462756779177,-0.7555012363870006,-0.4190751380468963,1.2616652747879982,-0.9585623783694661,-1.6023686523991127,-1.0166282504337074,0.7704640082712578,1.3981041927077682
0.98217805090821,1.2455609782548496,0.5300483946023375,0.4311896291315546,-1.3595086169261514,1.4067085227041851,0.7802798607291462,0.37181751114140454,0.7963269711138315,-0.4438859721107425,0.7943964265833513,0.4736184790210885,-0.8131718802369072,0.11879717183626635,-0.4190751380468963,-1.2121882051884687,0.7392883073783693,-0.7566386160298407,0.5856791037394418,-0.11385623077753179,-0.7159646470721233
0.7110982530059822,1.1465302323458308,0.7169154471679421,0.0314464624459359,-0.3218722973202881,-0.6361210779691454,-1.5467430230856427,0.588798883037422,-0.3179281490565954,0.721169072799343,1.5440231831120397,0.4736184790210885,0.6222595058829654,0.6157433358985991,1.3604371254218772,0.02473853479976469,-1.2758922988686623,0.006598080726362914,-1.7390971913778506,-1.2192565295885187,-0.01127503381215943
1.466536649063758,1.457212704767149,-0.4977203945084876,-0.9012875931538411,-1.2268968183135263,-1.4945492395997728,0.19852413977544897,-0.8909031562981989,-1.0196622589425985,1.1095207544360381,1.2601539225419887,-0.9836691487361071,-0.45431403370693907,0.20050730344591747,-0.4190751380468963,1.2616652747879982,-0.22807070952801192,0.5237412013259342,0.42115647362344877,-0.3349362905397292,-0.7159646470721233
-0.14759061563772893,-0.5397752104496475,-0.6222984295522239,-1.1677830376109202,1.010162215205603,-1.2431387646455914,1.652913442159692,1.6397374127318711,1.4061406384908057,-0.8322376537474376,-0.9697428661661416,0.20865709215614384,-0.9926008035018913,1.5683349065914771,0.47068099368749056,0.02473853479976469,-1.7396821826751796,-1.0311542671792109,0.16364279170276405,0.328303888746863,1.3981041927077682
-1.2650421648275316,-1.041157797562945,0.6546264296460739,0.29794190690301503,-0.12132245418765662,0.8599146380129613,0.3439630700138733,0.009257583021221922,-1.107098777426797,1.4978724360727331,0.9723113752765559,0.8710605593185055,0.8016884291479495,-0.9560624685197806,-1.308831269781283,1.2616652747879982,-0.5155661930571981,-0.15145638508691087,1.7373375145513927,-1.4403365893507163,0.6934145794478044
-0.5757996732200523,-0.8746127071549331,0.1251697807101943,0.0314464624459359,-0.5475163731134625,1.7049597325357615,1.5074745119212678,1.0796065868788929,-0.34258973119316416,-0.4438859721107425,0.176771083601234,-1.2486305356010519,-1.3514586500318595,1.2328776753649457,0.47068099368749056,-1.2121882051884687,1.4390414654022374,1.1115928987367067,1.3224543603458452,1.2126241277956527,0.6934145794478044
-1.4723000278257572,-1.3331375184288268,1.713539727517833,1.4971714069598712,0.19959809845489607,1.5720849948223348,1.652913442159692,-0.12106988636041159,-0.5241886541988072,1.4978724360727331,-0.5251762325828735,0.07617639872367149,-0.27488511044195496,0.032184432330036164,-1.308831269781283,-1.2121882051884687,-1.4051748590720383,1.0602945194815214,-0.8521056203177144,1.6547842473200474,-0.7159646470721233
0.9377607366434839,0.8076480229339197,-0.653442938313158,-1.3010307598394597,1.5879416208532247,0.4689378917914395,1.0711577212059948,1.5244877223877402,0.04526969695469068,1.4978724360727331,1.4336541082403247,1.1360219461834502,0.44283058261798136,-1.4992119979104797,-1.308831269781283,1.2616652747879982,1.3242240867600783,-1.1372171323960132,0.3639312109744077,-0.9981764698263215,-1.420654260332087
-0.6517322933457304,-0.744696535018122,0.9660715172554148,1.230675962502792,1.146446340549039,1.4659763913245625,0.05308520953702465,-1.4612591426478743,-0.08476409976539938,1.1095207544360381,1.3678741396167824,0.20865709215614384,1.5194041222078858,0.8406690436386205,-1.308831269781283,0.02473853479976469,1.2311044804597444,0.7552771293155545,0.707282786868654,-1.6614166491129136,-0.7159646470721233
0.828833380359888,0.4240636486883834,0.7792044646898103,-0.3682967042396828,-1.0130857953196324,-0.581632876172992,0.19852413977544897,-1.5265961851437198,1.668450193943401,1.1095207544360381,1.3577201847285847,-0.5862270684386901,0.26340165935299725,1.6207779546973078,0.47068099368749056,0.02473853479976469,-0.8591142551360998,-0.12580719545931818,-0.1081772058801809,-1.4403365893507163,-0.01127503381215943
0.33852265566073225,0.5108955410742198,0.8103489734507443,-0.6347921486967619,-0.5999490381033773,-0.9066502202202229,0.7802798607291462,1.4203297315654508,1.2962844998824536,0.3328173911626478,0.9643648018857924,-0.056304294708800835,0.26340165935299725,-0.8666270153761261,1.3604371254218772,-1.2121882051884687,-0.5435924823320559,0.3005239294317492,0.5141475254281405,-0.11385623077753179,-0.01127503381215943
-0.34860390656852797,-0.6866468182526327,1.1529385698210193,-1.4342784820679992,1.0409689561140743,-0.5013344735260291,1.0711577212059948,1.1359316235132426,1.2559291836589774,-0.8322376537474376,1.021756720819084,-0.056304294708800835,-0.6337429569719232,-0.41558708889085194,1.3604371254218772,0.02473853479976469,-0.5318395223135671,0.7892449750385826,1.537049095279749,0.7704640082712578,-0.7159646470721233
-0.9677282831709633,-1.0642288388415369,-1.2763331135318399,-0.9012875931538411,0.4023921412563566,0.2557647514310499,1.5074745119212678,1.4951987033378786,-0.3201701110690107,1.4978724360727331,0.23239709733657837,-0.9836691487361071,0.44283058261798136,1.3067139215649397,-1.308831269781283,-1.2121882051884687,-1.4341052221944721,-1.1829697409209081,0.8646522591535168,0.9915440680334553,-0.01127503381215943
-1.070445472742876,-0.8830095307338877,0.4054703595586011,-0.23504898201114324,0.9787434198419963,-1.2058573634166443,0.05308520953702465,-1.099219137942778,1.699837662117216,-0.05553429047404732,0.5043464978204841,0.7385798658860332,-1.3514586500318595,-0.1276702978735722,-0.4190751380468963,0.02473853479976469,1.2790203943812755,-1.4651108268244275,-0.8449524624865843,-0.777096410064124,-0.01127503381215943
-1.6089236954827881,-1.5514549314816448,1.5889616924740968,1.230675962502792,-0.2096623138788361,-0.7661280155880378,-0.6741094416550969,0.8130591827446478,1.2940425378700384,-0.4438859721107425,-1.1887151107116243,-1.6460726158984689,-0.0954561871769709,-0.5179475992163967,-1.308831269781283,1.2616652747879982,0.00970071238449111,0.7954839671101592,-0.22262773117826298,-0.3349362905397292,0.6934145794478044
-0.8887507890619947,-0.6034389884519329,0.5923374121242057,-0.10180125978260367,0.9142736839010893,1.1973591158031744,-0.5286705114166727,0.3792697467576415,-0.4703815659008389,0.721169072799343,-0.37551576705682793,-0.18878498814127317,-0.45431403370693907,-0.14564652682769544,0.47068099368749056,-1.2121882051884687,0.7872042212999003,-0.9334100580578443,-0.5659793070725092,-0.11385623077753179,1.3981041927077682
0.8830734236893538,0.41372536301024865,1.4020946399084921,0.4311896291315546,1.506742396471956,0.36952082184758067,-0.23779265093982396,-1.0924601335466562,1.0945079187650726,-0.4438859721107425,0.8901967835719999,-0.18878498814127317,1.3399751989429018,-0.6139198628888233,1.3604371254218772,0.02473853479976469,0.34692025753036043,-1.3950954713545123,-0.05810510106226998,1.43370418755785,0.6934145794478044
0.9376575205762537,0.8102851756186394,-1.0583215522053013,-1.7007739265250785,1.3245541869933801,0.4622463582375259,1.216596651444419,-1.3609139235362178,-0.08476409976539938,1.1095207544360381,1.4235001533521268,1.2685026396159225,-0.9926008035018913,-1.3937316461962028,0.47068099368749056,-1.2121882051884687,0.8821319752953862,-0.12927330216574962,0.34247173748101734,0.10722382898466562,-1.420654260332087
1.4903107498824455,1.5328488323810459,0.0005917456664579177,1.230675962502792,-0.782137247581953,-0.17440526274910864,-0.8195483718935213,0.8797826876807234,-0.257395174721381,1.4978724360727331,0.8071992392684701,1.1360219461834502,-0.0954561871769709,-0.09513480910536566,-0.4190751380468963,1.2616652747879982,1.1768600496051809,1.1878472462781984,1.7230311988891325,1.2126241277956527,-0.7159646470721233
0.7056450041206537,1.1820104522083497,0.6234819208851398,-0.3682967042396828,-1.628200522730501,0.6601245647603988,-1.5467430230856427,0.3473811106323482,1.0182812103429508,-1.2205893353841328,1.0870952131431395,-1.3811112290335241,-1.3514586500318595,0.87483873503902,1.3604371254218772,1.2616652747879982,-1.1827726925683284,-0.5916519368037041,-0.830646146824324,-0.5560163503019266,-0.7159646470721233
-1.5948174996279951,-1.4470851647998804,0.24974781575393068,1.3639236847313316,-0.8747614884590788,-0.42677167106813496,-1.4013040928472185,-1.152944557501696,0.1730615316623654,0.721169072799343,1.1965813354158807,0.07617639872367149,0.44283058261798136,1.6861460599850286,1.3604371254218772,-1.2121882051884687,1.3576748191203925,0.25269165688299533,-1.0738535130827485,-0.9981764698263215,-0.01127503381215943
-0.12617328168746406,-0.4246465079682592,0.0005917456664579177,-0.6347921486967619,1.6668966455656646,-1.3712338355347942,-0.9649873021319455,-0.2082437122898819,0.16409368361270402,-0.4438859721107425,-0.8946918952533754,-0.18878498814127317,-1.3514586500318595,-0.05041708253353842,1.3604371254218772,-1.2121882051884687,0.1597769710821166,-0.2332565033586929,-1.6675656130665493,-1.4403365893507163,1.3981041927077682
-1.461066679175538,-1.2945671380584458,-1.338622131053708,-1.0345353153823806,-1.6620675359146484,0.34562248772646076,-1.6921819533240672,-1.6612563496510726,-0.17892650428684392,0.721169072799343,-0.6068493479879427,-1.6460726158984689,1.5194041222078858,1.0384075621339761,0.47068099368749056,-1.2121882051884687,-1.1411852955798296,-0.6263130038680185,0.5856791037394418,1.6547842473200474,-0.7159646470721233
0.6858103165345851,0.3380568776946987,-0.3419978507038171,-1.3010307598394597,-0.6395285595354531,0.621887230166607,-0.09235372070139966,1.5719740609656228,-0.8672088420983551,1.1095207544360381,0.8403099617299847,1.5334640264808672,-0.8131718802369072,0.7656442864333953,-0.4190751380468963,0.02473853479976469,-1.6673562748690949,-1.4768955896262945,1.6801122519023517,-0.9981764698263215,-0.01127503381215943
-0.41356121821206215,-0.7375940195052876,0.997216026016349,-1.0345353153823806,-0.5546570084233731,-1.3358643010355367,0.4894020002522976,-0.5907340379883728,1.090023994740242,-0.8322376537474376,0.5034635452215105,-0.3212656815737455,0.8016884291479495,1.501481162547217,1.3604371254218772,0.02473853479976469,1.715688062760511,-1.036006816568215,0.707282786868654,-1.2192565295885187,-0.01127503381215943
-0.6174301536695632,-0.708989811244032,-0.7780209733568945,0.29794190690301503,-0.4144965381974139,1.382810188583065,0.05308520953702465,-1.4515539055662634,-0.03544093549226177,-1.6089410170208278,1.6005321494463578,0.3411377855886162,1.5194041222078858,-1.2233288808211666,-1.308831269781283,1.2616652747879982,0.6452646272304593,0.12305926606245939,1.5942743579287901,0.9915440680334553,1.3981041927077682
1.1727665190487595,0.7525590358696803,-0.4354313769866194,-1.1677830376109202,1.3206778421108574,1.2633185179774655,-0.8195483718935213,-0.02401751554430153,1.1953962093237631,0.721169072799343,-0.252343879499994,0.07617639872367149,0.44283058261798136,-1.303107682047317,1.3604371254218772,-1.2121882051884687,0.039535149354501,-1.1046357293555575,-0.5659793070725092,1.6547842473200474,1.3981041927077682
0.025571539818789953,-0.16992668055581148,1.4020946399084921,1.4971714069598712,0.24631825519688244,1.2919965189228095,1.3620355816828436,-1.3746052401334903,0.7425198828158632,-1.6089410170208278,-1.0341984058912232,-1.3811112290335241,-0.0954561871769709,1.155773023900566,-0.4190751380468963,1.2616652747879982,-0.6186306116808686,-1.4249039890298227,0.21371489652067496,-1.6614166491129136,-1.420654260332087
-0.3616263337174038,-0.45583933236175506,-0.310853341942883,0.5644373513600942,-1.3229893677697515,1.4994340590941302,1.3620355816828436,0.7757980046634627,1.7110474721792928,1.4978724360727331,0.18074437029661575,-0.9836691487361071,1.1605462756779177,0.10111807063345092,-1.308831269781283,-1.2121882051884687,-1.414215597547799,0.8994671683031025,1.7373375145513927,-0.5560163503019266,-0.7159646470721233
1.4848919063528603,1.179923380451731,1.1217940610600854,-0.9012875931538411,1.6375180317191753,-0.9171654872335157,0.9257187909675705,-1.5992121554507737,-1.4725385854504984,0.721169072799343,-0.9693013898666547,1.2685026396159225,-1.1720297267668753,-0.29019917783895094,-1.308831269781283,-1.2121882051884687,0.6624420303344044,0.18128985873050762,-1.0953129865761388,0.9915440680334553,-0.7159646470721233
-0.05120401152260124,0.3232694080392759,-0.12398628937727846,-1.567526204296539,-0.6311638153152721,-1.1714437622822316,1.0711577212059948,-0.2896983806534028,1.175218551212025,-0.05553429047404732,1.4751528803920895,0.07617639872367149,1.5194041222078858,1.3443005821053793,0.47068099368749056,-1.2121882051884687,1.70212695504687,-0.1486834997217657,-0.24408720467165337,-1.6614166491129136,0.6934145794478044
0.13756097276354834,0.0007763745146112503,1.6201062012350307,-0.9012875931538411,1.5901858205220538,-0.7336262811833147,1.0711577212059948,-1.6285011745006355,1.1976381713361786,0.721169072799343,-1.5630870126764815,1.2685026396159225,0.8016884291479495,-1.0766963355507564,-0.4190751380468963,-1.2121882051884687,0.5810753840525592,-1.0470983580287956,-1.3170608793411729,-0.5560163503019266,0.6934145794478044
-1.427899916238903,-1.5727139414676685,-0.4354313769866194,-1.0345353153823806,0.04107599457488116,0.9392571072950795,1.5074745119212678,0.5737211039999192,-0.37173523735456365,1.4978724360727331,-0.678368508504814,-0.45374637500621784,1.5194041222078858,-0.4311862958345126,-1.308831269781283,-1.2121882051884687,-0.31757402043804156,-0.5493654349852405,1.7373375145513927,-1.2192565295885187,1.3981041927077682
0.5178433697953193,0.16960268288915975,0.34318134203673295,-1.567526204296539,1.4614503667919516,0.14870021456843263,-1.2558651626087942,-1.0550256476604423,-0.6295608687823284,-1.6089410170208278,1.2985623605973455,-0.056304294708800835,-0.8131718802369072,-1.2971651270211606,-1.308831269781283,-1.2121882051884687,-0.16568961404526397,0.40935968001369655,-0.13678983720470142,-0.777096410064124,0.6934145794478044
0.9644420900224886,1.2152256329551583,0.9037824997335466,0.4311896291315546,-0.41021215701146757,1.2824371852743615,-0.8195483718935213,0.11774826896923067,-1.4792644714877445,-1.6089410170208278,1.716198939911915,-1.1161498421685794,0.08397273608801319,-0.4831836523133815,-0.4190751380468963,0.02473853479976469,-0.06895371235462587,-0.557684091080676,1.5585085687731395,-1.4403365893507163,0.6934145794478044
-0.013994619286117001,-0.3479587550506396,-0.5600094120303558,0.4311896291315546,-1.2481147060915463,-0.8445145515053111,-0.9649873021319455,-0.5839750335922509,-0.13857118806336768,1.1095207544360381,-1.6226863131072076,0.20865709215614384,-1.3514586500318595,-0.5076966917962769,0.47068099368749056,1.2616652747879982,-1.1836767664159042,-0.8828049001439452,0.2637870013385859,0.5493839485090605,-1.420654260332087
-1.2255792217898547,-1.0591001431295357,-0.09284178061634436,0.4311896291315546,-1.5567941696313952,0.6954940992596563,1.652913442159692,-0.722794585420294,1.6437886118068323,0.3328173911626478,-0.37463281445785424,-1.5135919224659964,-0.9926008035018913,-1.1988158413382715,-0.4190751380468963,-1.2121882051884687,-0.36820215590230077,-1.677236557258032,0.32101226398762694,-1.4403365893507163,0.6934145794478044
0.8289365964271181,0.3562580848745135,-0.8403099908787626,1.4971714069598712,-1.4382596234868794,0.48040909216957706,0.7802798607291462,-1.2678476322357692,-1.5891206100960966,1.1095207544360381,1.6751416440596372,0.7385798658860332,0.44283058261798136,-0.32912291326027565,1.3604371254218772,0.02473853479976469,1.5909258717950152,-0.3476380246709305,0.7573548916865649,1.6547842473200474,1.3981041927077682
-0.6001930704421211,-0.7095237133213066,0.8103489734507443,0.16469418467447547,1.5295924294636698,-1.1265148941345262,0.3439630700138733,1.3588054607802382,-0.02647308744260039,-0.4438859721107425,-1.192246921107519,-0.45374637500621784,-0.8131718802369072,0.18683942688575764,0.47068099368749056,-1.2121882051884687,-0.4170221436714079,-1.5781059054540925,-0.1582493106980918,0.328303888746863,-0.7159646470721233
-1.5358811252395554,-1.5025462654331292,1.0906495522991513,0.5644373513600942,-0.1562095581303626,-0.15146286199283354,-1.1104262323703697,0.3167056291422563,-0.723723273303773,0.721169072799343,-0.1914201501708073,0.07617639872367149,0.8016884291479495,0.49778361862939363,1.3604371254218772,0.02473853479976469,-0.06352926926916952,0.36776639953651924,-0.5087540444234682,0.5493839485090605,0.6934145794478044
-1.127489552565429,-0.9350245361410917,-0.9025990084006308,-0.7680398709253015,-0.22312751189181035,1.063528444724903,-0.8195483718935213,1.5400854248403295,-0.7864982096514027,0.3328173911626478,1.5418158016146053,0.20865709215614384,1.3399751989429018,0.283108818309492,0.47068099368749056,1.2616652747879982,-0.6430406055654222,-0.48420262890432936,-0.30131246732069444,-0.777096410064124,0.6934145794478044
-1.2378275284345042,-1.1655569815679188,0.06288076318832611,-0.5015444264682224,1.0815685683047087,-1.527050974004496,-0.8195483718935213,-0.4543407954307324,-0.1296033400137063,1.4978724360727331,1.5042903161582222,-0.9836691487361071,0.44283058261798136,0.8151160570261478,1.3604371254218772,-1.2121882051884687,1.712975841217783,0.8183602713726067,-1.653259297404289,-0.3349362905397292,0.6934145794478044
0.8309149043823635,0.9664434437960369,-0.653442938313158,1.3639236847313316,-0.6315718516186956,0.7843959021902224,0.05308520953702465,1.5780398341416295,-0.7708044755644953,-0.8322376537474376,-0.2267382541297561,-0.3212656815737455,0.8016884291479495,-0.5079938195475847,-0.4190751380468963,0.02473853479976469,-0.608685799357532,1.7694599516173946,1.6729590940712216,-1.4403365893507163,-1.420654260332087
-1.4330435169225408,-1.6379794257017777,-1.681211727423983,-1.567526204296539,0.5425526114823157,1.6122341961458162,-1.4013040928472185,0.09157879040988672,-0.04216682152950781,-0.4438859721107425,0.974960233073477,-1.1161498421685794,-0.6337429569719232,-0.20685484359710682,-1.308831269781283,0.02473853479976469,0.5277350270455718,0.09463719106972156,0.39254384229892825,1.43370418755785,0.6934145794478044
-0.20074689026127784,-0.023103609305305722,-0.5600094120303558,-0.5015444264682224,-0.995132197969,1.4153119229877882,0.7802798607291462,-0.7801594688848162,-0.9815489047315378,-0.8322376537474376,-0.2126110125461766,-1.2486305356010519,1.3399751989429018,1.3058225383110162,1.3604371254218772,-1.2121882051884687,0.29990841745640545,1.4394865931651213,0.5570664724149212,1.6547842473200474,-0.01127503381215943
1.3836541470779136,1.7368964990048892,-0.7468764645959604,-1.3010307598394597,-0.6931853334356383,0.015825476855005887,-1.2558651626087942,-1.4640320675283347,-1.0577756131536595,0.721169072799343,-0.004234199188378629,-0.056304294708800835,0.9811173524129336,-0.8743523369101295,-1.308831269781283,1.2616652747879982,0.7682186705008031,0.3608341861236563,1.6658059362400914,1.43370418755785,1.3981041927077682
0.8512828749824547,0.44516087016614203,-1.650067218663049,0.29794190690301503,0.624975944773855,-0.3961818033931015,-1.4013040928472185,0.4134113843483088,-1.3626824468421466,-0.8322376537474376,-1.2262405961680074,0.8710605593185055,-0.0954561871769709,1.593442201576988,1.3604371254218772,-1.2121882051884687,-1.3690119051689962,-0.5777875099779782,1.7802564615381735,0.5493839485090605,-0.01127503381215943
1.4803676020726035,1.767377453962019,1.4020946399084921,-1.4342784820679992,0.6978104249349429,0.6343143639095893,0.4894020002522976,-1.5971324617904283,1.175218551212025,0.721169072799343,-1.1030687086111735,-0.18878498814127317,-0.27488511044195496,-0.7693176768228144,0.47068099368749056,1.2616652747879982,1.5683240256056137,-1.5635482572870805,0.049192266404681974,0.5493839485090605,-0.7159646470721233
-1.4932356867956145,-1.346841005078874,1.0595050435382172,-0.5015444264682224,0.08534793349632676,0.031120410692522634,0.19852413977544897,0.2290118797976997,-1.494958205574652,-0.05553429047404732,0.9979170006467938,1.5334640264808672,0.8016884291479495,1.5059380788168344,-1.308831269781283,0.02473853479976469,0.26193731585821106,-1.5184888701034718,-1.266988774523262,-1.6614166491129136,1.3981041927077682
-1.6411443111364796,-1.692809551152793,-0.9337435171615649,0.29794190690301503,0.8669414727039678,-0.20595106378898695,-1.5467430230856427,-0.15278521468067613,1.5204807011239883,0.721169072799343,-0.5004535598116093,-0.18878498814127317,1.1605462756779177,0.3624419279086806,1.3604371254218772,1.2616652747879982,-0.51285397151447,-0.9451948208597112,1.7087248832268722,0.7704640082712578,-0.01127503381215943
0.7632223669572292,0.3792967684514523,-0.5911539207912898,-0.6347921486967619,-1.1167270163891916,0.03494414415190182,1.3620355816828436,-1.2061500536455279,1.3792370943418215,0.3328173911626478,1.4014263383777839,0.4736184790210885,-1.1720297267668753,-1.592212984069828,-0.4190751380468963,-1.2121882051884687,-0.8799079536303491,-1.2744749579706982,-1.0953129865761388,0.7704640082712578,-1.420654260332087
-1.033287688540007,-0.9478058282940283,-0.7780209733568945,1.4971714069598712,-1.0893885840598196,1.6552511975638322,-1.4013040928472185,-1.6328338696263547,1.6393046877820017,-1.6089410170208278,0.9493546077032391,1.6659447199133395,0.08397273608801319,1.3016627497927067,-1.308831269781283,-1.2121882051884687,0.37765876834794637,0.9195705872004049,0.5713727880771815,0.5493839485090605,-1.420654260332087
1.0346290157390192,0.5383834086284467,1.0906495522991513,-1.1677830376109202,-0.3398258946709204,1.19449131570864,-1.4013040928472185,-0.633887681440536,-1.2595521942710406,-1.2205893353841328,-1.700386141816895,0.07617639872367149,-0.45431403370693907,-0.6807736069330833,-1.308831269781283,1.2616652747879982,-1.4856374315063074,0.5001716757222003,-0.5659793070725092,-0.3349362905397292,0.6934145794478044
-0.8380544973740987,-0.656068790190544,0.24974781575393068,0.8309327958171733,-0.42979789957579373,0.11046287997464076,-0.3832315811782483,1.6731858191024231,-1.3985538390407921,1.1095207544360381,-1.0456767896778816,0.4736184790210885,-1.7103164965618276,-1.3169241224831307,-0.4190751380468963,-1.2121882051884687,-0.8048698242815364,-0.8800320147788,1.472670674799578,-0.3349362905397292,-1.420654260332087
1.4418508063178703,1.6894601083815854,-0.964888025922499,-1.0345353153823806,0.47502260326573276,1.2346405170321215,-0.6741094416550969,-0.7652549976523422,0.13270621543888916,-0.05553429047404732,0.4610818204707719,0.07617639872367149,1.1605462756779177,1.4144227314140252,0.47068099368749056,-1.2121882051884687,-0.20004442025315416,-0.2720768984707251,1.2795354133590644,0.7704640082712578,-0.7159646470721233
0.6647714414974977,0.09186330466781759,0.997216026016349,-0.6347921486967619,0.20796284267507703,1.2269930501133632,-0.9649873021319455,-1.3205332049645147,-1.3963118770283767,-1.2205893353841328,0.07214120062284816,-0.18878498814127317,-1.5308875732968434,1.3133992959693657,1.3604371254218772,-1.2121882051884687,0.7157823873413918,0.8356908049047639,-1.6961782443910698,-1.2192565295885187,-0.01127503381215943
0.9244802693265326,1.1773024066178377,-0.27970883318194895,1.230675962502792,-1.23322138101659,0.5023955595610073,-0.5286705114166727,0.12433396556032386,0.390531846866654,0.3328173911626478,0.9701039937791216,1.6659447199133395,0.9811173524129336,0.09918674024995008,1.3604371254218772,0.02473853479976469,1.0466734155542288,1.0803979383788238,-0.5945919383970297,-0.3349362905397292,-0.7159646470721233
0.9203688293151966,0.49360034954068904,1.028360534777283,-0.23504898201114324,1.0656551524711937,0.09421201277227921,0.3439630700138733,0.15431621583030072,0.17081956964995004,1.1095207544360381,1.4274734400475086,0.20865709215614384,0.8016884291479495,-0.9608165125407058,-0.4190751380468963,1.2616652747879982,0.9996615754802737,0.49254624096805116,-0.20832141551600272,-1.6614166491129136,-0.7159646470721233
-0.29949026124482825,-0.40105774346321926,1.7446842362787671,0.9641805180457129,-0.6748236997815825,-0.1619781290061263,-0.09235372070139966,-1.6083974691172984,0.3143051384445322,-0.8322376537474376,-1.1679657246357418,0.7385798658860332,-0.8131718802369072,-0.647792426537915,-1.308831269781283,-1.2121882051884687,-0.33113512815168245,0.9847333932813159,-1.1954571962119607,0.10722382898466562,-0.01127503381215943
-0.8359901760294949,-1.1696664096778504,-0.15513079813821254,-1.0345353153823806,0.3554679663626585,1.5223764598504055,0.7802798607291462,-0.11084472586371429,-0.6340447928071592,-0.4438859721107425,0.045211146354149696,0.8710605593185055,0.9811173524129336,0.40299986596219833,1.3604371254218772,-1.2121882051884687,0.025069967793284083,-1.3576615189250527,-0.4515287817744272,-0.9981764698263215,-1.420654260332087
-0.2699188579833782,-0.09006787287619755,0.685770938407008,-0.5015444264682224,-0.7278684192266326,-0.8053212835466744,0.6348409304907219,1.1189474586204233,-0.6856099190927121,0.721169072799343,0.05977986423721608,-1.6460726158984689,-0.0954561871769709,1.3701506964691597,-0.4190751380468963,0.02473853479976469,0.5548572424728536,0.06690833741827001,0.764508049517695,1.2126241277956527,1.3981041927077682
-1.178306262998427,-1.070069403989904,0.37432585079766706,-0.5015444264682224,0.6068183292715109,1.1113251129671429,-0.09235372070139966,-0.9600529705046773,0.016124190793291183,1.1095207544360381,-1.4858286602662811,-1.6460726158984689,0.8016884291479495,0.09710684599079533,1.3604371254218772,-1.2121882051884687,-1.004670144595845,0.15564066910291494,0.7788143651799553,-0.11385623077753179,-0.01127503381215943
1.1307059716524563,1.5560978410187292,0.15631428947112838,1.6304191291884107,0.2018422981237251,0.4469514244000092,-0.23779265093982396,1.590344688298672,-0.1587488461751058,-0.4438859721107425,1.5475549935079345,-1.1161498421685794,0.08397273608801319,1.3757961237440084,-0.4190751380468963,1.2616652747879982,0.41562986994614076,1.7639141808871042,-0.8735650938111048,-0.11385623077753179,0.6934145794478044
0.8124564310260308,0.7296821408010065,-1.650067218663049,-0.3682967042396828,-1.034507701249364,-0.22220193099134847,-1.1104262323703697,0.13889182118274038,-1.306633396531763,1.4978724360727331,0.06110429313567666,0.20865709215614384,-0.27488511044195496,-1.378281003128196,1.3604371254218772,0.02473853479976469,1.09910969871364,-0.5999705928991395,1.1579317302298522,0.10722382898466562,-0.7159646470721233
-0.08727802701955337,0.22182801335710825,-1.4943446748583786,0.29794190690301503,-0.025025886579719648,-0.8521620184240695,1.216596651444419,-1.6702683555125686,-0.17668454227442856,0.3328173911626478,1.2689834485317257,0.8710605593185055,0.9811173524129336,1.0311279322269344,-0.4190751380468963,0.02473853479976469,-0.5951246916438911,1.0554419700925173,-0.5945919383970297,-0.3349362905397292,-0.7159646470721233
0.9670740997368585,1.0306896604280764,-0.5600094120303558,1.3639236847313316,-1.2687205394144312,1.1533861810203139,-0.8195483718935213,1.2853229514480404,0.6349057062199267,-0.05553429047404732,-0.8165505902442012,1.6659447199133395,0.44283058261798136,0.355013734125985,-1.308831269781283,0.02473853479976469,-0.8130064889097209,-0.5368874508420872,-1.216916669705351,0.328303888746863,-1.420654260332087
-1.5978107655776708,-1.4487354075841836,1.3086611136256898,0.0314464624459359,-1.1473297391459514,-0.2833816663414155,0.3439630700138733,-0.8493092830912946,0.3703541887549158,0.721169072799343,0.2937623029652519,-0.9836691487361071,0.8016884291479495,-0.17506217420716985,-1.308831269781283,0.02473853479976469,-0.09155555854402729,-0.1299665235070359,-1.0166282504337074,1.43370418755785,-0.01127503381215943
-0.9931710437432056,-0.8984441544223706,-0.4354313769866194,-1.7007739265250785,-0.8451788564608779,-1.521315373815427,-0.23779265093982396,1.4503119818354275,0.5115977955370826,0.3328173911626478,-1.2015179233967432,-0.3212656815737455,0.44283058261798136,0.9739308401001787,-1.308831269781283,1.2616652747879982,-0.17201813097829638,0.14246946361847546,-0.2941593094895643,-0.5560163503019266,-0.01127503381215943
1.0369513772516985,1.3660610592106366,-1.587778201141181,0.9641805180457129,0.2177557139572401,-0.4573615387431685,0.9257187909675705,1.5409519638654732,-1.4994421295994826,1.4978724360727331,-1.5123172382354926,1.4009833330483947,-0.9926008035018913,0.7137954938301804,-1.308831269781283,-1.2121882051884687,-1.2614271173074452,-0.8363590702777639,-1.3671329841590838,-0.5560163503019266,-0.7159646470721233
-1.31353651374785,-1.1013107649358793,-0.310853341942883,-0.3682967042396828,-1.1310082870090128,-0.11035772730450727,-0.23779265093982396,-1.292630648354883,0.5810986179219584,0.721169072799343,0.25711977010784254,-1.5135919224659964,1.1605462756779177,0.3227753731090863,1.3604371254218772,1.2616652747879982,-1.2062786126053058,1.4159170675613875,1.2723822555279343,-1.2192565295885187,-0.7159646470721233
0.29475904315513085,-0.07045910567447711,1.3086611136256898,-0.6347921486967619,-0.15335330400639838,-0.7890704163443129,-1.5467430230856427,1.4794276930802606,-1.5689429519843585,-1.6089410170208278,0.6107422859968175,1.2685026396159225,-0.45431403370693907,0.6261428071943729,-1.308831269781283,-1.2121882051884687,-0.9685071906928028,-0.3760600996636683,1.7373375145513927,-0.777096410064124,-0.7159646470721233
0.5296444068153046,0.304291616019789,-0.18627530689914665,1.4971714069598712,0.9724188571389326,-1.6513223114343194,0.6348409304907219,-0.042908066292437236,0.5810986179219584,-1.6089410170208278,0.7074255955844398,1.2685026396159225,0.6222595058829654,0.973485148473217,-1.308831269781283,-1.2121882051884687,-1.0390249508037352,1.6516123235987255,-1.6103403504175082,-0.3349362905397292,-0.7159646470721233
0.9001212774602072,0.8372553199464183,-0.3419978507038171,1.230675962502792,-1.134680613739824,0.5511481611680921,-0.09235372070139966,1.2036949752794908,-0.9254998544211541,0.721169072799343,-0.9445787170953905,-1.1161498421685794,1.3399751989429018,-1.6684262522802844,0.47068099368749056,0.02473853479976469,0.2800187928097322,0.4287698775697126,0.1278770025471134,0.9915440680334553,-0.7159646470721233
-0.8187186874463094,-0.6020637861316802,-0.7157319558350262,-0.3682967042396828,-0.36471610917975156,-0.4458903383650309,-0.5286705114166727,0.5420057756796547,-1.1317603595633658,-0.05553429047404732,-0.08105107529909228,-1.6460726158984689,0.8016884291479495,1.2331748031162537,1.3604371254218772,-1.2121882051884687,-1.0950775293534507,-1.0568034568068037,-1.5888808769241178,0.9915440680334553,-1.420654260332087
1.6219972489902987,2.091520730270987,-0.9025990084006308,-0.9012875931538411,0.3226210439370698,1.5348035935933877,1.5074745119212678,-0.4704584212984078,1.0429427924795196,-0.05553429047404732,-0.40906796581782934,0.20865709215614384,-1.5308875732968434,1.4496323699440021,-0.4190751380468963,1.2616652747879982,1.5167918162937783,-0.2637582423752896,-0.9450966721224061,-1.6614166491129136,-0.01127503381215943
-1.6720403205940506,-1.770192994655952,-0.9960325346834331,-0.3682967042396828,-0.2941258286874927,0.22995455058024034,1.652913442159692,0.5189558376108285,1.6258529157075097,0.3328173911626478,-0.05853578402526242,-0.056304294708800835,-0.8131718802369072,0.689431018222939,1.3604371254218772,1.2616652747879982,0.4300950515073577,-0.07658848022799171,1.1722380458921124,-0.11385623077753179,-1.420654260332087
1.051780085577103,0.5362963368718279,-1.7123562361849172,-1.7007739265250785,-1.3391068017549783,1.6294409967130226,-1.6921819533240672,-0.1302552000269363,-1.6787990905927104,-0.05553429047404732,-0.10489079547138273,-0.056304294708800835,1.5194041222078858,-0.9276867682698836,-1.308831269781283,-1.2121882051884687,-0.4170221436714079,-0.4744975301263213,0.6214448928950924,-0.3349362905397292,0.6934145794478044
1.6176277688108873,2.014331432977746,-1.4320556573365104,-0.6347921486967619,1.1174757630059733,0.833148503797307,-1.6921819533240672,0.00163203959995613,-1.5196197877112207,-1.2205893353841328,-0.6218595421704959,-1.1161498421685794,-0.27488511044195496,0.5202167638531342,-0.4190751380468963,-1.2121882051884687,1.6243766041553291,-1.5247278621750484,1.479823832630708,1.6547842473200474,-0.7159646470721233
-1.6630949281007672,-1.8216093825825754,1.1529385698210193,-0.7680398709253015,1.3698462166733845,1.679149531684952,0.9257187909675705,1.4780412306400306,-0.42554232565253197,-0.05553429047404732,-1.6328402679954055,1.2685026396159225,1.5194041222078858,0.6311939789666058,-1.308831269781283,1.2616652747879982,0.7817797782144439,-0.8266539714997558,-0.9522498299535362,-1.2192565295885187,0.6934145794478044
1.3297925626616252,1.107539201853961,-1.587778201141181,0.29794190690301503,1.2176486754964333,1.5252442599449398,0.3439630700138733,0.654482541143325,-0.8761766901480165,-1.6089410170208278,0.3714621316749393,-1.5135919224659964,-1.3514586500318595,-0.336996798669933,0.47068099368749056,1.2616652747879982,-0.005668543024301862,-0.545899328278809,1.1936975193855028,0.10722382898466562,-1.420654260332087
1.2992406067614883,0.951267681720778,1.7446842362787671,-0.9012875931538411,-0.10377689314044777,0.9736707084294921,0.3439630700138733,-1.676680744298633,1.3052523479321152,-1.6089410170208278,1.4446910157274961,0.7385798658860332,0.6222595058829654,1.016865800164159,1.3604371254218772,-1.2121882051884687,0.8694749414293215,-1.4283700957362542,-0.6947361480328516,0.7704640082712578,-1.420654260332087
0.9691556237593341,0.7612794364651648,1.5578171837131627,0.29794190690301503,-0.5779150777185104,-0.26521893240936434,1.3620355816828436,0.4206903121595171,1.654998421868909,1.4978724360727331,0.2412266233263156,-1.1161498421685794,0.08397273608801319,1.408183048636561,0.47068099368749056,0.02473853479976469,-1.1357608524943734,1.5982342803196812,-0.2726998359961739,0.7704640082712578,0.6934145794478044
-0.16099150169978219,0.07374299174213533,-1.1517550784881034,1.0974282402742523,1.632417577926382,0.9191825066333388,0.7802798607291462,0.6283130625839811,-0.02647308744260039,0.721169072799343,-1.4015066870642907,0.8710605593185055,-0.27488511044195496,-1.034058503238084,0.47068099368749056,0.02473853479976469,0.6100057471749931,0.9528452115821467,-0.09387089021792064,-0.5560163503019266,-1.420654260332087
-0.1789510973978356,-0.17753074044426742,1.713539727517833,0.9641805180457129,-0.7037942773246483,0.6180634967072278,-0.23779265093982396,1.3801223207987765,1.2245417154851626,-0.8322376537474376,1.3639008529214007,1.6659447199133395,1.5194041222078858,-1.0249961068231954,-0.4190751380468963,1.2616652747879982,-0.31214957735258525,-1.232881677493521,1.2723822555279343,1.2126241277956527,-1.420654260332087
0.5332397664904895,0.5427193406499492,0.34318134203673295,-1.3010307598394597,-1.6465621563845567,-0.7288466143590907,0.7802798607291462,-0.7524302200802133,1.7155313962041234,-0.4438859721107425,0.7595197989238893,1.2685026396159225,0.08397273608801319,0.6772487804193182,-1.308831269781283,0.02473853479976469,0.9300478892169173,0.4232241068394223,0.2637870013385859,0.9915440680334553,1.3981041927077682
1.2345241326081577,1.5489953255058948,-0.8403099908787626,0.6976850735886337,0.6737362830329586,1.2097862495461569,0.19852413977544897,-1.0832748198801314,-0.6430126408568205,1.1095207544360381,-1.1511896252552412,1.2685026396159225,-0.6337429569719232,-1.7012588687997987,-1.308831269781283,0.02473853479976469,-1.2451537880510763,-1.2869529421138515,0.8002738386733457,0.328303888746863,-0.7159646470721233
1.6805551644655612,1.4702528585333097,1.5578171837131627,-0.9012875931538411,-1.0279791203945887,1.4631085912300281,-0.8195483718935213,-1.554152126143294,-1.6048143441830038,-1.6089410170208278,-0.6443748334443258,-1.2486305356010519,-0.6337429569719232,-0.8000703990831739,-1.308831269781283,-1.2121882051884687,-0.8410327781845787,0.8731247573342236,1.7373375145513927,-0.9981764698263215,0.6934145794478044
-0.11554202676275428,0.023879773494856125,-1.681211727423983,1.230675962502792,0.33343400597779155,-0.38279873628527433,0.05308520953702465,0.44148724876296924,-0.723723273303773,-0.05553429047404732,-0.16449009590210883,0.8710605593185055,1.5194041222078858,0.6249542961891416,-1.308831269781283,1.2616652747879982,0.039535149354501,-1.5177956487621855,0.08495805556033263,0.5493839485090605,-0.01127503381215943
-1.587798807056342,-1.6717932239291668,0.15631428947112838,1.6304191291884107,0.8918316872127989,1.2212574499242945,0.7802798607291462,-1.1311077740680713,0.2604980501465639,0.3328173911626478,1.7184063214093495,1.1360219461834502,0.9811173524129336,-1.5711169137269727,1.3604371254218772,-1.2121882051884687,0.025069967793284083,-1.2037663811594967,-0.0008798384132289377,0.10722382898466562,1.3981041927077682
-1.312676379854265,-1.5356643730749788,1.1529385698210193,1.230675962502792,-1.045116645138374,0.05406281144879775,0.05308520953702465,0.22831864857758463,-0.5712698564595294,1.1095207544360381,-1.59001706694518,-0.3212656815737455,-0.0954561871769709,0.9861130779037994,1.3604371254218772,-1.2121882051884687,0.4924761469901056,0.6346566159317403,-1.3957456154836043,-1.6614166491129136,-0.7159646470721233
0.948323180856707,1.3053094743571216,1.370950131147558,-1.7007739265250785,1.7111685844871103,0.013913610125316294,-1.4013040928472185,1.1634875645128167,-0.847031183986617,1.1095207544360381,-0.7207502332555525,1.2685026396159225,1.5194041222078858,0.18550235200487245,-1.308831269781283,0.02473853479976469,0.38850765451885905,-1.0290746031553522,0.8145801543356059,1.6547842473200474,-0.7159646470721233
0.3093125086345879,0.07652575408429367,-1.0894660609662354,-1.567526204296539,0.26712810667147896,0.6276228303556758,-0.23779265093982396,0.7357639017018173,-1.176599599811673,-0.8322376537474376,1.3140140310793855,-1.3811112290335241,-0.6337429569719232,0.6429305251432648,1.3604371254218772,-1.2121882051884687,-1.7586677334742766,0.5022513397460592,1.1007064675808111,-0.5560163503019266,0.6934145794478044
-1.5299289986959477,-1.5916593757855024,-0.8403099908787626,-0.3682967042396828,1.6246648881613364,-0.831131484397484,1.5074745119212678,0.8374955832537041,1.5384163972233111,-1.2205893353841328,-1.347205102227407,-0.9836691487361071,-0.9926008035018913,-1.0615428202340575,-1.308831269781283,0.02473853479976469,0.05761662630602214,0.38509693306867643,1.1650848880609823,1.2126241277956527,-1.420654260332087
1.4668462972654484,1.4193056572806548,1.028360534777283,-0.23504898201114324,-0.9626933118468348,-0.08741532654823216,0.4894020002522976,-1.4973071660938582,-0.3986387815035478,0.721169072799343,0.3012674000565285,1.2685026396159225,0.6222595058829654,-1.378281003128196,-1.308831269781283,-1.2121882051884687,-0.8066779719766886,0.33379855381349105,-0.0008798384132289377,0.9915440680334553,1.3981041927077682
-0.6309170531209749,-0.2912033463512706,-1.1828995872490375,-1.3010307598394597,-1.5123182125582377,-1.0921012930001135,-1.4013040928472185,1.551697047777257,-0.8223696018500483,-0.4438859721107425,-0.10091750877600099,1.1360219461834502,1.3399751989429018,0.11315174456141773,0.47068099368749056,0.02473853479976469,-1.5326492715802624,-0.6436435374001757,0.39254384229892825,1.2126241277956527,-1.420654260332087
0.7960794816921737,0.23939824535468943,-0.9337435171615649,-1.1677830376109202,0.33425007858463845,-1.2049014300517995,1.652913442159692,0.5310873839628423,-1.6294759263195728,0.3328173911626478,-1.4973070440529395,0.4736184790210885,-1.7103164965618276,-1.1552866257716754,0.47068099368749056,1.2616652747879982,0.1850910388142462,-1.6467348182414352,-0.6303577275526804,-0.777096410064124,-0.01127503381215943
-0.6289043398099862,-0.32574519286585235,1.4643836574303604,-0.9012875931538411,-0.4122523385285849,0.8732977051207885,0.4894020002522976,1.0284807843954065,0.5183236815743287,-0.4438859721107425,-1.3560346282171443,-0.9836691487361071,0.44283058261798136,0.9880444082873003,-1.308831269781283,-1.2121882051884687,0.6904683196092621,-0.9756965598763079,1.4011390964882766,-0.777096410064124,-1.420654260332087
0.4263939342293691,0.4083701633866765,-1.4320556573365104,0.6976850735886337,-0.5724065876222936,-0.7594364820341242,1.216596651444419,0.6605483143193319,1.193154247311348,0.3328173911626478,1.6764660729580976,-0.7187077618711625,-0.27488511044195496,0.27419498577025736,-1.308831269781283,0.02473853479976469,-1.621248508642716,0.12305926606245939,1.1150127832430714,0.9915440680334553,-1.420654260332087
-0.859213791156288,-0.704508269565091,-0.24856432442101484,-0.10180125978260367,1.3335309856686963,0.6476974310174165,-0.6741094416550969,-0.9645589734354253,0.5205656435867441,1.4978724360727331,1.4998755531633536,0.07617639872367149,-0.8131718802369072,-0.5292384537660939,0.47068099368749056,0.02473853479976469,1.082836369457271,-1.2710088512642668,-0.1582493106980918,-1.6614166491129136,0.6934145794478044
-1.428639631387386,-1.3377161332127268,1.0906495522991513,1.4971714069598712,-0.7005299868972606,1.2996439858415678,1.216596651444419,-1.460739219232788,0.016124190793291183,-0.05553429047404732,-0.2920767464538114,-0.5862270684386901,0.8016884291479495,1.4609232244936994,0.47068099368749056,0.02473853479976469,1.3169914959794697,1.343128826726327,0.4712285784413597,0.5493839485090605,-0.01127503381215943
0.3913176740489755,0.37280904927002506,-0.18627530689914665,1.4971714069598712,-0.7560229241628514,0.11141881333948556,-0.23779265093982396,-1.170968569224688,1.4958191189874195,1.1095207544360381,-0.4757308870403452,0.6060991724535608,1.1605462756779177,1.29646301414482,-1.308831269781283,0.02473853479976469,0.5494327993873972,-0.1736394680080721,1.6801122519023517,0.10722382898466562,-0.01127503381215943
0.9528646878148354,0.9126002282454382,-0.4665758857475535,-0.3682967042396828,-0.0729701522319764,0.489968425818025,-0.8195483718935213,0.29157599741308493,-0.27308890880828846,-0.4438859721107425,1.2720737826281339,-0.3212656815737455,1.1605462756779177,1.5872025187995238,1.3604371254218772,0.02473853479976469,-0.8030616765863843,1.6973649321236206,-0.18686194202261233,-0.3349362905397292,1.3981041927077682
-1.0997072278026356,-0.8523829661193194,1.028360534777283,-0.5015444264682224,-0.4036835761566922,0.9641113747810441,1.3620355816828436,0.36523181455031134,1.5922234855212793,1.4978724360727331,0.2853742532750016,-0.3212656815737455,-0.6337429569719232,0.5482953363517235,-0.4190751380468963,-1.2121882051884687,0.9029256737896356,-0.04192741316367728,0.5928322615705719,-0.11385623077753179,-0.7159646470721233
0.9695340826725114,1.2441372393821175,1.5889616924740968,-0.3682967042396828,-0.4495876602918316,0.8092501696761871,0.4894020002522976,0.4418338643730268,-0.5510921983477913,0.721169072799343,0.03726457296338622,1.2685026396159225,-0.27488511044195496,1.061880654487294,1.3604371254218772,1.2616652747879982,-0.5155661930571981,-0.8661675879530742,-0.8091866733309336,-1.2192565295885187,-0.01127503381215943
-1.1666600500792867,-0.8090398247551205,1.5266726749522286,0.5644373513600942,0.9542612416365887,-1.7134579801492313,-1.4013040928472185,-0.6148238228873716,-0.5107368821243151,1.1095207544360381,-0.06957269151243392,0.6060991724535608,1.5194041222078858,-0.35527015537536405,1.3604371254218772,-1.2121882051884687,-0.7958290858057758,-1.4075734554976655,-0.1797087841914822,1.6547842473200474,1.3981041927077682
-1.2403907274373873,-1.2121197142465916,-0.18627530689914665,-0.3682967042396828,-0.8751695247625023,-1.1790912292009899,-0.9649873021319455,-0.9896886051645967,-0.01974720140535435,-1.6089410170208278,-1.5657358704734028,-1.3811112290335241,-0.27488511044195496,-1.180988176259802,0.47068099368749056,-1.2121882051884687,1.1226156187506175,-1.1524680019043114,1.644346462746701,1.2126241277956527,-0.7159646470721233
-1.5476821622595407,-1.2561100096438507,0.5300483946023375,-1.567526204296539,-1.6077987075593279,-1.2899794995229863,-0.23779265093982396,-0.11361765074417457,-0.373977199366979,0.721169072799343,-0.8439221208123865,-0.7187077618711625,-0.45431403370693907,1.3058225383110162,0.47068099368749056,1.2616652747879982,-0.47036250067839525,-0.3545702380837934,-1.1883040383808305,-1.6614166491129136,1.3981041927077682
0.9063486468497621,0.6460860185804705,-0.8403099908787626,-1.0345353153823806,0.888771414937123,-0.9305485543413428,0.7802798607291462,-1.5886403793440187,-0.9434355505204769,-1.2205893353841328,0.3515956981980306,1.4009833330483947,-0.27488511044195496,0.6629866483565428,-1.308831269781283,-1.2121882051884687,-0.8681549936118604,0.6110870903280065,-0.9307903564601459,-0.11385623077753179,0.6934145794478044
1.0212797377105811,0.5770670409546129,-1.0271770434443672,-0.7680398709253015,0.1947016628138145,-1.3062303667253479,-1.6921819533240672,-0.3316388694703647,1.401656714465975,-0.05553429047404732,-0.14020889943033155,0.7385798658860332,0.44283058261798136,0.4677737157473036,-0.4190751380468963,-1.2121882051884687,-1.4078870806147665,-1.2314952348109482,-0.24408720467165337,1.43370418755785,0.6934145794478044
-1.049613029840249,-0.8457496372804536,-0.18627530689914665,0.8309327958171733,0.8679615634625264,-1.6360273775968028,0.7802798607291462,-0.14463974784432404,-0.7371750453782651,1.1095207544360381,-0.1349111838364892,1.6659447199133395,1.1605462756779177,-0.03778915310295597,0.47068099368749056,-1.2121882051884687,0.06846551247693483,1.1850743609130534,0.5141475254281405,0.9915440680334553,0.6934145794478044
1.007517595413222,0.6107352295245636,-1.1517550784881034,1.230675962502792,-1.1565105559729791,0.626666896990831,1.5074745119212678,0.45708495121555837,-0.9075641583218313,0.721169072799343,-0.965328103171273,-0.8511884553036348,0.08397273608801319,0.01554527825679812,1.3604371254218772,0.02473853479976469,-0.8591142551360998,-0.04608674121139501,1.5513554109420093,-0.11385623077753179,0.6934145794478044
0.9799245001070174,1.3551241560519212,-1.6189227099021148,1.0974282402742523,-0.04195939317179331,0.800646769392584,1.5074745119212678,-1.3203598971594859,0.3972577329039,-1.6089410170208278,-0.30796989323533835,0.7385798658860332,0.26340165935299725,0.0460008727658499,1.3604371254218772,-1.2121882051884687,0.037727001659348884,0.7809263189431471,0.9075712061402976,1.43370418755785,0.6934145794478044
-1.3243569981291485,-1.3170233830056306,-0.3419978507038171,-0.7680398709253015,0.12553950938353775,-0.2910291332601738,-0.5286705114166727,1.0298672468356365,-0.9546453605825537,-0.8322376537474376,-0.9216219495220739,0.7385798658860332,1.1605462756779177,1.2123758605247061,-0.4190751380468963,-1.2121882051884687,-0.36729808205472475,0.3733121702668095,-1.5674214034307274,-0.11385623077753179,-1.420654260332087
1.4609629814333276,1.9011927291480173,-1.3697666398146422,0.8309327958171733,-1.3389027836032665,-0.7460534149262971,-1.4013040928472185,1.2952014963346803,-0.5084949201118998,1.1095207544360381,-1.1754708217270184,-0.45374637500621784,-0.9926008035018913,0.4178562535275894,0.47068099368749056,-1.2121882051884687,-0.9314401629421845,0.6284176238601636,-0.6017450962281599,-0.5560163503019266,1.3981041927077682
-1.4266441207542688,-1.5414078651183871,-1.3697666398146422,0.8309327958171733,-1.325029549286869,0.5157786266688346,1.216596651444419,-0.6884796400245979,-0.35604150326765627,1.4978724360727331,-0.013505201477602691,0.07617639872367149,-0.8131718802369072,-0.5540486210002971,-1.308831269781283,-1.2121882051884687,0.45179282384918307,-1.2592240884623997,-1.4958898251194261,-0.9981764698263215,-0.01127503381215943
-0.9217799305756561,-0.8674292973879663,1.370950131147558,0.16469418467447547,0.7928828836326095,1.1055895127780742,-0.9649873021319455,-0.8203668796514904,0.7694234269648474,-0.8322376537474376,-0.8258215925334252,1.6659447199133395,-1.7103164965618276,-0.119647848588261,-0.4190751380468963,0.02473853479976469,0.12090179563634615,-1.5794923481366652,0.09211121339146276,-1.4403365893507163,0.6934145794478044
-1.1192150645091419,-1.3104709484208974,0.15631428947112838,-1.1677830376109202,-0.7892778828918635,-0.7795110826958649,1.0711577212059948,0.397640374090691,0.9555062739953212,-0.05553429047404732,-0.041759684644761735,-0.7187077618711625,0.8016884291479495,-0.8514735000594271,-1.308831269781283,1.2616652747879982,-0.860922402831252,-0.7767420349271431,0.599985419401702,-1.4403365893507163,-1.420654260332087
-0.025761250950358895,-0.3742493876437054,-0.5911539207912898,0.16469418467447547,1.6018148551696225,0.9268299735520971,0.05308520953702465,1.4374872042632987,0.805294819163493,0.721169072799343,1.4998755531633536,0.4736184790210885,0.8016884291479495,1.4472553479335395,0.47068099368749056,1.2616652747879982,0.3586732175488492,0.6041548769151436,1.0077154157761194,0.10722382898466562,1.3981041927077682
0.11067318725008331,-0.22512891957583636,1.682395218756899,0.29794190690301503,-0.8296734769307863,1.4248712566362363,-1.5467430230856427,-0.5127455257254272,-1.3425047887304085,0.3328173911626478,1.3307901304598861,-0.45374637500621784,-1.1720297267668753,1.2380774110128328,1.3604371254218772,0.02473853479976469,-0.38809178054897403,0.00382519536121776,-0.37284404563199575,-1.6614166491129136,-0.01127503381215943
0.4693834262307441,0.12431807942578062,-1.650067218663049,-0.9012875931538411,1.2380504906676062,1.3082473861251709,1.216596651444419,-0.8519089001667262,0.38604792284182327,-0.8322376537474376,0.6332575772706474,1.6659447199133395,-0.0954561871769709,0.22531747068012062,-0.4190751380468963,-1.2121882051884687,-1.7188884841809302,-0.4072550600215513,1.5656617266042696,1.43370418755785,-0.01127503381215943
0.46737071291975535,0.32969241181739717,1.1217940610600854,0.16469418467447547,0.8104284446798183,-0.924812954152274,0.3439630700138733,-0.9470548851275198,0.22911058197274906,-1.6089410170208278,-0.826704545132399,-1.1161498421685794,-1.1720297267668753,-0.26598326610736345,0.47068099368749056,-1.2121882051884687,-0.482115460696884,0.9445265554867113,1.58712120009766,0.9915440680334553,0.6934145794478044
-1.375483356763837,-1.263083094350073,-0.310853341942883,0.4311896291315546,1.5159232132989837,-1.5681561086928222,0.4894020002522976,-1.3028558088515805,-0.062344479641245926,0.3328173911626478,-1.0147734487138014,-0.45374637500621784,1.1605462756779177,-0.8963397905069084,-1.308831269781283,-1.2121882051884687,-1.23972934496562,1.492171415102879,-0.7519614106818926,-1.4403365893507163,-1.420654260332087
0.5698814703572078,0.23480345171996286,0.34318134203673295,-0.23504898201114324,-1.5121141944065262,0.02920854396283304,0.05308520953702465,0.20925479002442016,1.1348632349885488,1.1095207544360381,-0.45939626395933136,0.8710605593185055,0.08397273608801319,-0.31708923933230887,0.47068099368749056,-1.2121882051884687,1.1868048619285176,1.239145625533384,0.3996970001300584,-0.9981764698263215,0.6934145794478044
1.6927002550429804,1.5872583077105722,1.3086611136256898,0.4311896291315546,-1.431935060783816,0.8828570387692365,0.7802798607291462,1.5286471097084307,0.643873554269588,-1.2205893353841328,-1.1595776749454914,-0.056304294708800835,0.08397273608801319,1.5118806338429909,1.3604371254218772,1.2616652747879982,0.8956930830090272,-0.1798784600796487,-1.216916669705351,-0.777096410064124,-0.7159646470721233
-1.3075327791706273,-1.1846803832448443,-0.6222984295522239,-0.10180125978260367,-0.20129756965865514,-1.5624205085037535,-1.5467430230856427,0.03248082889507683,-1.6249920022947422,-0.8322376537474376,-1.0108001620184197,0.07617639872367149,1.5194041222078858,-0.761443791413157,1.3604371254218772,-1.2121882051884687,-0.1991403464055781,1.4096780754898108,0.3353185796498872,0.10722382898466562,-0.7159646470721233
-1.7252310005733429,-1.3849260199244597,-1.0894660609662354,-1.567526204296539,0.1014653674815535,1.1208844466155907,0.4894020002522976,-1.3123877381281626,-0.6744001090306354,1.1095207544360381,1.5952344338525155,-0.9836691487361071,0.9811173524129336,-1.1480069958646337,-1.308831269781283,1.2616652747879982,-0.07799445083038643,0.2492255501765639,0.5141475254281405,0.7704640082712578,0.6934145794478044
-0.5639298254885803,-0.4882941071197181,0.46775937708046933,1.3639236847313316,0.5366360850826755,0.7461585675964305,1.3620355816828436,0.16662106998734325,0.7380359587910326,-0.8322376537474376,0.7008034510921369,1.1360219461834502,1.5194041222078858,0.8274468587054223,0.47068099368749056,1.2616652747879982,1.1018219202563682,-0.3039650801698943,-0.9164840407978856,-1.6614166491129136,0.6934145794478044
0.45212914032543033,0.18464901415780663,0.31203683327579884,-0.5015444264682224,1.6615921736211596,1.1094132462374533,0.05308520953702465,-1.396442023567115,1.0362169064422735,-0.05553429047404732,1.1851029516292224,-0.5862270684386901,-1.1720297267668753,-0.983843913267062,-0.4190751380468963,-1.2121882051884687,1.4815329362383123,-0.28455488261387824,-0.04379878540000972,-0.777096410064124,-1.420654260332087
1.4171133555383675,1.392659089969406,-0.27970883318194895,0.0314464624459359,0.9995532713165929,-0.08454752645369776,0.9257187909675705,0.1933104719617735,-0.3067183389945186,-1.2205893353841328,-0.8372999763200836,-0.9836691487361071,0.9811173524129336,1.5228743606413804,-1.308831269781283,0.02473853479976469,1.6496906718874589,-1.3736056097746374,-0.14394299503583155,0.9915440680334553,0.6934145794478044
-1.0330984590834182,-1.0593266470411067,-1.6189227099021148,-0.3682967042396828,0.8024717367630608,-1.263213365307332,-0.3832315811782483,-0.34931626558329903,0.5541950737729742,1.1095207544360381,1.6411479689991488,-0.056304294708800835,1.5194041222078858,-0.6622031224763444,1.3604371254218772,0.02473853479976469,1.3658114837485769,-0.3615024514966563,-0.6947361480328516,-0.11385623077753179,1.3981041927077682
-0.9841740432163072,-1.0696972904208943,0.6546264296460739,-0.3682967042396828,0.8457235849259478,1.614146062875506,-1.4013040928472185,-1.1160299950305685,-1.3021494725069322,-1.2205893353841328,1.1652365181523137,1.4009833330483947,-1.7103164965618276,-0.9737415697225961,1.3604371254218772,0.02473853479976469,1.540297736330756,-1.1725714208016138,1.6801122519023517,-0.777096410064124,-1.420654260332087
-1.718367132102535,-1.6688486730787435,-1.587778201141181,-1.1677830376109202,0.274676778284813,1.576864661646559,-0.09235372070139966,0.3411420296513126,1.3792370943418215,-1.2205893353841328,-1.567943251970837,-0.9836691487361071,-0.0954561871769709,-0.0969175756132126,-1.308831269781283,-1.2121882051884687,0.37856284219552244,-1.2294155707870895,-1.596034034755248,-1.6614166491129136,-0.7159646470721233
-0.9614493057477933,-0.6427212382586798,1.5578171837131627,0.29794190690301503,-0.9547366039300773,-0.6800940127520061,0.9257187909675705,-0.03268290579573993,1.1460730450506256,1.4978724360727331,-1.454925319302201,0.8710605593185055,-0.0954561871769709,-1.0293044592171587,-1.308831269781283,0.02473853479976469,0.4644498577152479,-0.2207785192155397,-1.1668445648874401,-0.9981764698263215,0.6934145794478044
1.0072079472115316,0.6315250528366187,-0.5911539207912898,-1.567526204296539,0.9563014231537059,1.6103223294161266,-0.23779265093982396,-0.763175303991997,1.511512853074327,1.1095207544360381,1.2160062925933026,0.20865709215614384,0.26340165935299725,0.7730724802160909,0.47068099368749056,0.02473853479976469,0.639840184145003,0.5805853513114098,-0.20832141551600272,-0.11385623077753179,-0.01127503381215943
1.2767395041053065,0.9969243987531667,-0.7780209733568945,0.16469418467447547,-0.6793120991192406,1.0272029768608006,-1.1104262323703697,-1.4787632309557799,-1.3156012445814242,-1.6089410170208278,0.4111949986287567,-1.2486305356010519,-0.9926008035018913,-1.1799482291302246,1.3604371254218772,-1.2121882051884687,-1.2270723110995552,-1.2800207287009886,-0.7090424636951118,0.5493839485090605,-0.01127503381215943
0.8844840432748332,0.5390629203631597,0.1874587982320625,0.0314464624459359,1.0664712250780406,-1.2460065647401257,1.216596651444419,1.447712364759996,1.668450193943401,-0.05553429047404732,1.676024596658611,1.2685026396159225,-0.6337429569719232,0.5995498734523227,-1.308831269781283,0.02473853479976469,-1.1999500956722733,0.5223547586433616,-1.0380877239270978,0.7704640082712578,-1.420654260332087
-1.507204261227434,-1.7350687095116162,1.682395218756899,1.6304191291884107,0.012309435183527105,-0.20117139696476297,-0.9649873021319455,1.1381846249786165,0.44882285918945297,0.721169072799343,1.120205935604654,1.2685026396159225,0.08397273608801319,0.48456143369619553,-0.4190751380468963,0.02473853479976469,0.9797719508336005,0.701205864695224,0.6715169977130033,0.5493839485090605,1.3981041927077682
1.4282606907992283,0.9588717416092339,1.7446842362787671,1.6304191291884107,-0.5760789143531048,-0.7450974815614523,0.19852413977544897,-1.158317099457588,0.5564370357853896,0.3328173911626478,-1.1785611558234264,-1.5135919224659964,-0.9926008035018913,-0.5356267004192121,1.3604371254218772,0.02473853479976469,1.5800769856241024,-0.5486722136439541,0.9004180483091675,-0.5560163503019266,0.6934145794478044
-1.5543912066295034,-1.3348362977656094,0.7792044646898103,-0.23504898201114324,0.6192634365259265,1.4067085227041851,1.0711577212059948,0.4307421648511856,-0.13184530202612166,-1.6089410170208278,-1.3361681947402355,0.3411377855886162,1.1605462756779177,-0.7222229282405245,-0.4190751380468963,-1.2121882051884687,-0.5490169254175122,1.1705167127460412,-0.7376550950196323,0.9915440680334553,1.3981041927077682
0.9350599162176273,1.0077804076577495,0.7169154471679421,-0.9012875931538411,1.2341741457850834,1.2872168520985854,1.652913442159692,-1.463858759723306,0.4084675429659767,1.4978724360727331,-0.6646827432207213,0.6060991724535608,0.8016884291479495,-1.4874754517338207,0.47068099368749056,0.02473853479976469,-1.7134640410954738,0.6159396397170105,0.41400331579231864,-1.2192565295885187,0.6934145794478044
0.1538175033523036,0.5485599057983164,0.685770938407008,0.6976850735886337,-0.1296871984078376,-0.49273107324242593,0.9257187909675705,-0.4219322358903528,0.38380596082940793,-0.05553429047404732,-0.6284816866627988,1.0035412527509777,-1.5308875732968434,-0.5870298013954653,0.47068099368749056,0.02473853479976469,-0.797637233500928,-1.6723840078690277,0.1994085808584147,-0.11385623077753179,-1.420654260332087
-0.7275616974041781,-0.3568085864527362,0.06288076318832611,-0.7680398709253015,0.9803755650556901,-1.7172817136086105,0.19852413977544897,-1.4163724211454234,-1.3312949786683317,-0.05553429047404732,0.22136018984940686,0.6060991724535608,0.6222595058829654,-1.6245999089623806,0.47068099368749056,1.2616652747879982,0.6760031380480452,-1.406187012815093,0.0778048977292025,-0.3349362905397292,1.3981041927077682
1.2543416175163546,1.2480039847296513,1.370950131147558,-1.3010307598394597,-0.10357287498873605,-0.20308326369445254,0.7802798607291462,0.17840600072929946,-0.8672088420983551,1.4978724360727331,0.6584217263413984,-0.8511884553036348,-1.7103164965618276,1.6308802982417738,1.3604371254218772,-1.2121882051884687,-0.5625780331311531,-0.3025786374873217,1.7230311988891325,1.6547842473200474,-1.420654260332087
-1.2792687794274262,-1.4760614866301456,1.2463720961038216,1.3639236847313316,0.05250101107073809,-1.0643792254196143,1.3620355816828436,-0.027656979449905656,1.4038986764783903,-0.05553429047404732,-0.211286583647716,-0.9836691487361071,0.6222595058829654,-0.7106349459395195,-0.4190751380468963,0.02473853479976469,-1.4187359667856791,-0.057178282671975625,-0.60889825405929,-1.2192565295885187,-1.420654260332087
-1.0262345906126105,-0.7270454087664083,1.682395218756899,-1.7007739265250785,-0.07215407962512949,-1.4677831053841186,-0.5286705114166727,-0.6713221673267499,-1.15866390371235,1.1095207544360381,-0.4933899390198196,-1.2486305356010519,1.1605462756779177,0.898311827392338,1.3604371254218772,1.2616652747879982,-1.3274245081804974,1.0360317725365014,0.707282786868654,0.10722382898466562,-1.420654260332087
-0.12120170778254315,0.1336694552034988,-0.310853341942883,-1.0345353153823806,0.9195781558455943,1.4315627901901498,-0.8195483718935213,1.4090647242385808,-0.5309145402360532,-1.6089410170208278,1.5802242396699622,0.8710605593185055,-1.3514586500318595,-1.3953658488283958,-0.4190751380468963,-1.2121882051884687,-0.51285397151447,-0.7864471337051511,0.17079594953389418,-0.3349362905397292,0.6934145794478044
1.6873846275806255,1.7690276967463223,-1.6189227099021148,-0.3682967042396828,0.9287589726726223,1.3770745883939963,0.19852413977544897,-1.0995657535528356,0.6730190604309876,0.721169072799343,-0.946344622293338,-0.9836691487361071,-0.6337429569719232,1.3193418509955221,1.3604371254218772,1.2616652747879982,0.9888126893093611,-1.3167614597891617,1.8303285663560844,-0.11385623077753179,0.6934145794478044
0.7861191312044601,1.0364978678747907,-0.18627530689914665,-0.3682967042396828,0.792474847329186,-0.9467994215437043,-1.5467430230856427,-1.481016232421154,0.3994996949163153,-0.4438859721107425,-1.700827618116382,0.7385798658860332,0.26340165935299725,-1.620737248195379,0.47068099368749056,1.2616652747879982,-0.5255110053805347,0.6630786909244781,1.0005622579449893,-1.6614166491129136,-0.01127503381215943
0.36231395915729153,-0.0855539734956035,1.6201062012350307,-1.3010307598394597,-0.8947552673268284,0.5951210959509526,-1.1104262323703697,1.0009248433958322,0.5900664659716197,1.4978724360727331,0.28051801398064613,1.4009833330483947,0.08397273608801319,-1.121116934371276,-1.308831269781283,1.2616652747879982,-0.6059735778148039,-0.2998057521221766,-0.6017450962281599,1.2126241277956527,-0.01127503381215943
-1.552189263861926,-1.280265033927818,-1.4943446748583786,-0.5015444264682224,-0.7582671238316805,0.9985249759154569,-0.5286705114166727,0.4680033429323707,-0.9770649807067071,-0.05553429047404732,-0.4850018893295693,0.07617639872367149,-1.3514586500318595,0.8806327261895226,0.47068099368749056,-1.2121882051884687,0.06484921708663059,0.05443035327511682,0.9647964687893387,0.328303888746863,0.6934145794478044
-1.6252662394609019,-1.8388398587128,-0.5911539207912898,-0.3682967042396828,-0.4383666619476864,1.0606606446303686,-1.4013040928472185,-0.9071940899709031,0.7313100727537866,-1.2205893353841328,-0.4033287739245001,-1.2486305356010519,-1.1720297267668753,-0.4179641109013145,0.47068099368749056,0.02473853479976469,1.50955922551317,-0.9944135360910377,-1.0738535130827485,-0.3349362905397292,1.3981041927077682
-1.3722492533239576,-1.4928227760864017,-0.6222984295522239,-0.5015444264682224,-1.1410051764428877,1.4516373908518905,1.5074745119212678,1.4296883530370041,0.9712000080822286,1.4978724360727331,-0.6395185941499703,0.6060991724535608,-0.0954561871769709,-1.2151578676602015,1.3604371254218772,-1.2121882051884687,-0.624959128613901,0.689421101893357,-1.4028987733147344,0.5493839485090605,-0.01127503381215943
1.6142388412701627,0.9546975980959964,-1.4632001660974445,-1.3010307598394597,-1.6467661745362685,-1.3081422334550374,0.4894020002522976,-1.4461813636103715,0.47348444132602174,0.3328173911626478,-0.24616321130717794,0.6060991724535608,-1.1720297267668753,-0.4175184192743528,-0.4190751380468963,1.2616652747879982,1.699414733504142,1.4900917510790204,1.537049095279749,-0.11385623077753179,-1.420654260332087
-0.22130409031795775,-0.5168012422760146,0.8726379909726125,0.6976850735886337,-0.979218782135485,0.7432907675018962,-1.6921819533240672,0.9832474472828979,-0.6766420710430507,-0.8322376537474376,-1.1017442797127128,1.4009833330483947,1.1605462756779177,-0.5426092025749459,1.3604371254218772,-1.2121882051884687,0.7438086766162495,1.273113471256412,1.4655175169684478,0.10722382898466562,1.3981041927077682
1.5635425495822668,1.831057410815131,-0.964888025922499,0.29794190690301503,-0.08317105981756295,-1.493593306234928,0.19852413977544897,-0.48934897204654354,1.1348632349885488,0.721169072799343,-1.0183052591096962,0.4736184790210885,-0.0954561871769709,-0.02828106506110566,-0.4190751380468963,0.02473853479976469,0.40749320531795624,0.6402023866620306,1.5942743579287901,0.328303888746863,-0.01127503381215943
-0.6047689827559929,-0.4964482479362751,-1.2451886047709058,1.230675962502792,1.1356333785083175,-0.7278906809942459,1.216596651444419,1.138531240588674,-1.6743151665678797,-1.2205893353841328,-0.24748764020563854,0.7385798658860332,-0.6337429569719232,-0.4727841810176077,-0.4190751380468963,1.2616652747879982,-1.0968856770486028,1.5982342803196812,-1.3027545636789126,-0.11385623077753179,-0.7159646470721233
1.4788365637420224,0.8237459795062891,-0.7468764645959604,1.3639236847313316,-1.3623648710501157,1.1371353138179523,-1.4013040928472185,0.5539640142266397,-1.0689854232157363,-0.4438859721107425,-0.7141280887632496,-1.2486305356010519,1.5194041222078858,-1.6904137058770632,-0.4190751380468963,1.2616652747879982,-1.369915979016572,-1.6190059645899835,-0.2297808890093931,-0.9981764698263215,-0.01127503381215943
-0.7973013534960445,-0.8136669760915001,-1.1517550784881034,1.3639236847313316,-0.8496672557985359,1.675325798225573,-0.09235372070139966,0.1586489109560199,0.2066909618485956,0.721169072799343,0.6707830627270305,0.4736184790210885,-0.27488511044195496,0.45440296693845156,-0.4190751380468963,1.2616652747879982,-1.23972934496562,-0.5230230240163615,-0.3156187829829547,0.7704640082712578,-0.7159646470721233
1.2749504256066497,1.637170062510331,0.9037824997335466,-0.7680398709253015,1.6016108370179107,0.18789348252706928,-0.5286705114166727,0.7965949412669148,-1.4546028893511758,-0.05553429047404732,-1.703034999613816,0.07617639872367149,0.8016884291479495,-0.931995120663847,-1.308831269781283,-1.2121882051884687,0.9915249108520892,0.9084790457398242,0.1779491073650243,0.328303888746863,-0.7159646470721233
0.13649440673550303,-0.2566453209858623,-0.5911539207912898,-1.1677830376109202,0.22122402253633955,-0.6322973445097663,-0.9649873021319455,0.7324710534062707,-1.6160241542450806,1.1095207544360381,1.1272695563964437,1.5334640264808672,1.1605462756779177,-1.3863034524135072,1.3604371254218772,0.02473853479976469,-0.6575057871266391,-0.42319915087113597,-0.09387089021792064,-0.3349362905397292,-0.01127503381215943
0.4225405343861086,0.8652932684287463,-0.653442938313158,-1.0345353153823806,1.5377531555321389,-0.8626772854373622,0.3439630700138733,-0.9295507968196142,-1.6003304201581732,-0.4438859721107425,0.6191303356870678,0.3411377855886162,0.44283058261798136,-0.6385814662473726,-0.4190751380468963,-1.2121882051884687,-0.7885964950251674,0.40866645867241025,0.17079594953389418,0.10722382898466562,-1.420654260332087
-0.5020345905062085,-0.19358016046415744,0.34318134203673295,1.6304191291884107,0.40035195973923926,1.1964031824383297,0.05308520953702465,-1.5723494456713145,-1.391827953003546,-1.2205893353841328,-0.8417147393149522,-0.45374637500621784,-0.27488511044195496,-0.5148277578276645,-0.4190751380468963,1.2616652747879982,0.06032884784875031,1.3036152102730088,-1.7319440335467204,-0.777096410064124,-1.420654260332087
-0.2514603846270455,-0.01681003633379644,1.339805622386624,0.5644373513600942,1.1323690880809296,0.4976158927367834,-0.23779265093982396,-1.6794536691790931,0.5295334916364054,-0.4438859721107425,-1.0368472636881443,-1.2486305356010519,-0.0954561871769709,0.3640761305408736,0.47068099368749056,1.2616652747879982,1.1994618957945824,-0.15284282776948344,0.4068501579611885,-0.3349362905397292,0.6934145794478044
1.2928928186268314,1.6360537218033022,0.685770938407008,0.6976850735886337,0.7122957137064758,-1.3502033015082084,0.05308520953702465,0.9919128375343363,1.1886703232865172,-0.4438859721107425,1.505173268757196,-0.7187077618711625,0.08397273608801319,-1.4812357689563564,0.47068099368749056,0.02473853479976469,-0.03459890614673569,-0.32753460577362814,0.20656173868954483,0.5493839485090605,0.6934145794478044
-0.7014996404285546,-0.7359923132734639,0.49890388584140344,-1.7007739265250785,-1.1636511912828897,-1.3224812339277094,0.9257187909675705,-0.9096203992413059,-0.6183510587202518,0.721169072799343,1.419526866656745,-1.5135919224659964,-0.6337429569719232,0.5696885344458866,1.3604371254218772,1.2616652747879982,0.9553619569490469,-1.2848732780899925,-1.3671329841590838,1.43370418755785,-0.7159646470721233
-0.7323784472082537,-0.527382210716547,-0.8714544996396967,-0.23504898201114324,-1.0261429570291831,-1.583451042530339,-0.5286705114166727,-1.6212222466894273,1.0182812103429508,0.721169072799343,-1.2792177521064305,-0.5862270684386901,1.5194041222078858,0.4857499447014268,-0.4190751380468963,-1.2121882051884687,-0.5182784145999263,-0.3524905740599345,0.4998412097658802,-0.9981764698263215,-1.420654260332087
-0.5989544776353588,-0.3505635500337065,0.4054703595586011,1.3639236847313316,-0.06113709943269602,-1.5538171082201502,0.4894020002522976,-0.11413757415926087,0.805294819163493,-0.8322376537474376,0.6628364893362669,1.5334640264808672,-1.7103164965618276,0.6790315469271652,-0.4190751380468963,0.02473853479976469,1.5068470039704418,0.18128985873050762,-1.374286141990214,-1.2192565295885187,1.3981041927077682
0.90075777654146,0.5424928367383781,0.5611929033632717,-0.6347921486967619,-1.67288049795537,-0.05395765877866427,1.5074745119212678,0.2940023066834877,-0.04216682152950781,1.1095207544360381,0.2977355896606337,1.2685026396159225,-0.8131718802369072,-1.5731968079861274,-1.308831269781283,1.2616652747879982,0.3369754452070238,-1.5760262414302337,0.7001296290375238,0.10722382898466562,-0.7159646470721233
-0.9518330088175138,-0.6869865741199893,-0.8091654821178285,1.3639236847313316,-1.3713416697254317,1.1419149806421764,-0.9649873021319455,-0.5754829511458412,-0.7192393492789423,-0.4438859721107425,-1.2346286458582576,-0.45374637500621784,0.8016884291479495,-1.4059138839998235,1.3604371254218772,-1.2121882051884687,0.5105576239416267,-0.9334100580578443,-1.6246466660797685,-0.9981764698263215,-0.7159646470721233
-0.07437601861577936,0.03305318191348277,1.3086611136256898,-0.5015444264682224,1.2131602761587752,-1.1236470940399916,1.5074745119212678,-1.3283320561908094,-0.9501614365577229,1.1095207544360381,-0.34681980759018205,-1.6460726158984689,-0.8131718802369072,0.11909429958757417,-1.308831269781283,1.2616652747879982,-1.131240483256493,0.6901143232346434,-1.3456735106656934,-1.2192565295885187,-0.7159646470721233
-0.7727187268173871,-1.0763953346630664,-0.06169727185541027,-1.3010307598394597,1.2319299461162543,-0.8282636843029496,1.5074745119212678,-0.7439381376338037,-0.4569297938263468,1.4978724360727331,0.8667985396991963,0.6060991724535608,1.1605462756779177,1.1762748387408057,0.47068099368749056,0.02473853479976469,-1.1972378741295453,1.6779547345676045,0.20656173868954483,-0.3349362905397292,0.6934145794478044
0.18827446712931603,-0.1515475060169052,1.6201062012350307,1.6304191291884107,1.301908172153378,-0.633253277874611,-0.23779265093982396,-0.2098034825351408,1.103475766814734,-0.4438859721107425,1.6354087771058197,1.4009833330483947,-1.7103164965618276,-0.7486672981069207,1.3604371254218772,0.02473853479976469,-0.3889958543965501,1.3438220480676133,-0.03664562756887959,-1.2192565295885187,1.3981041927077682
-1.2076196260918013,-0.966233539385414,-1.2140440960099717,-1.567526204296539,-0.1376439063245951,1.1591217812093826,1.5074745119212678,1.3423412193025053,-1.1609058657247655,1.4978724360727331,0.019164044684424956,-0.056304294708800835,1.5194041222078858,-1.0459436132903968,-1.308831269781283,1.2616652747879982,-1.114063080152548,1.3639254669649157,1.4655175169684478,-0.11385623077753179,-0.7159646470721233
-0.643302981188598,-0.30303008630544354,0.31203683327579884,0.8309327958171733,-1.1777284437509992,-0.7804670160607098,0.7802798607291462,1.4487522115901688,-1.2954235864696861,0.3328173911626478,0.1847176569919975,0.6060991724535608,-1.3514586500318595,-0.4401001283737473,0.47068099368749056,0.02473853479976469,0.25289657738245047,-0.9237049592798362,1.2866885711901945,-0.5560163503019266,-1.420654260332087
0.20105605678798816,0.17029837347469934,1.6201062012350307,-0.9012875931538411,-0.7394974538742012,1.4172237897174778,-0.6741094416550969,-1.1801538828912126,0.6976806425675564,-0.8322376537474376,0.5454037936727621,0.20865709215614384,-1.3514586500318595,0.3508539456076755,-1.308831269781283,1.2616652747879982,1.0349204555357399,0.13068470081660855,-0.05810510106226998,-0.5560163503019266,-0.01127503381215943
-0.2049787490177157,-0.6252319005152311,1.3086611136256898,-1.7007739265250785,-1.4908963066285061,1.3092033194900157,1.3620355816828436,-1.5501660466276324,1.6393046877820017,-1.6089410170208278,-1.4116606419524886,-0.3212656815737455,-0.8131718802369072,1.3970407579625177,-1.308831269781283,-1.2121882051884687,0.767314596653227,-0.6159146837487242,0.020579635080161453,-0.9981764698263215,0.6934145794478044
0.7030129944062838,0.818649641495941,-1.4943446748583786,1.6304191291884107,-1.5008931960623808,1.0893386455757126,-1.1104262323703697,0.3189586306076303,-0.24394340264688893,0.721169072799343,0.7166965978736639,-1.2486305356010519,1.1605462756779177,1.4387872070212666,0.47068099368749056,0.02473853479976469,-0.813910562757297,-0.7926861257767277,-1.431511404639255,-0.777096410064124,1.3981041927077682
1.2852548296517972,1.3069435382905983,0.1874587982320625,-0.5015444264682224,1.60977156308638,0.31885635351080643,-1.4013040928472185,-0.8324984260035041,-0.8739347281356011,-0.05553429047404732,0.09907125489154663,0.8710605593185055,-1.5308875732968434,-0.17506217420716985,1.3604371254218772,0.02473853479976469,-1.6302892471184767,1.1829946968891945,-0.15109615286696168,1.43370418755785,-1.420654260332087
-1.5287076085670572,-1.4120255950588505,-1.7123562361849172,1.0974282402742523,0.07310684439362292,-0.7642161488583482,0.05308520953702465,0.2735519856900931,1.2424774115844854,0.3328173911626478,-1.3935601136735274,-0.18878498814127317,1.1605462756779177,-0.3650753711685222,-0.4190751380468963,0.02473853479976469,-0.3808591897683656,1.5004900711983147,-1.2956014058477825,-0.11385623077753179,0.6934145794478044
-1.0546190091009133,-0.8095899056832215,0.31203683327579884,-0.7680398709253015,0.4766547484794266,-0.2795579328820363,1.3620355816828436,-1.4094401089442727,0.00043045670638376275,-0.05553429047404732,1.2570635884455805,-0.9836691487361071,1.5194041222078858,0.12295696035457586,-1.308831269781283,1.2616652747879982,0.8649545721914412,-1.473429482919863,0.5499133145837911,1.6547842473200474,-1.420654260332087
0.10640692313790204,-0.18971341511662346,-0.09284178061634436,0.8309327958171733,1.4018770664921263,0.6935822325299668,-0.09235372070139966,-1.5912399964194504,1.1864283612741018,1.4978724360727331,-1.0461182659773685,-1.1161498421685794,-1.3514586500318595,-1.408588033761594,0.47068099368749056,-1.2121882051884687,1.6569232626680672,-1.002038970845187,1.4297517278127971,0.9915440680334553,-0.01127503381215943
0.6558604543599578,0.2102439561653328,0.49890388584140344,0.4311896291315546,-1.6404416118332048,-0.7020804801434364,1.216596651444419,-0.21881548839663673,1.2761068417707155,-0.8322376537474376,0.2655078197980929,0.3411377855886162,0.9811173524129336,-0.49194892097696225,-0.4190751380468963,0.02473853479976469,0.8794197537526581,-0.6311655532570225,0.19225542302728457,-1.2192565295885187,0.6934145794478044
-0.5201146049493638,-0.7200885029110125,0.9660715172554148,-1.4342784820679992,-0.7276644010749208,1.0013927760099912,0.05308520953702465,-0.011539353582230237,1.6527564598564937,-0.8322376537474376,0.1723563206063654,0.7385798658860332,-0.0954561871769709,0.2802861046720677,0.47068099368749056,-1.2121882051884687,-1.7035192287721372,-0.31852272833690637,1.479823832630708,1.2126241277956527,-0.7159646470721233
-0.06709928587605081,0.12745677648612203,1.6512507099959648,0.4311896291315546,1.2070397316074233,-0.8884874862881718,-1.2558651626087942,0.07043523819637701,-0.5241886541988072,-1.2205893353841328,-0.04352558984270918,-1.5135919224659964,0.44283058261798136,-0.2845537505641023,1.3604371254218772,-1.2121882051884687,-0.466746205288091,0.42530377086328114,1.0291748892695098,0.328303888746863,-1.420654260332087
-0.8863424141599568,-0.9300576289373556,-0.8091654821178285,1.3639236847313316,0.7934949380877446,-0.39522587002825665,0.7802798607291462,-0.6259155224092127,-0.33137992113108744,-0.4438859721107425,1.754607377967272,1.4009833330483947,-1.7103164965618276,1.5509529331399696,-1.308831269781283,0.02473853479976469,-0.3826673374635177,0.05027102522739909,-0.23693404684052324,0.10722382898466562,-0.01127503381215943
0.5855359072204536,0.6267199341411477,1.5266726749522286,0.4311896291315546,1.703823931025488,-1.6379392443264924,-0.6741094416550969,-1.0688902720627436,0.011640266768460493,-0.4438859721107425,0.29685263706165993,1.2685026396159225,1.1605462756779177,0.8212071759279581,-0.4190751380468963,0.02473853479976469,-0.5517291469602404,-0.9347965007404169,-0.03664562756887959,-1.4403365893507163,-0.01127503381215943
-1.5584854439629676,-1.6251819546980146,0.8103489734507443,-1.567526204296539,0.27426874198138956,-0.7909822830740025,-0.8195483718935213,-0.4602332608017105,-0.7214813112913576,0.3328173911626478,-1.0116831146173932,0.4736184790210885,-0.27488511044195496,1.153990257392719,0.47068099368749056,1.2616652747879982,-1.3274245081804974,0.5445378415645228,0.9218775218025579,-0.11385623077753179,-0.7159646470721233
-1.267020472782777,-1.491544646871108,1.1217940610600854,0.8309327958171733,1.3665819262459968,0.33415128734832317,0.3439630700138733,-0.9848359866237911,0.818746591237985,-1.6089410170208278,0.47918234874973314,-0.8511884553036348,-0.45431403370693907,1.184148724150463,-1.308831269781283,1.2616652747879982,0.733863864292913,-0.5729349605889743,0.06349858206694224,-0.3349362905397292,-0.7159646470721233
0.09856250202840744,0.2189967144624704,-0.8403099908787626,-1.567526204296539,1.0450493191483088,1.6208375964294195,-1.5467430230856427,-1.2513833907580363,-1.2954235864696861,1.4978724360727331,0.08185367921155909,1.5334640264808672,0.08397273608801319,0.19114777927972107,-1.308831269781283,0.02473853479976469,0.07388995556239117,0.6152464183757242,1.1078596254119413,-1.6614166491129136,-1.420654260332087
-0.8942900513366817,-1.0811680956568843,-1.6189227099021148,1.6304191291884107,-1.4770230723121083,0.5683549617352983,-1.2558651626087942,0.21237433051493798,0.22462665794791836,-1.2205893353841328,0.2738958694883432,-1.1161498421685794,1.1605462756779177,-1.6403476797816952,-0.4190751380468963,1.2616652747879982,-0.3826673374635177,0.1986203922626648,-0.015186154075489199,1.6547842473200474,-0.01127503381215943
1.5608761345121533,1.2029620640286698,0.6546264296460739,-1.3010307598394597,1.1042145831447108,-1.7144139135140761,1.0711577212059948,-0.47409788520401197,0.1192544433643971,0.3328173911626478,0.49110220883587835,1.6659447199133395,0.26340165935299725,-1.0521832960678612,-1.308831269781283,-1.2121882051884687,-0.6276713501566292,1.7313327778466487,-1.4815835094571659,-0.9981764698263215,1.3981041927077682
1.1551337742302685,1.4115883454364133,-0.5911539207912898,-1.3010307598394597,0.28018526838102975,-0.8416467514107767,-0.6741094416550969,0.5667887917987685,0.75372969287794,1.1095207544360381,-0.47396498184239777,-1.6460726158984689,1.5194041222078858,-1.0260360539527726,1.3604371254218772,-1.2121882051884687,-1.1484178863604382,-0.8016980032134494,1.7087248832268722,-0.3349362905397292,1.3981041927077682
0.9868227739335685,0.9363346024079167,-1.4320556573365104,-0.7680398709253015,1.3433238569508594,-0.6495041450769726,-0.23779265093982396,0.23005172662787232,0.24032039203482577,-1.2205893353841328,-1.3807573009884084,-0.5862270684386901,-1.5308875732968434,1.6812434520884496,0.47068099368749056,-1.2121882051884687,0.14440771567332364,1.3472881547740447,-0.2512403625027835,-1.4403365893507163,-0.01127503381215943
1.1154127910245162,0.4907366929443982,1.4332391486694263,-0.3682967042396828,-0.0848032050312568,0.20127654963489644,0.05308520953702465,0.7466822934186297,0.3187890624693629,-1.6089410170208278,0.16396827091611507,1.2685026396159225,-1.1720297267668753,-1.1370132690662444,-0.4190751380468963,0.02473853479976469,1.1099585848845528,-1.5947432176449634,1.694418567564612,-1.4403365893507163,-0.7159646470721233
-1.478011316879161,-1.4108768966501688,-0.9025990084006308,-0.23504898201114324,0.9375317531962267,-0.16866966256003987,1.0711577212059948,-1.1856997326521332,-1.5554911799098663,0.721169072799343,-1.1573702934480572,1.1360219461834502,0.8016884291479495,-1.3503509945052607,0.47068099368749056,1.2616652747879982,-0.9920131107297803,-1.1295916976418638,1.7444906723825229,-0.5560163503019266,-0.7159646470721233
-0.5822334747440677,-0.24781166843459218,-0.310853341942883,-1.567526204296539,1.199695078145801,0.2672359518091874,0.7802798607291462,-0.6461925355975785,0.32327298649419356,-1.2205893353841328,0.04123785965876796,1.0035412527509777,0.9811173524129336,0.3622933640330267,-0.4190751380468963,1.2616652747879982,-0.9992457015103887,1.2814321273518474,1.3009948868524548,0.10722382898466562,-0.01127503381215943
1.652876055769998,2.162626779653463,-1.2763331135318399,-0.7680398709253015,0.35873225679004617,0.4450395576703196,-1.6921819533240672,1.3097593519570967,0.37483811277974655,-0.4438859721107425,-0.47528941074085834,-0.45374637500621784,-0.45431403370693907,0.617377538530792,-0.4190751380468963,0.02473853479976469,-1.6094955486242273,-0.4932145063410511,-0.8878714094733651,0.7704640082712578,1.3981041927077682
